2026-08-04 19:32:49,260 [INFO] django.utils.autoreload: Watching for file changes with StatReloader
2026-08-04 19:32:55,877 [INFO] tutor_platform: {'availability': [{'day_of_week': 'Monday', 'start_time': '09:00:00', 'end_time': '11:00:00', 'is_booked': False}, {'day_of_week': 'Tuesday', 'start_time': '13:00:00', 'end_time': '16:00:00', 'is_booked': False}, {'day_of_week': 'Monday', 'start_time': '08:00:00', 'end_time': '11:00:00', 'is_booked': False}]}
2026-08-04 19:32:55,922 [INFO] django.server: "PATCH /api/v1/tutors/my-profile/ HTTP/1.1" 200 728
2026-08-04 19:35:36,548 [INFO] django.utils.autoreload: Watching for file changes with StatReloader
2026-08-04 19:35:46,261 [WARNING] django.server: "PATCH /api/v1/tutors/my-profile/ HTTP/1.1" 400 77
2026-08-04 19:36:42,274 [ERROR] django.server: "PATCH /api/v1/tutors/my-profile/ HTTP/1.1" 500 145192
2026-08-04 19:37:57,446 [INFO] django.utils.autoreload: C:\Users\Mictovic\projects\tutor_platform\tutor_platform\tutors\serializers.py changed, reloading.
2026-08-04 19:38:00,097 [INFO] django.utils.autoreload: Watching for file changes with StatReloader
2026-08-04 19:38:04,848 [INFO] django.utils.autoreload: C:\Users\Mictovic\projects\tutor_platform\tutor_platform\tutors\models.py changed, reloading.
2026-08-04 19:38:06,336 [INFO] django.utils.autoreload: Watching for file changes with StatReloader
2026-08-04 19:38:08,099 [INFO] django.utils.autoreload: C:\Users\Mictovic\projects\tutor_platform\tutor_platform\tutors\models.py changed, reloading.
2026-08-04 19:38:09,520 [INFO] django.utils.autoreload: Watching for file changes with StatReloader
2026-08-04 19:39:20,134 [INFO] django.utils.autoreload: Watching for file changes with StatReloader
2026-08-04 19:39:30,061 [INFO] django.server: "PATCH /api/v1/tutors/my-profile/ HTTP/1.1" 200 1104
2026-08-04 19:45:54,549 [INFO] django.utils.autoreload: C:\Users\Mictovic\projects\tutor_platform\tutor_platform\tutors\views.py changed, reloading.
2026-08-04 19:45:56,182 [INFO] django.utils.autoreload: Watching for file changes with StatReloader
2026-08-04 19:45:59,810 [INFO] django.utils.autoreload: C:\Users\Mictovic\projects\tutor_platform\tutor_platform\tutors\views.py changed, reloading.
2026-08-04 19:46:01,024 [INFO] django.utils.autoreload: Watching for file changes with StatReloader
2026-08-04 19:46:10,723 [INFO] django.server: "PATCH /api/v1/tutors/my-profile/ HTTP/1.1" 200 1104
2026-08-04 22:49:57,402 [INFO] django.utils.autoreload: Watching for file changes with StatReloader
2026-08-04 22:53:53,735 [INFO] django.utils.autoreload: C:\Users\Mictovic\projects\tutor_platform\tutor_platform\tutors\views.py changed, reloading.
2026-08-04 22:53:57,174 [INFO] django.utils.autoreload: Watching for file changes with StatReloader
2026-08-04 22:54:26,303 [INFO] django.utils.autoreload: C:\Users\Mictovic\projects\tutor_platform\tutor_platform\tutors\views.py changed, reloading.
2026-08-04 22:54:29,382 [INFO] django.utils.autoreload: Watching for file changes with StatReloader
2026-08-05 15:37:29,757 [INFO] django.utils.autoreload: Watching for file changes with StatReloader
2026-08-05 15:38:10,388 [INFO] django.utils.autoreload: Watching for file changes with StatReloader
2026-08-05 15:38:23,206 [WARNING] django.server: "GET /api/auth/login/ HTTP/1.1" 404 3027
2026-08-05 15:39:21,390 [WARNING] django.server: "GET /api/v1/auth/login/ HTTP/1.1" 405 40
2026-08-05 15:39:28,874 [WARNING] django.server: "POST /api/v1/auth/login/ HTTP/1.1" 401 63
2026-08-05 15:39:43,376 [INFO] django.server: "POST /api/v1/auth/login/ HTTP/1.1" 200 709
2026-08-05 15:40:12,741 [WARNING] django.server: "GET /api/v1/tutors/ HTTP/1.1" 401 176
2026-08-05 15:40:35,292 [INFO] django.server: "GET /api/v1/tutors/ HTTP/1.1" 200 746
2026-08-05 15:40:48,609 [INFO] django.server: "GET /api/v1/tutors/1/ HTTP/1.1" 200 1104
2026-08-05 15:44:12,835 [INFO] django.utils.autoreload: Watching for file changes with StatReloader
2026-08-05 15:44:21,696 [INFO] django.utils.autoreload: Watching for file changes with StatReloader
2026-08-05 15:45:10,898 [WARNING] django.server: "GET /api/v1/tutors/book/ HTTP/1.1" 404 23
2026-08-05 15:45:22,198 [WARNING] django.server: "GET /api/v1/tutors/bookings/ HTTP/1.1" 404 23
2026-08-05 15:45:37,154 [INFO] django.server: "GET /api/v1/bookings/ HTTP/1.1" 200 52
2026-08-05 15:45:46,902 [WARNING] django.server: "POST /api/v1/bookings/ HTTP/1.1" 403 63
2026-08-05 15:46:44,350 [INFO] django.server: "POST /api/v1/auth/login/ HTTP/1.1" 200 707
2026-08-05 15:46:53,207 [WARNING] django.server: "POST /api/v1/bookings/ HTTP/1.1" 401 176
2026-08-05 19:48:29,800 [INFO] django.utils.autoreload: Watching for file changes with StatReloader
2026-08-05 19:55:43,516 [INFO] django.utils.autoreload: Watching for file changes with StatReloader
2026-08-05 20:06:49,162 [INFO] django.utils.autoreload: C:\Users\Mictovic\projects\tutor_platform\tutor_platform\tutors\serializers.py changed, reloading.
2026-08-05 20:06:54,552 [INFO] django.utils.autoreload: Watching for file changes with StatReloader
2026-08-05 20:07:04,878 [INFO] django.utils.autoreload: C:\Users\Mictovic\projects\tutor_platform\tutor_platform\bookings\serializers.py changed, reloading.
2026-08-05 20:07:07,383 [INFO] django.utils.autoreload: Watching for file changes with StatReloader
2026-08-05 20:07:16,720 [INFO] django.utils.autoreload: C:\Users\Mictovic\projects\tutor_platform\tutor_platform\bookings\serializers.py changed, reloading.
2026-08-05 20:07:20,141 [INFO] django.utils.autoreload: Watching for file changes with StatReloader
2026-08-05 20:07:23,860 [INFO] django.utils.autoreload: C:\Users\Mictovic\projects\tutor_platform\tutor_platform\bookings\serializers.py changed, reloading.
2026-08-05 20:07:26,990 [INFO] django.utils.autoreload: Watching for file changes with StatReloader
2026-08-05 20:10:50,142 [INFO] django.server: "POST /api/v1/auth/login/ HTTP/1.1" 200 709
2026-08-05 20:11:55,794 [ERROR] django.server: "POST /api/v1/bookings HTTP/1.1" 500 84641
2026-08-05 20:12:05,936 [WARNING] django.server: "POST /api/v1/bookings/ HTTP/1.1" 403 63
2026-08-05 20:12:29,557 [INFO] django.server: "POST /api/v1/auth/login/ HTTP/1.1" 200 707
2026-08-05 20:12:48,776 [WARNING] django.server: "POST /api/v1/bookings/ HTTP/1.1" 403 63
2026-08-05 20:13:23,393 [WARNING] django.server: "POST /api/v1/bookings/ HTTP/1.1" 403 63
2026-08-05 20:13:54,300 [INFO] django.utils.autoreload: C:\Users\Mictovic\projects\tutor_platform\tutor_platform\bookings\views.py changed, reloading.
2026-08-05 20:13:58,458 [INFO] django.utils.autoreload: Watching for file changes with StatReloader
2026-08-05 20:14:26,607 [INFO] django.server: "GET /admin/ HTTP/1.1" 302 0
2026-08-05 20:14:28,303 [INFO] django.server: "GET /admin/login/?next=/admin/ HTTP/1.1" 200 4178
2026-08-05 20:14:29,228 [INFO] django.server: "GET /static/admin/css/base.css HTTP/1.1" 200 21310
2026-08-05 20:14:29,254 [INFO] django.server: "GET /static/admin/css/dark_mode.css HTTP/1.1" 200 2929
2026-08-05 20:14:29,401 [INFO] django.server: "GET /static/admin/js/nav_sidebar.js HTTP/1.1" 200 3063
2026-08-05 20:14:29,558 [INFO] django.server: "GET /static/admin/css/responsive.css HTTP/1.1" 200 18559
2026-08-05 20:14:29,576 [INFO] django.server: "GET /static/admin/css/login.css HTTP/1.1" 200 958
2026-08-05 20:14:29,583 [INFO] django.server: "GET /static/admin/css/nav_sidebar.css HTTP/1.1" 200 2694
2026-08-05 20:14:29,673 [INFO] django.server: "GET /static/admin/js/theme.js HTTP/1.1" 200 1943
2026-08-05 20:14:29,913 [WARNING] django.server: "GET /favicon.ico HTTP/1.1" 404 3015
2026-08-05 20:14:44,407 [INFO] django.server: "POST /admin/login/?next=/admin/ HTTP/1.1" 302 0
2026-08-05 20:14:46,673 [INFO] django.server: "GET /admin/ HTTP/1.1" 200 11866
2026-08-05 20:14:46,777 [INFO] django.server: "GET /static/admin/css/dashboard.css HTTP/1.1" 200 441
2026-08-05 20:14:46,812 [INFO] django.server: "GET /static/admin/img/icon-addlink.svg HTTP/1.1" 200 331
2026-08-05 20:14:46,851 [INFO] django.server: "GET /static/admin/img/icon-changelink.svg HTTP/1.1" 200 380
2026-08-05 20:15:02,711 [INFO] django.server: "GET /admin/users/user/ HTTP/1.1" 200 16012
2026-08-05 20:15:02,875 [INFO] django.server: "GET /static/admin/css/changelists.css HTTP/1.1" 200 6566
2026-08-05 20:15:02,999 [INFO] django.server: "GET /static/admin/js/jquery.init.js HTTP/1.1" 200 347
2026-08-05 20:15:03,066 [INFO] django.server: "GET /static/admin/js/core.js HTTP/1.1" 200 5682
2026-08-05 20:15:03,101 [INFO] django.server: "GET /static/admin/js/urlify.js HTTP/1.1" 200 7887
2026-08-05 20:15:03,117 [INFO] django.server: "GET /static/admin/js/admin/RelatedObjectLookups.js HTTP/1.1" 200 8943
2026-08-05 20:15:03,134 [INFO] django.server: "GET /static/admin/js/actions.js HTTP/1.1" 200 7872
2026-08-05 20:15:03,164 [INFO] django.server: "GET /static/admin/js/prepopulate.js HTTP/1.1" 200 1531
2026-08-05 20:15:03,164 [INFO] django.server: "GET /static/admin/img/search.svg HTTP/1.1" 200 458
2026-08-05 20:15:03,189 [INFO] django.server: "GET /static/admin/img/icon-yes.svg HTTP/1.1" 200 436
2026-08-05 20:15:03,317 [INFO] django.server: "GET /static/admin/js/vendor/jquery/jquery.js HTTP/1.1" 200 292458
2026-08-05 20:15:03,389 [INFO] django.server: "GET /static/admin/js/vendor/xregexp/xregexp.js HTTP/1.1" 200 232381
2026-08-05 20:15:03,466 [INFO] django.server: "GET /static/admin/js/filters.js HTTP/1.1" 200 978
2026-08-05 20:15:05,137 [INFO] django.server: "GET /admin/jsi18n/ HTTP/1.1" 200 3343
2026-08-05 20:15:05,380 [INFO] django.server: "GET /static/admin/img/sorting-icons.svg HTTP/1.1" 200 1097
2026-08-05 20:15:05,406 [INFO] django.server: "GET /static/admin/img/tooltag-add.svg HTTP/1.1" 200 331
2026-08-05 20:15:13,893 [INFO] django.server: "GET /admin/users/user/3/change/ HTTP/1.1" 200 25863
2026-08-05 20:15:13,960 [INFO] django.server: "GET /static/admin/css/forms.css HTTP/1.1" 200 9090
2026-08-05 20:15:13,978 [INFO] django.server: "GET /static/admin/css/widgets.css HTTP/1.1" 200 11921
2026-08-05 20:15:13,984 [INFO] django.server: "GET /static/admin/js/prepopulate_init.js HTTP/1.1" 200 586
2026-08-05 20:15:14,050 [INFO] django.server: "GET /static/admin/js/SelectBox.js HTTP/1.1" 200 4530
2026-08-05 20:15:14,058 [INFO] django.server: "GET /static/admin/js/SelectFilter2.js HTTP/1.1" 200 15292
2026-08-05 20:15:14,071 [INFO] django.server: "GET /static/admin/js/change_form.js HTTP/1.1" 200 606
2026-08-05 20:15:16,172 [INFO] django.server: "GET /admin/jsi18n/ HTTP/1.1" 200 3343
2026-08-05 20:15:16,569 [INFO] django.server: "GET /static/admin/img/selector-icons.svg HTTP/1.1" 200 3291
2026-08-05 20:15:16,570 [INFO] django.server: "GET /static/admin/img/icon-unknown-alt.svg HTTP/1.1" 200 655
2026-08-05 20:15:16,579 [INFO] django.server: "GET /static/admin/img/icon-unknown.svg HTTP/1.1" 200 655
2026-08-05 20:15:25,245 [INFO] django.server: "POST /admin/users/user/3/change/ HTTP/1.1" 302 0
2026-08-05 20:15:27,517 [INFO] django.server: "GET /admin/users/user/ HTTP/1.1" 200 16242
2026-08-05 20:15:29,870 [INFO] django.server: "GET /admin/jsi18n/ HTTP/1.1" 200 3343
2026-08-05 20:15:36,613 [WARNING] django.server: "POST /api/v1/bookings/ HTTP/1.1" 400 130
2026-08-05 20:15:47,197 [INFO] django.server: "GET /admin/tutors/availability/ HTTP/1.1" 200 12803
2026-08-05 20:15:49,497 [INFO] django.server: "GET /admin/jsi18n/ HTTP/1.1" 200 3343
2026-08-05 20:15:53,662 [INFO] django.server: "GET /admin/tutors/availability/34/change/ HTTP/1.1" 200 16144
2026-08-05 20:15:53,769 [INFO] django.server: "GET /static/admin/img/icon-viewlink.svg HTTP/1.1" 200 581
2026-08-05 20:15:53,826 [INFO] django.server: "GET /static/admin/js/admin/DateTimeShortcuts.js HTTP/1.1" 200 19319
2026-08-05 20:15:53,833 [INFO] django.server: "GET /static/admin/js/calendar.js HTTP/1.1" 200 8466
2026-08-05 20:15:55,956 [INFO] django.server: "GET /admin/jsi18n/ HTTP/1.1" 200 3343
2026-08-05 20:15:56,097 [INFO] django.server: "GET /static/admin/img/icon-clock.svg HTTP/1.1" 200 677
2026-08-05 20:16:37,492 [INFO] django.utils.autoreload: C:\Users\Mictovic\projects\tutor_platform\tutor_platform\bookings\models.py changed, reloading.
2026-08-05 20:16:42,058 [INFO] django.utils.autoreload: Watching for file changes with StatReloader
2026-08-05 20:16:46,418 [INFO] django.utils.autoreload: C:\Users\Mictovic\projects\tutor_platform\tutor_platform\bookings\models.py changed, reloading.
2026-08-05 20:16:50,001 [INFO] django.utils.autoreload: Watching for file changes with StatReloader
2026-08-05 20:20:28,445 [INFO] django.utils.autoreload: Watching for file changes with StatReloader
2026-08-05 20:23:00,345 [ERROR] django.server: "POST /api/v1/bookings/ HTTP/1.1" 500 127269
2026-08-05 20:23:48,295 [INFO] django.utils.autoreload: C:\Users\Mictovic\projects\tutor_platform\tutor_platform\bookings\models.py changed, reloading.
2026-08-05 20:23:51,623 [INFO] django.utils.autoreload: Watching for file changes with StatReloader
2026-08-05 20:31:16,521 [INFO] django.utils.autoreload: Watching for file changes with StatReloader
2026-08-05 20:33:32,074 [ERROR] django.server: "POST /api/v1/bookings/ HTTP/1.1" 500 126335
2026-08-05 20:33:58,767 [INFO] django.utils.autoreload: C:\Users\Mictovic\projects\tutor_platform\tutor_platform\bookings\serializers.py changed, reloading.
2026-08-05 20:34:01,317 [INFO] django.utils.autoreload: Watching for file changes with StatReloader
2026-08-05 20:34:07,796 [INFO] django.utils.autoreload: C:\Users\Mictovic\projects\tutor_platform\tutor_platform\bookings\serializers.py changed, reloading.
2026-08-05 20:34:09,858 [INFO] django.utils.autoreload: Watching for file changes with StatReloader
2026-08-05 20:34:25,183 [ERROR] django.server: "POST /api/v1/bookings/ HTTP/1.1" 500 126591
2026-08-05 20:35:32,972 [INFO] django.utils.autoreload: C:\Users\Mictovic\projects\tutor_platform\tutor_platform\bookings\serializers.py changed, reloading.
2026-08-05 20:35:36,187 [INFO] django.utils.autoreload: Watching for file changes with StatReloader
2026-08-05 20:35:47,470 [ERROR] django.server: "POST /api/v1/bookings/ HTTP/1.1" 500 126889
2026-08-05 20:36:59,111 [INFO] django.utils.autoreload: C:\Users\Mictovic\projects\tutor_platform\tutor_platform\tutors\models.py changed, reloading.
2026-08-05 20:37:02,203 [INFO] django.utils.autoreload: Watching for file changes with StatReloader
2026-08-05 20:37:05,918 [INFO] django.utils.autoreload: C:\Users\Mictovic\projects\tutor_platform\tutor_platform\tutors\models.py changed, reloading.
2026-08-05 20:37:08,152 [INFO] django.utils.autoreload: Watching for file changes with StatReloader
2026-08-05 20:37:15,139 [INFO] django.utils.autoreload: C:\Users\Mictovic\projects\tutor_platform\tutor_platform\tutors\models.py changed, reloading.
2026-08-05 20:37:17,707 [INFO] django.utils.autoreload: Watching for file changes with StatReloader
2026-08-05 20:37:40,185 [INFO] django.utils.autoreload: C:\Users\Mictovic\projects\tutor_platform\tutor_platform\bookings\serializers.py changed, reloading.
2026-08-05 20:37:42,190 [INFO] django.utils.autoreload: Watching for file changes with StatReloader
2026-08-05 20:37:47,007 [INFO] django.utils.autoreload: C:\Users\Mictovic\projects\tutor_platform\tutor_platform\bookings\serializers.py changed, reloading.
2026-08-05 20:37:49,194 [INFO] django.utils.autoreload: Watching for file changes with StatReloader
2026-08-05 20:38:11,502 [INFO] django.utils.autoreload: C:\Users\Mictovic\projects\tutor_platform\tutor_platform\bookings\serializers.py changed, reloading.
2026-08-05 20:38:14,452 [INFO] django.utils.autoreload: Watching for file changes with StatReloader
2026-08-05 20:38:20,842 [INFO] django.utils.autoreload: C:\Users\Mictovic\projects\tutor_platform\tutor_platform\bookings\serializers.py changed, reloading.
2026-08-05 20:38:23,508 [INFO] django.utils.autoreload: Watching for file changes with StatReloader
2026-08-05 20:38:29,387 [INFO] django.utils.autoreload: C:\Users\Mictovic\projects\tutor_platform\tutor_platform\bookings\serializers.py changed, reloading.
2026-08-05 20:38:31,591 [INFO] django.utils.autoreload: Watching for file changes with StatReloader
2026-08-05 20:38:44,134 [ERROR] django.server: "POST /api/v1/bookings/ HTTP/1.1" 500 136827
2026-08-05 20:39:19,111 [INFO] django.utils.autoreload: C:\Users\Mictovic\projects\tutor_platform\tutor_platform\bookings\serializers.py changed, reloading.
2026-08-05 20:39:21,523 [INFO] django.utils.autoreload: Watching for file changes with StatReloader
2026-08-05 20:39:36,506 [INFO] django.utils.autoreload: C:\Users\Mictovic\projects\tutor_platform\tutor_platform\bookings\serializers.py changed, reloading.
2026-08-05 20:39:39,245 [INFO] django.utils.autoreload: Watching for file changes with StatReloader
2026-08-05 20:39:42,781 [INFO] django.utils.autoreload: C:\Users\Mictovic\projects\tutor_platform\tutor_platform\bookings\serializers.py changed, reloading.
2026-08-05 20:39:45,778 [INFO] django.utils.autoreload: Watching for file changes with StatReloader
2026-08-05 20:39:53,788 [INFO] django.utils.autoreload: C:\Users\Mictovic\projects\tutor_platform\tutor_platform\bookings\models.py changed, reloading.
2026-08-05 20:39:56,445 [INFO] django.utils.autoreload: Watching for file changes with StatReloader
2026-08-05 20:39:59,204 [INFO] django.utils.autoreload: C:\Users\Mictovic\projects\tutor_platform\tutor_platform\bookings\models.py changed, reloading.
2026-08-05 20:40:01,944 [INFO] django.utils.autoreload: Watching for file changes with StatReloader
2026-08-05 20:40:43,118 [INFO] django.utils.autoreload: Watching for file changes with StatReloader
2026-08-05 20:42:47,404 [ERROR] django.server: "POST /api/v1/bookings/ HTTP/1.1" 500 213617
2026-08-05 20:43:10,405 [INFO] django.utils.autoreload: C:\Users\Mictovic\projects\tutor_platform\tutor_platform\bookings\serializers.py changed, reloading.
2026-08-05 20:43:13,222 [INFO] django.utils.autoreload: Watching for file changes with StatReloader
2026-08-05 20:43:30,129 [INFO] django.utils.autoreload: C:\Users\Mictovic\projects\tutor_platform\tutor_platform\bookings\serializers.py changed, reloading.
2026-08-05 20:43:33,275 [INFO] django.utils.autoreload: Watching for file changes with StatReloader
2026-08-05 20:43:58,712 [ERROR] django.server: "POST /api/v1/bookings/ HTTP/1.1" 500 158279
2026-08-05 20:45:05,900 [INFO] django.utils.autoreload: C:\Users\Mictovic\projects\tutor_platform\tutor_platform\bookings\serializers.py changed, reloading.
2026-08-05 20:45:08,523 [INFO] django.utils.autoreload: Watching for file changes with StatReloader
2026-08-05 20:45:23,000 [WARNING] django.server: "POST /api/v1/bookings/ HTTP/1.1" 400 68
2026-08-05 20:46:11,144 [INFO] django.utils.autoreload: C:\Users\Mictovic\projects\tutor_platform\tutor_platform\bookings\serializers.py changed, reloading.
2026-08-05 20:46:13,971 [INFO] django.utils.autoreload: Watching for file changes with StatReloader
2026-08-05 20:46:35,530 [INFO] django.utils.autoreload: C:\Users\Mictovic\projects\tutor_platform\tutor_platform\bookings\serializers.py changed, reloading.
2026-08-05 20:46:38,514 [INFO] django.utils.autoreload: Watching for file changes with StatReloader
2026-08-05 20:46:41,587 [INFO] django.utils.autoreload: C:\Users\Mictovic\projects\tutor_platform\tutor_platform\bookings\serializers.py changed, reloading.
2026-08-05 20:46:44,292 [INFO] django.utils.autoreload: Watching for file changes with StatReloader
2026-08-05 20:46:46,795 [INFO] django.utils.autoreload: C:\Users\Mictovic\projects\tutor_platform\tutor_platform\bookings\serializers.py changed, reloading.
2026-08-05 20:46:48,795 [INFO] django.utils.autoreload: Watching for file changes with StatReloader
2026-08-05 20:46:51,989 [INFO] django.utils.autoreload: C:\Users\Mictovic\projects\tutor_platform\tutor_platform\bookings\serializers.py changed, reloading.
2026-08-05 20:46:54,842 [INFO] django.utils.autoreload: Watching for file changes with StatReloader
2026-08-05 20:46:59,666 [INFO] django.utils.autoreload: C:\Users\Mictovic\projects\tutor_platform\tutor_platform\bookings\serializers.py changed, reloading.
2026-08-05 20:47:02,267 [INFO] django.utils.autoreload: Watching for file changes with StatReloader
2026-08-05 20:47:10,963 [WARNING] django.server: "POST /api/v1/bookings/ HTTP/1.1" 400 59
2026-08-05 20:47:57,438 [INFO] django.server: "GET /admin/tutors/availability/ HTTP/1.1" 200 12803
2026-08-05 20:48:01,697 [INFO] django.server: "GET /admin/tutors/availability/36/change/ HTTP/1.1" 200 16147
2026-08-05 20:48:03,967 [INFO] django.server: "GET /admin/jsi18n/ HTTP/1.1" 200 3343
2026-08-05 20:48:12,383 [ERROR] django.server: "POST /api/v1/bookings/ HTTP/1.1" 500 151941
2026-08-05 20:48:46,062 [INFO] django.utils.autoreload: C:\Users\Mictovic\projects\tutor_platform\tutor_platform\bookings\serializers.py changed, reloading.
2026-08-05 20:48:49,729 [INFO] django.utils.autoreload: Watching for file changes with StatReloader
2026-08-05 20:48:56,155 [INFO] django.server: "GET /admin/bookings/booking/ HTTP/1.1" 200 15977
2026-08-05 20:48:58,538 [INFO] django.server: "GET /admin/jsi18n/ HTTP/1.1" 200 3343
2026-08-05 20:49:11,219 [INFO] django.server: "POST /admin/bookings/booking/ HTTP/1.1" 200 10942
2026-08-05 20:49:12,725 [INFO] django.server: "GET /static/admin/js/cancel.js HTTP/1.1" 200 884
2026-08-05 20:49:15,071 [INFO] django.server: "POST /admin/bookings/booking/ HTTP/1.1" 302 0
2026-08-05 20:49:17,389 [INFO] django.server: "GET /admin/bookings/booking/ HTTP/1.1" 200 15593
2026-08-05 20:49:19,726 [INFO] django.server: "GET /admin/jsi18n/ HTTP/1.1" 200 3343
2026-08-05 20:49:28,488 [WARNING] django.server: "POST /api/v1/bookings/ HTTP/1.1" 400 59
2026-08-05 20:49:43,350 [INFO] django.server: "GET /admin/tutors/availability/ HTTP/1.1" 200 12803
2026-08-05 20:49:45,611 [INFO] django.server: "GET /admin/jsi18n/ HTTP/1.1" 200 3343
2026-08-05 20:49:52,603 [INFO] django.server: "GET /admin/tutors/availability/35/change/ HTTP/1.1" 200 16144
2026-08-05 20:49:54,790 [INFO] django.server: "GET /admin/jsi18n/ HTTP/1.1" 200 3343
2026-08-05 20:50:01,295 [INFO] django.server: "POST /api/v1/bookings/ HTTP/1.1" 201 1364
2026-08-05 22:32:14,645 [INFO] django.utils.autoreload: Watching for file changes with StatReloader
2026-08-05 22:32:28,090 [ERROR] django.server: "GET /api/v1/bookings/ HTTP/1.1" 500 185720
2026-08-05 22:33:00,184 [INFO] django.utils.autoreload: C:\Users\Mictovic\projects\tutor_platform\tutor_platform\bookings\views.py changed, reloading.
2026-08-05 22:33:04,536 [INFO] django.utils.autoreload: Watching for file changes with StatReloader
2026-08-05 22:33:15,305 [INFO] django.utils.autoreload: C:\Users\Mictovic\projects\tutor_platform\tutor_platform\bookings\views.py changed, reloading.
2026-08-05 22:33:18,323 [INFO] django.utils.autoreload: Watching for file changes with StatReloader
2026-08-05 22:33:21,665 [INFO] django.utils.autoreload: C:\Users\Mictovic\projects\tutor_platform\tutor_platform\bookings\views.py changed, reloading.
2026-08-05 22:33:24,449 [INFO] django.utils.autoreload: Watching for file changes with StatReloader
2026-08-05 22:33:33,574 [INFO] django.server: "GET /api/v1/bookings/ HTTP/1.1" 200 2565
2026-08-05 22:34:04,478 [WARNING] django.server: "POST /api/v1/bookings/2/accept/ HTTP/1.1" 405 41
2026-08-05 22:34:13,989 [INFO] django.server: "PATCH /api/v1/bookings/2/accept/ HTTP/1.1" 200 1364
2026-08-05 22:34:34,469 [INFO] django.server: "PATCH /api/v1/bookings/2/accept/ HTTP/1.1" 200 1364
2026-08-05 22:35:01,376 [INFO] django.utils.autoreload: C:\Users\Mictovic\projects\tutor_platform\tutor_platform\bookings\views.py changed, reloading.
2026-08-05 22:35:05,428 [INFO] django.utils.autoreload: Watching for file changes with StatReloader
2026-08-05 22:35:18,192 [INFO] django.server: "PATCH /api/v1/bookings/2/accept/ HTTP/1.1" 200 1364
2026-08-05 22:35:45,197 [WARNING] django.server: "PATCH /api/v1/bookings/2/accpt/ HTTP/1.1" 404 14981
2026-08-05 22:41:37,244 [INFO] django.utils.autoreload: C:\Users\Mictovic\projects\tutor_platform\tutor_platform\tutors\serializers.py changed, reloading.
2026-08-05 22:41:40,581 [INFO] django.utils.autoreload: Watching for file changes with StatReloader
2026-08-05 22:41:45,136 [INFO] django.utils.autoreload: C:\Users\Mictovic\projects\tutor_platform\tutor_platform\tutors\serializers.py changed, reloading.
2026-08-05 22:41:47,996 [INFO] django.utils.autoreload: Watching for file changes with StatReloader
2026-08-05 22:42:02,059 [INFO] django.utils.autoreload: C:\Users\Mictovic\projects\tutor_platform\tutor_platform\tutors\serializers.py changed, reloading.
2026-08-05 22:42:05,525 [INFO] django.utils.autoreload: Watching for file changes with StatReloader
2026-08-05 22:42:10,957 [INFO] django.utils.autoreload: C:\Users\Mictovic\projects\tutor_platform\tutor_platform\tutors\serializers.py changed, reloading.
2026-08-05 22:42:12,943 [INFO] django.utils.autoreload: Watching for file changes with StatReloader
2026-08-05 22:42:16,034 [INFO] django.utils.autoreload: C:\Users\Mictovic\projects\tutor_platform\tutor_platform\tutors\serializers.py changed, reloading.
2026-08-05 22:42:18,444 [INFO] django.utils.autoreload: Watching for file changes with StatReloader
2026-08-05 22:44:08,436 [INFO] django.utils.autoreload: C:\Users\Mictovic\projects\tutor_platform\tutor_platform\bookings\serializers.py changed, reloading.
2026-08-05 22:44:12,470 [INFO] django.utils.autoreload: Watching for file changes with StatReloader
2026-08-05 22:44:21,828 [INFO] django.utils.autoreload: C:\Users\Mictovic\projects\tutor_platform\tutor_platform\bookings\views.py changed, reloading.
2026-08-05 22:44:24,815 [INFO] django.utils.autoreload: Watching for file changes with StatReloader
2026-08-05 22:44:39,927 [INFO] django.utils.autoreload: C:\Users\Mictovic\projects\tutor_platform\tutor_platform\bookings\views.py changed, reloading.
2026-08-05 22:44:43,280 [INFO] django.utils.autoreload: Watching for file changes with StatReloader
2026-08-05 22:46:05,130 [INFO] django.utils.autoreload: C:\Users\Mictovic\projects\tutor_platform\tutor_platform\bookings\views.py changed, reloading.
2026-08-05 22:46:08,884 [INFO] django.utils.autoreload: Watching for file changes with StatReloader
2026-08-05 22:47:08,339 [WARNING] django.server: "PATCH /api/v1/bookings/2/accept/ HTTP/1.1" 404 14988
2026-08-05 22:47:33,498 [WARNING] django.server: "PATCH /api/v1/bookings/2/respond/ HTTP/1.1" 403 63
2026-08-05 22:47:52,616 [INFO] django.server: "POST /api/v1/auth/login/ HTTP/1.1" 200 709
2026-08-05 22:48:09,780 [WARNING] django.server: "PATCH /api/v1/bookings/2/respond/ HTTP/1.1" 404 48
2026-08-05 22:48:31,454 [INFO] django.server: "GET /admin/tutors/availability/35/change/ HTTP/1.1" 302 0
2026-08-05 22:48:31,613 [INFO] django.server: "GET /admin/login/?next=/admin/tutors/availability/35/change/ HTTP/1.1" 200 4238
2026-08-05 22:48:33,233 [INFO] django.server: "GET /static/admin/css/nav_sidebar.css HTTP/1.1" 200 2694
2026-08-05 22:48:33,233 [INFO] django.server: "GET /static/admin/css/dark_mode.css HTTP/1.1" 200 2929
2026-08-05 22:48:33,261 [INFO] django.server: "GET /static/admin/css/base.css HTTP/1.1" 200 21310
2026-08-05 22:48:33,277 [INFO] django.server: "GET /static/admin/js/nav_sidebar.js HTTP/1.1" 200 3063
2026-08-05 22:48:33,278 [INFO] django.server: "GET /static/admin/js/theme.js HTTP/1.1" 200 1943
2026-08-05 22:48:33,292 [INFO] django.server: "GET /static/admin/css/responsive.css HTTP/1.1" 200 18559
2026-08-05 22:48:33,297 [INFO] django.server: "GET /static/admin/css/login.css HTTP/1.1" 200 958
2026-08-05 22:48:33,614 [WARNING] django.server: "GET /favicon.ico HTTP/1.1" 404 3015
2026-08-05 22:48:38,680 [INFO] django.server: "POST /admin/login/?next=/admin/tutors/availability/35/change/ HTTP/1.1" 302 0
2026-08-05 22:48:41,294 [INFO] django.server: "GET /admin/tutors/availability/35/change/ HTTP/1.1" 200 16152
2026-08-05 22:48:41,478 [INFO] django.server: "GET /static/admin/js/jquery.init.js HTTP/1.1" 200 347
2026-08-05 22:48:41,481 [INFO] django.server: "GET /static/admin/js/calendar.js HTTP/1.1" 200 8466
2026-08-05 22:48:41,496 [INFO] django.server: "GET /static/admin/js/core.js HTTP/1.1" 200 5682
2026-08-05 22:48:41,518 [INFO] django.server: "GET /static/admin/js/admin/RelatedObjectLookups.js HTTP/1.1" 200 8943
2026-08-05 22:48:41,520 [INFO] django.server: "GET /static/admin/js/vendor/jquery/jquery.js HTTP/1.1" 200 292458
2026-08-05 22:48:41,521 [INFO] django.server: "GET /static/admin/js/admin/DateTimeShortcuts.js HTTP/1.1" 200 19319
2026-08-05 22:48:41,554 [INFO] django.server: "GET /static/admin/js/urlify.js HTTP/1.1" 200 7887
2026-08-05 22:48:41,559 [INFO] django.server: "GET /static/admin/css/forms.css HTTP/1.1" 200 9090
2026-08-05 22:48:41,559 [INFO] django.server: "GET /static/admin/js/actions.js HTTP/1.1" 200 7872
2026-08-05 22:48:41,591 [INFO] django.server: "GET /static/admin/js/prepopulate.js HTTP/1.1" 200 1531
2026-08-05 22:48:41,602 [INFO] django.server: "GET /static/admin/js/vendor/xregexp/xregexp.js HTTP/1.1" 200 232381
2026-08-05 22:48:41,622 [INFO] django.server: "GET /static/admin/img/icon-changelink.svg HTTP/1.1" 200 380
2026-08-05 22:48:41,633 [INFO] django.server: "GET /static/admin/img/icon-addlink.svg HTTP/1.1" 200 331
2026-08-05 22:48:41,651 [INFO] django.server: "GET /static/admin/img/icon-viewlink.svg HTTP/1.1" 200 581
2026-08-05 22:48:41,671 [INFO] django.server: "GET /static/admin/css/widgets.css HTTP/1.1" 200 11921
2026-08-05 22:48:41,678 [INFO] django.server: "GET /static/admin/js/prepopulate_init.js HTTP/1.1" 200 586
2026-08-05 22:48:41,692 [INFO] django.server: "GET /static/admin/js/change_form.js HTTP/1.1" 200 606
2026-08-05 22:48:43,707 [INFO] django.server: "GET /admin/jsi18n/ HTTP/1.1" 200 3343
2026-08-05 22:48:44,197 [INFO] django.server: "GET /static/admin/img/icon-clock.svg HTTP/1.1" 200 677
2026-08-05 22:48:55,435 [INFO] django.server: "GET /admin/bookings/booking/ HTTP/1.1" 200 15977
2026-08-05 22:48:55,600 [INFO] django.server: "GET /static/admin/img/search.svg HTTP/1.1" 200 458
2026-08-05 22:48:55,667 [INFO] django.server: "GET /static/admin/css/changelists.css HTTP/1.1" 200 6566
2026-08-05 22:48:55,686 [INFO] django.server: "GET /static/admin/js/filters.js HTTP/1.1" 200 978
2026-08-05 22:48:57,835 [INFO] django.server: "GET /admin/jsi18n/ HTTP/1.1" 200 3343
2026-08-05 22:48:57,918 [INFO] django.server: "GET /static/admin/img/tooltag-add.svg HTTP/1.1" 200 331
2026-08-05 22:49:12,209 [INFO] django.server: "GET /admin/bookings/booking/4/change/ HTTP/1.1" 200 25793
2026-08-05 22:49:12,556 [INFO] django.server: "GET /static/admin/img/icon-deletelink.svg HTTP/1.1" 200 392
2026-08-05 22:49:14,566 [INFO] django.server: "GET /admin/jsi18n/ HTTP/1.1" 200 3343
2026-08-05 22:49:40,597 [WARNING] django.server: "PATCH /api/v1/bookings/4/respond/ HTTP/1.1" 404 48
2026-08-05 22:50:31,614 [INFO] django.utils.autoreload: C:\Users\Mictovic\projects\tutor_platform\tutor_platform\bookings\views.py changed, reloading.
2026-08-05 22:50:35,555 [INFO] django.utils.autoreload: Watching for file changes with StatReloader
2026-08-05 22:50:50,144 [INFO] django.utils.autoreload: C:\Users\Mictovic\projects\tutor_platform\tutor_platform\bookings\views.py changed, reloading.
2026-08-05 22:50:53,171 [INFO] django.utils.autoreload: Watching for file changes with StatReloader
2026-08-05 22:51:01,438 [WARNING] django.server: "PATCH /api/v1/bookings/4/respond/ HTTP/1.1" 404 48
2026-08-05 22:57:45,352 [INFO] django.server: "GET /admin/users/user/ HTTP/1.1" 302 0
2026-08-05 22:57:45,671 [INFO] django.server: "GET /admin/login/?next=/admin/users/user/ HTTP/1.1" 200 4200
2026-08-05 22:57:52,189 [INFO] django.server: "POST /admin/login/?next=/admin/users/user/ HTTP/1.1" 302 0
2026-08-05 22:57:54,754 [INFO] django.server: "GET /admin/users/user/ HTTP/1.1" 200 16014
2026-08-05 22:57:55,147 [INFO] django.server: "GET /static/admin/img/icon-yes.svg HTTP/1.1" 200 436
2026-08-05 22:57:57,264 [INFO] django.server: "GET /admin/jsi18n/ HTTP/1.1" 200 3343
2026-08-05 22:57:57,397 [INFO] django.server: "GET /static/admin/img/sorting-icons.svg HTTP/1.1" 200 1097
2026-08-05 22:58:50,725 [INFO] django.server: "GET /admin/bookings/booking/ HTTP/1.1" 200 15977
2026-08-05 22:58:53,110 [INFO] django.server: "GET /admin/jsi18n/ HTTP/1.1" 200 3343
2026-08-05 22:59:00,493 [INFO] django.server: "GET /admin/bookings/booking/4/change/ HTTP/1.1" 200 25793
2026-08-05 22:59:02,791 [INFO] django.server: "GET /admin/jsi18n/ HTTP/1.1" 200 3343
2026-08-05 22:59:35,256 [WARNING] django.server: "PATCH /api/v1/bookings/4/respond/ HTTP/1.1" 404 48
2026-08-05 23:00:19,134 [INFO] django.utils.autoreload: C:\Users\Mictovic\projects\tutor_platform\tutor_platform\bookings\views.py changed, reloading.
2026-08-05 23:00:26,449 [INFO] django.utils.autoreload: Watching for file changes with StatReloader
2026-08-05 23:01:29,869 [INFO] django.utils.autoreload: C:\Users\Mictovic\projects\tutor_platform\tutor_platform\bookings\views.py changed, reloading.
2026-08-05 23:01:32,341 [INFO] django.utils.autoreload: Watching for file changes with StatReloader
2026-08-05 23:01:37,793 [INFO] django.utils.autoreload: C:\Users\Mictovic\projects\tutor_platform\tutor_platform\bookings\views.py changed, reloading.
2026-08-05 23:01:40,637 [INFO] django.utils.autoreload: Watching for file changes with StatReloader
2026-08-05 23:02:09,349 [INFO] django.utils.autoreload: C:\Users\Mictovic\projects\tutor_platform\tutor_platform\bookings\views.py changed, reloading.
2026-08-05 23:02:11,807 [INFO] django.utils.autoreload: Watching for file changes with StatReloader
2026-08-05 23:02:22,661 [WARNING] django.server: "PATCH /api/v1/bookings/4/respond/ HTTP/1.1" 404 48
2026-08-05 23:03:43,797 [INFO] django.utils.autoreload: C:\Users\Mictovic\projects\tutor_platform\tutor_platform\bookings\views.py changed, reloading.
2026-08-05 23:03:46,871 [INFO] django.utils.autoreload: Watching for file changes with StatReloader
2026-08-05 23:04:11,280 [INFO] django.utils.autoreload: Watching for file changes with StatReloader
2026-08-05 23:04:26,397 [INFO] django.utils.autoreload: C:\Users\Mictovic\projects\tutor_platform\tutor_platform\bookings\views.py changed, reloading.
2026-08-05 23:04:29,296 [INFO] django.utils.autoreload: Watching for file changes with StatReloader
2026-08-05 23:04:32,766 [INFO] django.utils.autoreload: C:\Users\Mictovic\projects\tutor_platform\tutor_platform\bookings\views.py changed, reloading.
2026-08-05 23:04:36,018 [INFO] django.utils.autoreload: Watching for file changes with StatReloader
2026-08-05 23:04:39,757 [INFO] django.utils.autoreload: C:\Users\Mictovic\projects\tutor_platform\tutor_platform\bookings\views.py changed, reloading.
2026-08-05 23:04:42,939 [INFO] django.utils.autoreload: Watching for file changes with StatReloader
2026-08-05 23:04:52,877 [WARNING] django.server: "PATCH /api/v1/bookings/4/respond/ HTTP/1.1" 404 48
2026-08-05 23:05:27,429 [INFO] django.utils.autoreload: C:\Users\Mictovic\projects\tutor_platform\tutor_platform\bookings\views.py changed, reloading.
2026-08-05 23:05:31,125 [INFO] django.utils.autoreload: Watching for file changes with StatReloader
2026-08-05 23:05:39,593 [INFO] django.utils.autoreload: C:\Users\Mictovic\projects\tutor_platform\tutor_platform\bookings\views.py changed, reloading.
2026-08-05 23:05:42,544 [INFO] django.utils.autoreload: Watching for file changes with StatReloader
2026-08-05 23:05:53,447 [WARNING] django.server: "PATCH /api/v1/bookings/4/respond/ HTTP/1.1" 404 48
2026-08-05 23:06:09,657 [INFO] django.utils.autoreload: C:\Users\Mictovic\projects\tutor_platform\tutor_platform\bookings\views.py changed, reloading.
2026-08-05 23:06:12,317 [INFO] django.utils.autoreload: Watching for file changes with StatReloader
2026-08-05 23:06:49,369 [INFO] django.utils.autoreload: C:\Users\Mictovic\projects\tutor_platform\tutor_platform\bookings\views.py changed, reloading.
2026-08-05 23:06:52,582 [INFO] django.utils.autoreload: Watching for file changes with StatReloader
2026-08-05 23:06:56,447 [INFO] django.utils.autoreload: C:\Users\Mictovic\projects\tutor_platform\tutor_platform\bookings\views.py changed, reloading.
2026-08-05 23:06:59,781 [INFO] django.utils.autoreload: Watching for file changes with StatReloader
2026-08-05 23:07:11,838 [INFO] django.utils.autoreload: C:\Users\Mictovic\projects\tutor_platform\tutor_platform\bookings\views.py changed, reloading.
2026-08-05 23:07:14,491 [INFO] django.utils.autoreload: Watching for file changes with StatReloader
2026-08-05 23:09:18,858 [INFO] django.utils.autoreload: C:\Users\Mictovic\projects\tutor_platform\tutor_platform\bookings\views.py changed, reloading.
2026-08-05 23:09:21,602 [INFO] django.utils.autoreload: Watching for file changes with StatReloader
2026-08-05 23:09:39,400 [INFO] django.utils.autoreload: C:\Users\Mictovic\projects\tutor_platform\tutor_platform\bookings\views.py changed, reloading.
2026-08-05 23:09:42,594 [INFO] django.utils.autoreload: Watching for file changes with StatReloader
2026-08-05 23:09:46,296 [INFO] django.utils.autoreload: C:\Users\Mictovic\projects\tutor_platform\tutor_platform\bookings\views.py changed, reloading.
2026-08-05 23:09:49,640 [INFO] django.utils.autoreload: Watching for file changes with StatReloader
2026-08-05 23:09:52,553 [INFO] django.utils.autoreload: C:\Users\Mictovic\projects\tutor_platform\tutor_platform\bookings\views.py changed, reloading.
2026-08-05 23:09:55,809 [INFO] django.utils.autoreload: Watching for file changes with StatReloader
2026-08-05 23:10:02,976 [INFO] django.utils.autoreload: C:\Users\Mictovic\projects\tutor_platform\tutor_platform\bookings\views.py changed, reloading.
2026-08-05 23:10:07,077 [INFO] django.utils.autoreload: Watching for file changes with StatReloader
2026-08-05 23:10:17,347 [INFO] django.utils.autoreload: C:\Users\Mictovic\projects\tutor_platform\tutor_platform\bookings\views.py changed, reloading.
2026-08-05 23:10:20,451 [INFO] django.utils.autoreload: Watching for file changes with StatReloader
2026-08-05 23:10:28,259 [INFO] django.utils.autoreload: C:\Users\Mictovic\projects\tutor_platform\tutor_platform\bookings\views.py changed, reloading.
2026-08-05 23:10:31,207 [INFO] django.utils.autoreload: Watching for file changes with StatReloader
2026-08-05 23:10:51,059 [INFO] django.utils.autoreload: Watching for file changes with StatReloader
2026-08-05 23:10:59,447 [WARNING] django.server: "PATCH /api/v1/bookings/4/respond/ HTTP/1.1" 403 30
2026-08-05 23:11:32,759 [INFO] django.server: "GET /admin/bookings/booking/ HTTP/1.1" 200 15977
2026-08-05 23:11:40,312 [INFO] django.server: "GET /admin/bookings/booking/2/change/ HTTP/1.1" 200 25793
2026-08-05 23:11:42,631 [INFO] django.server: "GET /admin/jsi18n/ HTTP/1.1" 200 3343
2026-08-05 23:12:39,164 [INFO] django.utils.autoreload: C:\Users\Mictovic\projects\tutor_platform\tutor_platform\bookings\views.py changed, reloading.
2026-08-05 23:12:41,777 [INFO] django.utils.autoreload: Watching for file changes with StatReloader
2026-08-05 23:12:48,411 [ERROR] django.server: "PATCH /api/v1/bookings/4/respond/ HTTP/1.1" 500 108361
2026-08-05 23:13:07,873 [INFO] django.utils.autoreload: C:\Users\Mictovic\projects\tutor_platform\tutor_platform\bookings\views.py changed, reloading.
2026-08-05 23:13:10,661 [INFO] django.utils.autoreload: Watching for file changes with StatReloader
2026-08-05 23:13:18,858 [WARNING] django.server: "PATCH /api/v1/bookings/4/respond/ HTTP/1.1" 403 30
2026-08-05 23:13:51,602 [INFO] django.server: "POST /api/v1/auth/login/ HTTP/1.1" 200 709
2026-08-05 23:14:06,506 [WARNING] django.server: "PATCH /api/v1/bookings/4/respond/ HTTP/1.1" 403 63
2026-08-05 23:14:38,097 [WARNING] django.server: "PATCH /api/v1/bookings/4/respond/ HTTP/1.1" 403 63
2026-08-05 23:16:51,326 [INFO] django.server: "GET /admin/tutors/tutorprofile/ HTTP/1.1" 200 15680
2026-08-05 23:16:53,631 [INFO] django.server: "GET /admin/jsi18n/ HTTP/1.1" 200 3343
2026-08-05 23:17:03,827 [INFO] django.server: "GET /admin/users/user/ HTTP/1.1" 200 16014
2026-08-05 23:17:06,132 [INFO] django.server: "GET /admin/jsi18n/ HTTP/1.1" 200 3343
2026-08-05 23:18:03,247 [INFO] django.server: "GET /admin/users/user/2/change/ HTTP/1.1" 200 25871
2026-08-05 23:18:03,829 [INFO] django.server: "GET /static/admin/js/SelectBox.js HTTP/1.1" 200 4530
2026-08-05 23:18:03,836 [INFO] django.server: "GET /static/admin/js/SelectFilter2.js HTTP/1.1" 200 15292
2026-08-05 23:18:05,835 [INFO] django.server: "GET /admin/jsi18n/ HTTP/1.1" 200 3343
2026-08-05 23:18:05,993 [INFO] django.server: "GET /static/admin/img/icon-unknown-alt.svg HTTP/1.1" 200 655
2026-08-05 23:18:05,995 [INFO] django.server: "GET /static/admin/img/icon-unknown.svg HTTP/1.1" 200 655
2026-08-05 23:18:05,995 [INFO] django.server: "GET /static/admin/img/selector-icons.svg HTTP/1.1" 200 3291
2026-08-05 23:18:13,408 [INFO] django.server: "GET /admin/bookings/booking/ HTTP/1.1" 200 15977
2026-08-05 23:18:15,762 [INFO] django.server: "GET /admin/jsi18n/ HTTP/1.1" 200 3343
2026-08-05 23:18:22,635 [INFO] django.server: "GET /admin/bookings/booking/add/ HTTP/1.1" 200 25333
2026-08-05 23:18:24,898 [INFO] django.server: "GET /admin/jsi18n/ HTTP/1.1" 200 3343
2026-08-05 23:19:23,289 [INFO] django.server: "POST /admin/bookings/booking/add/ HTTP/1.1" 302 0
2026-08-05 23:19:25,547 [INFO] django.server: "GET /admin/bookings/booking/ HTTP/1.1" 200 16733
2026-08-05 23:19:27,892 [INFO] django.server: "GET /admin/jsi18n/ HTTP/1.1" 200 3343
2026-08-06 08:47:11,290 [WARNING] django.server: "PATCH /api/v1/bookings/4/respond/ HTTP/1.1" 403 63
2026-08-06 08:47:28,788 [INFO] django.server: "POST /api/v1/auth/login/ HTTP/1.1" 200 709
2026-08-06 08:47:53,740 [INFO] django.server: "GET /admin/ HTTP/1.1" 302 0
2026-08-06 08:47:54,214 [INFO] django.server: "GET /admin/login/?next=/admin/ HTTP/1.1" 200 4178
2026-08-06 08:47:59,962 [INFO] django.server: "POST /admin/login/?next=/admin/ HTTP/1.1" 302 0
2026-08-06 08:48:02,348 [INFO] django.server: "GET /admin/ HTTP/1.1" 200 12815
2026-08-06 08:48:02,557 [INFO] django.server: "GET /static/admin/css/dashboard.css HTTP/1.1" 200 441
2026-08-06 08:48:12,049 [INFO] django.server: "GET /admin/tutors/tutorprofile/ HTTP/1.1" 200 15680
2026-08-06 08:48:14,426 [INFO] django.server: "GET /admin/jsi18n/ HTTP/1.1" 200 3343
2026-08-06 08:48:23,244 [INFO] django.server: "GET /admin/users/user/ HTTP/1.1" 200 16014
2026-08-06 08:48:25,535 [INFO] django.server: "GET /admin/jsi18n/ HTTP/1.1" 200 3343
2026-08-06 08:48:37,596 [INFO] django.server: "GET /admin/tutors/tutorprofile/ HTTP/1.1" 200 15680
2026-08-06 08:48:39,899 [INFO] django.server: "GET /admin/jsi18n/ HTTP/1.1" 200 3343
2026-08-06 08:48:44,466 [INFO] django.server: "GET /admin/tutors/tutorprofile/1/change/ HTTP/1.1" 200 45161
2026-08-06 08:48:45,199 [INFO] django.server: "GET /static/admin/js/inlines.js HTTP/1.1" 200 15526
2026-08-06 08:48:46,761 [INFO] django.server: "GET /admin/jsi18n/ HTTP/1.1" 200 3343
2026-08-06 08:49:00,241 [INFO] django.server: "POST /admin/tutors/tutorprofile/1/change/ HTTP/1.1" 302 0
2026-08-06 08:49:02,497 [INFO] django.server: "GET /admin/tutors/tutorprofile/ HTTP/1.1" 200 15915
2026-08-06 08:49:04,835 [INFO] django.server: "GET /admin/jsi18n/ HTTP/1.1" 200 3343
2026-08-06 08:49:12,946 [WARNING] django.server: "PATCH /api/v1/bookings/4/respond/ HTTP/1.1" 401 176
2026-08-06 08:49:32,182 [WARNING] django.server: "PATCH /api/v1/bookings/4/respond/ HTTP/1.1" 403 63
2026-08-06 08:51:15,105 [INFO] django.utils.autoreload: C:\Users\Mictovic\projects\tutor_platform\tutor_platform\bookings\views.py changed, reloading.
2026-08-06 08:51:23,697 [INFO] django.utils.autoreload: Watching for file changes with StatReloader
2026-08-06 08:53:26,218 [WARNING] django.server: "PATCH /api/v1/bookings/4/respond/ HTTP/1.1" 403 63
2026-08-06 08:53:51,839 [INFO] django.utils.autoreload: C:\Users\Mictovic\projects\tutor_platform\tutor_platform\bookings\views.py changed, reloading.
2026-08-06 08:53:55,486 [INFO] django.utils.autoreload: Watching for file changes with StatReloader
2026-08-06 08:54:22,647 [INFO] django.server: "GET /admin/tutors/tutorprofile/1/change/ HTTP/1.1" 200 45163
2026-08-06 08:54:25,071 [INFO] django.server: "GET /admin/jsi18n/ HTTP/1.1" 200 3343
2026-08-06 08:56:28,364 [INFO] django.utils.autoreload: C:\Users\Mictovic\projects\tutor_platform\tutor_platform\bookings\views.py changed, reloading.
2026-08-06 08:56:31,805 [INFO] django.utils.autoreload: Watching for file changes with StatReloader
2026-08-06 08:56:35,624 [INFO] django.utils.autoreload: C:\Users\Mictovic\projects\tutor_platform\tutor_platform\bookings\views.py changed, reloading.
2026-08-06 08:56:40,220 [INFO] django.utils.autoreload: Watching for file changes with StatReloader
2026-08-06 08:57:03,888 [INFO] django.utils.autoreload: C:\Users\Mictovic\projects\tutor_platform\tutor_platform\bookings\views.py changed, reloading.
2026-08-06 08:57:06,795 [INFO] django.utils.autoreload: Watching for file changes with StatReloader
2026-08-06 08:57:11,749 [INFO] django.utils.autoreload: C:\Users\Mictovic\projects\tutor_platform\tutor_platform\bookings\views.py changed, reloading.
2026-08-06 08:57:14,184 [INFO] django.utils.autoreload: Watching for file changes with StatReloader
2026-08-06 08:57:19,466 [INFO] django.utils.autoreload: C:\Users\Mictovic\projects\tutor_platform\tutor_platform\bookings\views.py changed, reloading.
2026-08-06 08:57:22,101 [INFO] django.utils.autoreload: Watching for file changes with StatReloader
2026-08-06 08:57:26,455 [INFO] django.utils.autoreload: C:\Users\Mictovic\projects\tutor_platform\tutor_platform\bookings\views.py changed, reloading.
2026-08-06 08:57:29,783 [INFO] django.utils.autoreload: Watching for file changes with StatReloader
2026-08-06 08:59:02,057 [WARNING] django.server: "PATCH /api/v1/bookings/4/respond/ HTTP/1.1" 403 63
2026-08-06 09:00:13,206 [INFO] django.utils.autoreload: C:\Users\Mictovic\projects\tutor_platform\tutor_platform\bookings\views.py changed, reloading.
2026-08-06 09:00:16,473 [INFO] django.utils.autoreload: Watching for file changes with StatReloader
2026-08-06 09:00:24,289 [INFO] tutor_platform: Emeka Michael (michaelsonawa@gmail.com)
2026-08-06 09:00:24,453 [INFO] django.server: "PATCH /api/v1/bookings/4/respond/ HTTP/1.1" 200 1414
2026-08-06 09:00:42,029 [INFO] django.utils.autoreload: C:\Users\Mictovic\projects\tutor_platform\tutor_platform\bookings\views.py changed, reloading.
2026-08-06 09:00:44,783 [INFO] django.utils.autoreload: Watching for file changes with StatReloader
2026-08-06 09:01:06,625 [INFO] django.server: "GET /admin/users/user/ HTTP/1.1" 200 16014
2026-08-06 09:01:09,106 [INFO] django.server: "GET /admin/jsi18n/ HTTP/1.1" 200 3343
2026-08-06 09:01:26,295 [INFO] django.server: "GET /admin/users/user/3/change/ HTTP/1.1" 200 25863
2026-08-06 09:01:28,699 [INFO] django.server: "GET /admin/jsi18n/ HTTP/1.1" 200 3343
2026-08-06 09:01:40,876 [INFO] django.server: "POST /admin/users/user/3/change/ HTTP/1.1" 302 0
2026-08-06 09:01:43,135 [INFO] django.server: "GET /admin/users/user/ HTTP/1.1" 200 16240
2026-08-06 09:01:45,418 [INFO] django.server: "GET /admin/jsi18n/ HTTP/1.1" 200 3343
2026-08-06 09:02:58,018 [INFO] tutor_platform: Emeka Michael (michaelsonawa@gmail.com)
2026-08-06 09:02:58,043 [INFO] django.server: "PATCH /api/v1/bookings/4/respond/ HTTP/1.1" 200 1412
2026-08-06 09:04:20,361 [INFO] django.utils.autoreload: C:\Users\Mictovic\projects\tutor_platform\tutor_platform\bookings\views.py changed, reloading.
2026-08-06 09:04:24,092 [INFO] django.utils.autoreload: Watching for file changes with StatReloader
2026-08-06 09:04:44,439 [INFO] django.utils.autoreload: C:\Users\Mictovic\projects\tutor_platform\tutor_platform\bookings\serializers.py changed, reloading.
2026-08-06 09:04:46,945 [INFO] django.utils.autoreload: Watching for file changes with StatReloader
2026-08-06 09:05:10,817 [INFO] django.server: "PATCH /api/v1/bookings/4/respond/ HTTP/1.1" 200 1414
2026-08-06 09:05:17,137 [WARNING] django.server: "PATCH /api/v1/bookings/4/respond/ HTTP/1.1" 400 55
2026-08-06 09:06:51,633 [INFO] django.utils.autoreload: C:\Users\Mictovic\projects\tutor_platform\tutor_platform\bookings\views.py changed, reloading.
2026-08-06 09:06:54,322 [INFO] django.utils.autoreload: Watching for file changes with StatReloader
2026-08-06 09:07:21,852 [INFO] django.utils.autoreload: C:\Users\Mictovic\projects\tutor_platform\tutor_platform\bookings\views.py changed, reloading.
2026-08-06 09:07:24,542 [INFO] django.utils.autoreload: Watching for file changes with StatReloader
2026-08-06 09:07:30,110 [INFO] django.utils.autoreload: C:\Users\Mictovic\projects\tutor_platform\tutor_platform\bookings\views.py changed, reloading.
2026-08-06 09:07:32,340 [INFO] django.utils.autoreload: Watching for file changes with StatReloader
2026-08-06 09:07:50,477 [INFO] django.utils.autoreload: C:\Users\Mictovic\projects\tutor_platform\tutor_platform\bookings\views.py changed, reloading.
2026-08-06 09:07:53,024 [INFO] django.utils.autoreload: Watching for file changes with StatReloader
2026-08-06 09:07:57,581 [INFO] django.utils.autoreload: C:\Users\Mictovic\projects\tutor_platform\tutor_platform\bookings\views.py changed, reloading.
2026-08-06 09:08:00,433 [INFO] django.utils.autoreload: Watching for file changes with StatReloader
2026-08-06 09:08:05,123 [INFO] django.utils.autoreload: C:\Users\Mictovic\projects\tutor_platform\tutor_platform\bookings\views.py changed, reloading.
2026-08-06 09:08:07,516 [INFO] django.utils.autoreload: Watching for file changes with StatReloader
2026-08-06 09:08:16,277 [INFO] django.utils.autoreload: C:\Users\Mictovic\projects\tutor_platform\tutor_platform\bookings\views.py changed, reloading.
2026-08-06 09:08:19,392 [INFO] django.utils.autoreload: Watching for file changes with StatReloader
2026-08-06 09:08:22,904 [INFO] django.utils.autoreload: C:\Users\Mictovic\projects\tutor_platform\tutor_platform\bookings\views.py changed, reloading.
2026-08-06 09:08:25,776 [INFO] django.utils.autoreload: Watching for file changes with StatReloader
2026-08-06 09:08:41,333 [INFO] django.utils.autoreload: C:\Users\Mictovic\projects\tutor_platform\tutor_platform\tutors\views.py changed, reloading.
2026-08-06 09:08:43,587 [INFO] django.utils.autoreload: Watching for file changes with StatReloader
2026-08-06 09:08:52,195 [INFO] django.utils.autoreload: C:\Users\Mictovic\projects\tutor_platform\tutor_platform\tutors\views.py changed, reloading.
2026-08-06 09:08:54,781 [INFO] django.utils.autoreload: Watching for file changes with StatReloader
2026-08-06 09:08:59,777 [INFO] django.utils.autoreload: C:\Users\Mictovic\projects\tutor_platform\tutor_platform\tutors\views.py changed, reloading.
2026-08-06 09:09:02,041 [INFO] django.utils.autoreload: Watching for file changes with StatReloader
2026-08-06 09:09:05,242 [INFO] django.utils.autoreload: C:\Users\Mictovic\projects\tutor_platform\tutor_platform\tutors\views.py changed, reloading.
2026-08-06 09:09:07,337 [INFO] django.utils.autoreload: Watching for file changes with StatReloader
2026-08-06 09:09:47,245 [INFO] django.utils.autoreload: C:\Users\Mictovic\projects\tutor_platform\tutor_platform\tutors\views.py changed, reloading.
2026-08-06 09:09:49,991 [INFO] django.utils.autoreload: Watching for file changes with StatReloader
2026-08-06 09:10:04,855 [WARNING] django.server: "GET /api/v1/tutors/my-bookings/ HTTP/1.1" 405 40
2026-08-06 09:10:16,842 [INFO] django.utils.autoreload: C:\Users\Mictovic\projects\tutor_platform\tutor_platform\tutors\views.py changed, reloading.
2026-08-06 09:10:19,533 [INFO] django.utils.autoreload: Watching for file changes with StatReloader
2026-08-06 09:10:25,656 [INFO] django.server: "GET /api/v1/tutors/my-bookings/ HTTP/1.1" 200 3726
2026-08-06 09:11:46,558 [INFO] django.utils.autoreload: C:\Users\Mictovic\projects\tutor_platform\tutor_platform\bookings\serializers.py changed, reloading.
2026-08-06 09:11:49,518 [INFO] django.utils.autoreload: Watching for file changes with StatReloader
2026-08-06 09:11:57,048 [INFO] django.utils.autoreload: C:\Users\Mictovic\projects\tutor_platform\tutor_platform\bookings\serializers.py changed, reloading.
2026-08-06 09:11:59,823 [INFO] django.utils.autoreload: Watching for file changes with StatReloader
2026-08-06 09:12:02,246 [INFO] django.utils.autoreload: C:\Users\Mictovic\projects\tutor_platform\tutor_platform\bookings\serializers.py changed, reloading.
2026-08-06 09:12:03,938 [INFO] django.utils.autoreload: Watching for file changes with StatReloader
2026-08-06 09:12:16,321 [INFO] django.utils.autoreload: C:\Users\Mictovic\projects\tutor_platform\tutor_platform\bookings\serializers.py changed, reloading.
2026-08-06 09:12:18,715 [INFO] django.utils.autoreload: Watching for file changes with StatReloader
2026-08-06 09:12:23,894 [INFO] django.utils.autoreload: C:\Users\Mictovic\projects\tutor_platform\tutor_platform\bookings\serializers.py changed, reloading.
2026-08-06 09:12:26,848 [INFO] django.utils.autoreload: Watching for file changes with StatReloader
2026-08-06 09:12:35,082 [INFO] django.utils.autoreload: C:\Users\Mictovic\projects\tutor_platform\tutor_platform\bookings\serializers.py changed, reloading.
2026-08-06 09:12:37,229 [INFO] django.utils.autoreload: Watching for file changes with StatReloader
2026-08-06 09:12:54,488 [INFO] django.utils.autoreload: C:\Users\Mictovic\projects\tutor_platform\tutor_platform\tutors\views.py changed, reloading.
2026-08-06 09:12:57,494 [INFO] django.utils.autoreload: Watching for file changes with StatReloader
2026-08-06 09:13:30,877 [INFO] django.utils.autoreload: C:\Users\Mictovic\projects\tutor_platform\tutor_platform\tutors\views.py changed, reloading.
2026-08-06 09:13:33,307 [INFO] django.utils.autoreload: Watching for file changes with StatReloader
2026-08-06 09:13:45,453 [INFO] django.utils.autoreload: C:\Users\Mictovic\projects\tutor_platform\tutor_platform\tutors\views.py changed, reloading.
2026-08-06 09:13:52,834 [INFO] django.utils.autoreload: Watching for file changes with StatReloader
2026-08-06 09:14:02,625 [INFO] django.server: "GET /api/v1/tutors/my-bookings/ HTTP/1.1" 200 964
2026-08-06 22:43:10,574 [INFO] django.utils.autoreload: Watching for file changes with StatReloader
2026-08-06 22:44:43,791 [INFO] django.utils.autoreload: Watching for file changes with StatReloader
2026-08-06 22:44:58,561 [INFO] django.utils.autoreload: C:\Users\Mictovic\projects\tutor_platform\tutor_platform\users\views.py changed, reloading.
2026-08-06 22:45:04,895 [INFO] django.utils.autoreload: Watching for file changes with StatReloader
2026-08-06 22:45:32,514 [INFO] django.utils.autoreload: C:\Users\Mictovic\projects\tutor_platform\tutor_platform\users\views.py changed, reloading.
2026-08-06 22:45:35,558 [INFO] django.utils.autoreload: Watching for file changes with StatReloader
2026-08-06 22:45:40,405 [INFO] django.utils.autoreload: C:\Users\Mictovic\projects\tutor_platform\tutor_platform\users\views.py changed, reloading.
2026-08-06 22:45:44,243 [INFO] django.utils.autoreload: Watching for file changes with StatReloader
2026-08-06 22:45:51,370 [INFO] django.utils.autoreload: C:\Users\Mictovic\projects\tutor_platform\tutor_platform\users\views.py changed, reloading.
2026-08-06 22:45:54,393 [INFO] django.utils.autoreload: Watching for file changes with StatReloader
2026-08-06 22:45:58,079 [INFO] django.utils.autoreload: C:\Users\Mictovic\projects\tutor_platform\tutor_platform\users\views.py changed, reloading.
2026-08-06 22:46:00,442 [INFO] django.utils.autoreload: Watching for file changes with StatReloader
2026-08-06 22:46:05,520 [INFO] django.utils.autoreload: C:\Users\Mictovic\projects\tutor_platform\tutor_platform\users\views.py changed, reloading.
2026-08-06 22:46:08,542 [INFO] django.utils.autoreload: Watching for file changes with StatReloader
2026-08-06 22:46:19,530 [INFO] django.utils.autoreload: C:\Users\Mictovic\projects\tutor_platform\tutor_platform\users\views.py changed, reloading.
2026-08-06 22:46:23,450 [INFO] django.utils.autoreload: Watching for file changes with StatReloader
2026-08-06 22:46:27,612 [INFO] django.utils.autoreload: C:\Users\Mictovic\projects\tutor_platform\tutor_platform\users\views.py changed, reloading.
2026-08-06 22:46:31,025 [INFO] django.utils.autoreload: Watching for file changes with StatReloader
2026-08-06 22:46:34,561 [INFO] django.utils.autoreload: C:\Users\Mictovic\projects\tutor_platform\tutor_platform\users\views.py changed, reloading.
2026-08-06 22:46:39,191 [INFO] django.utils.autoreload: Watching for file changes with StatReloader
2026-08-06 22:46:49,627 [INFO] django.utils.autoreload: C:\Users\Mictovic\projects\tutor_platform\tutor_platform\users\views.py changed, reloading.
2026-08-06 22:46:52,371 [INFO] django.utils.autoreload: Watching for file changes with StatReloader
2026-08-06 22:47:07,888 [INFO] django.utils.autoreload: C:\Users\Mictovic\projects\tutor_platform\tutor_platform\users\views.py changed, reloading.
2026-08-06 22:47:11,738 [INFO] django.utils.autoreload: Watching for file changes with StatReloader
2026-08-06 22:47:55,296 [INFO] django.utils.autoreload: C:\Users\Mictovic\projects\tutor_platform\tutor_platform\users\views.py changed, reloading.
2026-08-06 22:47:57,706 [INFO] django.utils.autoreload: Watching for file changes with StatReloader
2026-08-06 22:48:09,162 [INFO] django.utils.autoreload: C:\Users\Mictovic\projects\tutor_platform\tutor_platform\users\views.py changed, reloading.
2026-08-06 22:48:11,990 [INFO] django.utils.autoreload: Watching for file changes with StatReloader
2026-08-06 22:49:43,759 [WARNING] django.server: "GET /api/v1/auth/login/ HTTP/1.1" 405 40
2026-08-06 22:50:56,575 [WARNING] django.server: "GET /api/v1/auth/login/ HTTP/1.1" 405 40
2026-08-06 22:50:57,582 [WARNING] django.server: "GET /api/v1/auth/login/ HTTP/1.1" 405 40
2026-08-06 22:50:57,940 [WARNING] django.server: "GET /api/v1/auth/login/ HTTP/1.1" 405 40
2026-08-06 22:51:15,301 [INFO] django.server: "POST /api/v1/auth/login/ HTTP/1.1" 200 709
2026-08-06 22:52:04,592 [WARNING] django.server: "GET /api/v1/users/bookings/ HTTP/1.1" 404 15821
2026-08-06 22:53:09,996 [INFO] django.utils.autoreload: C:\Users\Mictovic\projects\tutor_platform\tutor_platform\users\views.py changed, reloading.
2026-08-06 22:53:12,286 [INFO] django.utils.autoreload: Watching for file changes with StatReloader
2026-08-06 22:53:18,228 [INFO] django.utils.autoreload: C:\Users\Mictovic\projects\tutor_platform\tutor_platform\users\views.py changed, reloading.
2026-08-06 22:53:21,018 [INFO] django.utils.autoreload: Watching for file changes with StatReloader
2026-08-06 22:53:30,553 [WARNING] django.server: "GET /api/v1/users/bookings/ HTTP/1.1" 404 15821
2026-08-06 22:53:32,797 [WARNING] django.server: "GET /api/v1/users/bookings/ HTTP/1.1" 404 15821
2026-08-06 22:53:42,690 [INFO] django.utils.autoreload: C:\Users\Mictovic\projects\tutor_platform\tutor_platform\users\views.py changed, reloading.
2026-08-06 22:53:45,302 [INFO] django.utils.autoreload: Watching for file changes with StatReloader
2026-08-06 22:53:51,866 [INFO] django.utils.autoreload: C:\Users\Mictovic\projects\tutor_platform\tutor_platform\users\views.py changed, reloading.
2026-08-06 22:53:54,338 [INFO] django.utils.autoreload: Watching for file changes with StatReloader
2026-08-06 22:54:02,184 [ERROR] django.server: "GET /api/v1/users/bookings/ HTTP/1.1" 500 107167
2026-08-06 22:54:57,215 [INFO] django.utils.autoreload: C:\Users\Mictovic\projects\tutor_platform\tutor_platform\users\views.py changed, reloading.
2026-08-06 22:54:59,090 [INFO] django.utils.autoreload: Watching for file changes with StatReloader
2026-08-06 22:57:25,940 [INFO] django.server: "GET /api/v1/users/bookings/ HTTP/1.1" 200 2
2026-08-06 22:59:30,249 [INFO] django.utils.autoreload: C:\Users\Mictovic\projects\tutor_platform\tutor_platform\bookings\serializers.py changed, reloading.
2026-08-06 22:59:32,370 [INFO] django.utils.autoreload: Watching for file changes with StatReloader
2026-08-06 22:59:37,548 [INFO] django.utils.autoreload: C:\Users\Mictovic\projects\tutor_platform\tutor_platform\bookings\serializers.py changed, reloading.
2026-08-06 23:23:23,752 [INFO] django.utils.autoreload: Watching for file changes with StatReloader
2026-08-06 23:23:57,287 [INFO] django.server: "POST /api/v1/auth/login/ HTTP/1.1" 200 707
2026-08-06 23:25:32,315 [ERROR] django.server: "GET /api/v1/tutors/my-bookings/ HTTP/1.1" 500 112234
2026-08-06 23:26:06,563 [INFO] django.server: "GET /api/v1/tutors/my-bookings/ HTTP/1.1" 200 1932
2026-08-07 00:28:06,689 [INFO] django.utils.autoreload: Watching for file changes with StatReloader
2026-08-07 00:31:06,424 [INFO] django.utils.autoreload: C:\Users\Mictovic\projects\tutor_platform\tutor_platform\tutor_platform\settings.py changed, reloading.
2026-08-07 00:31:08,166 [INFO] django.utils.autoreload: Watching for file changes with StatReloader
2026-08-07 00:31:11,632 [INFO] django.utils.autoreload: C:\Users\Mictovic\projects\tutor_platform\tutor_platform\tutor_platform\settings.py changed, reloading.
2026-08-07 00:31:13,278 [INFO] django.utils.autoreload: Watching for file changes with StatReloader
2026-08-07 00:31:30,149 [INFO] django.utils.autoreload: C:\Users\Mictovic\projects\tutor_platform\tutor_platform\tutor_platform\settings.py changed, reloading.
2026-08-07 00:31:32,987 [INFO] django.utils.autoreload: Watching for file changes with StatReloader
2026-08-07 08:47:47,230 [INFO] django.utils.autoreload: C:\Users\Mictovic\projects\tutor_platform\tutor_platform\tutors\models.py changed, reloading.
2026-08-07 08:47:56,492 [INFO] django.utils.autoreload: Watching for file changes with StatReloader
2026-08-07 08:48:05,652 [INFO] django.utils.autoreload: Watching for file changes with StatReloader
2026-08-07 08:52:03,688 [INFO] django.utils.autoreload: C:\Users\Mictovic\projects\tutor_platform\tutor_platform\tutors\models.py changed, reloading.
2026-08-07 08:52:03,995 [INFO] django.utils.autoreload: C:\Users\Mictovic\projects\tutor_platform\tutor_platform\tutors\models.py changed, reloading.
2026-08-07 08:52:08,502 [INFO] django.utils.autoreload: Watching for file changes with StatReloader
2026-08-07 08:52:08,692 [INFO] django.utils.autoreload: Watching for file changes with StatReloader
2026-08-07 08:52:47,957 [INFO] django.utils.autoreload: C:\Users\Mictovic\projects\tutor_platform\tutor_platform\reviews\serializers.py changed, reloading.
2026-08-07 08:52:48,851 [INFO] django.utils.autoreload: C:\Users\Mictovic\projects\tutor_platform\tutor_platform\reviews\serializers.py changed, reloading.
2026-08-07 08:52:53,285 [INFO] django.utils.autoreload: Watching for file changes with StatReloader
2026-08-07 08:52:54,183 [INFO] django.utils.autoreload: Watching for file changes with StatReloader
2026-08-07 08:54:01,755 [INFO] django.utils.autoreload: C:\Users\Mictovic\projects\tutor_platform\tutor_platform\reviews\serializers.py changed, reloading.
2026-08-07 08:54:01,852 [INFO] django.utils.autoreload: C:\Users\Mictovic\projects\tutor_platform\tutor_platform\reviews\serializers.py changed, reloading.
2026-08-07 08:54:05,596 [INFO] django.utils.autoreload: Watching for file changes with StatReloader
2026-08-07 08:54:05,609 [INFO] django.utils.autoreload: Watching for file changes with StatReloader
2026-08-07 08:54:29,944 [WARNING] django.server: "GET /ryr HTTP/1.1" 404 2991
2026-08-07 08:54:30,238 [WARNING] django.server: "GET /favicon.ico HTTP/1.1" 404 3015
2026-08-07 08:54:36,091 [INFO] django.server: "GET /api/docs/ HTTP/1.1" 200 4659
2026-08-07 08:54:38,419 [INFO] django.server: "GET /api/schema/ HTTP/1.1" 200 153707
2026-08-07 08:54:38,428 [INFO] django.server: "GET /api/v1 HTTP/1.1" 301 0
2026-08-07 08:54:38,525 [WARNING] django.server: "GET /api/v1/ HTTP/1.1" 401 5024
2026-08-07 08:54:39,030 [INFO] django.server: "GET /static/rest_framework/css/bootstrap-tweaks.css HTTP/1.1" 200 3426
2026-08-07 08:54:39,042 [INFO] django.server: "GET /static/rest_framework/js/csrf.js HTTP/1.1" 200 1793
2026-08-07 08:54:39,054 [INFO] django.server: "GET /static/rest_framework/js/bootstrap.min.js HTTP/1.1" 200 39680
2026-08-07 08:54:39,069 [INFO] django.server: "GET /static/rest_framework/js/prettify-min.js HTTP/1.1" 200 13632
2026-08-07 08:54:39,083 [INFO] django.server: "GET /static/rest_framework/js/default.js HTTP/1.1" 200 1268
2026-08-07 08:54:39,097 [INFO] django.server: "GET /static/rest_framework/js/load-ajax-form.js HTTP/1.1" 200 59
2026-08-07 08:54:39,112 [INFO] django.server: "GET /static/rest_framework/css/bootstrap.min.css HTTP/1.1" 200 121457
2026-08-07 08:54:39,373 [INFO] django.server: "GET /static/rest_framework/css/prettify.css HTTP/1.1" 200 817
2026-08-07 08:54:39,389 [INFO] django.server: "GET /static/rest_framework/js/ajax-form.js HTTP/1.1" 200 3796
2026-08-07 08:54:39,491 [INFO] django.server: "GET /static/rest_framework/css/default.css HTTP/1.1" 200 1152
2026-08-07 08:54:39,494 [INFO] django.server: "GET /static/rest_framework/js/jquery-3.7.1.min.js HTTP/1.1" 200 87533
2026-08-07 08:54:39,516 [INFO] django.server: "GET /static/rest_framework/img/grid.png HTTP/1.1" 200 1458
2026-08-07 08:54:43,282 [INFO] django.server: "GET /api/docs/ HTTP/1.1" 200 4659
2026-08-07 08:54:44,581 [INFO] django.server: "GET /api/schema/ HTTP/1.1" 200 153707
2026-08-07 08:56:59,120 [INFO] django.utils.autoreload: Watching for file changes with StatReloader
2026-08-07 10:06:18,140 [INFO] django.utils.autoreload: Watching for file changes with StatReloader
2026-08-07 19:46:03,995 [INFO] django.utils.autoreload: Watching for file changes with StatReloader
2026-08-07 19:48:50,098 [INFO] django.server: "POST /api/v1/auth/login/ HTTP/1.1" 200 709
2026-08-07 19:56:11,141 [WARNING] django.server: "POST /api/v1/bookings/ HTTP/1.1" 403 63
2026-08-07 19:57:16,417 [WARNING] django.server: "POST /api/v1/bookings/ HTTP/1.1" 403 63
2026-08-07 19:57:58,538 [INFO] django.server: "POST /api/v1/auth/login/ HTTP/1.1" 200 707
2026-08-07 19:58:45,925 [WARNING] django.server: "POST /api/v1/bookings/ HTTP/1.1" 403 63
2026-08-07 19:59:22,764 [WARNING] django.server: "POST /api/v1/bookings/ HTTP/1.1" 401 172
2026-08-07 19:59:29,071 [WARNING] django.server: "POST /api/v1/bookings/ HTTP/1.1" 401 172
2026-08-07 19:59:50,751 [INFO] django.server: "GET /admin/ HTTP/1.1" 302 0
2026-08-07 19:59:52,593 [INFO] django.server: "GET /admin/login/?next=/admin/ HTTP/1.1" 200 4178
2026-08-07 19:59:53,039 [INFO] django.server: "GET /static/admin/css/base.css HTTP/1.1" 200 21310
2026-08-07 19:59:53,045 [INFO] django.server: "GET /static/admin/css/dark_mode.css HTTP/1.1" 200 2929
2026-08-07 19:59:53,050 [INFO] django.server: "GET /static/admin/css/nav_sidebar.css HTTP/1.1" 200 2694
2026-08-07 19:59:53,055 [INFO] django.server: "GET /static/admin/css/login.css HTTP/1.1" 200 958
2026-08-07 19:59:53,076 [INFO] django.server: "GET /static/admin/css/responsive.css HTTP/1.1" 200 18559
2026-08-07 19:59:53,178 [INFO] django.server: "GET /static/admin/js/theme.js HTTP/1.1" 200 1943
2026-08-07 19:59:53,194 [INFO] django.server: "GET /static/admin/js/nav_sidebar.js HTTP/1.1" 200 3063
2026-08-07 19:59:53,482 [WARNING] django.server: "GET /favicon.ico HTTP/1.1" 404 3015
2026-08-07 19:59:58,488 [INFO] django.server: "POST /admin/login/?next=/admin/ HTTP/1.1" 302 0
2026-08-07 20:00:00,831 [INFO] django.server: "GET /admin/ HTTP/1.1" 200 13451
2026-08-07 20:00:00,949 [INFO] django.server: "GET /static/admin/css/dashboard.css HTTP/1.1" 200 441
2026-08-07 20:00:00,966 [INFO] django.server: "GET /static/admin/img/icon-deletelink.svg HTTP/1.1" 200 392
2026-08-07 20:00:01,008 [INFO] django.server: "GET /static/admin/img/icon-changelink.svg HTTP/1.1" 200 380
2026-08-07 20:00:01,008 [INFO] django.server: "GET /static/admin/img/icon-addlink.svg HTTP/1.1" 200 331
2026-08-07 20:00:10,902 [INFO] django.server: "GET /admin/tutors/tutorprofile/ HTTP/1.1" 200 15681
2026-08-07 20:00:10,983 [INFO] django.server: "GET /static/admin/css/changelists.css HTTP/1.1" 200 6566
2026-08-07 20:00:10,988 [INFO] django.server: "GET /static/admin/js/jquery.init.js HTTP/1.1" 200 347
2026-08-07 20:00:11,068 [INFO] django.server: "GET /static/admin/js/urlify.js HTTP/1.1" 200 7887
2026-08-07 20:00:11,076 [INFO] django.server: "GET /static/admin/js/prepopulate.js HTTP/1.1" 200 1531
2026-08-07 20:00:11,084 [INFO] django.server: "GET /static/admin/js/core.js HTTP/1.1" 200 5682
2026-08-07 20:00:11,096 [INFO] django.server: "GET /static/admin/js/actions.js HTTP/1.1" 200 7872
2026-08-07 20:00:11,106 [INFO] django.server: "GET /static/admin/js/admin/RelatedObjectLookups.js HTTP/1.1" 200 8943
2026-08-07 20:00:11,112 [INFO] django.server: "GET /static/admin/img/icon-yes.svg HTTP/1.1" 200 436
2026-08-07 20:00:11,121 [INFO] django.server: "GET /static/admin/img/search.svg HTTP/1.1" 200 458
2026-08-07 20:00:11,245 [INFO] django.server: "GET /static/admin/js/vendor/jquery/jquery.js HTTP/1.1" 200 292458
2026-08-07 20:00:11,308 [INFO] django.server: "GET /static/admin/js/vendor/xregexp/xregexp.js HTTP/1.1" 200 232381
2026-08-07 20:00:11,376 [INFO] django.server: "GET /static/admin/js/filters.js HTTP/1.1" 200 978
2026-08-07 20:00:13,166 [INFO] django.server: "GET /admin/jsi18n/ HTTP/1.1" 200 3343
2026-08-07 20:00:13,279 [INFO] django.server: "GET /static/admin/img/sorting-icons.svg HTTP/1.1" 200 1097
2026-08-07 20:00:13,319 [INFO] django.server: "GET /static/admin/img/tooltag-add.svg HTTP/1.1" 200 331
2026-08-07 20:00:22,342 [INFO] django.server: "GET /admin/users/user/ HTTP/1.1" 200 16012
2026-08-07 20:00:24,668 [INFO] django.server: "GET /admin/jsi18n/ HTTP/1.1" 200 3343
2026-08-07 20:00:31,802 [INFO] django.server: "GET /admin/users/user/3/change/ HTTP/1.1" 200 25863
2026-08-07 20:00:31,872 [INFO] django.server: "GET /static/admin/css/forms.css HTTP/1.1" 200 9090
2026-08-07 20:00:31,888 [INFO] django.server: "GET /static/admin/js/prepopulate_init.js HTTP/1.1" 200 586
2026-08-07 20:00:31,949 [INFO] django.server: "GET /static/admin/js/SelectBox.js HTTP/1.1" 200 4530
2026-08-07 20:00:31,960 [INFO] django.server: "GET /static/admin/js/SelectFilter2.js HTTP/1.1" 200 15292
2026-08-07 20:00:31,982 [INFO] django.server: "GET /static/admin/css/widgets.css HTTP/1.1" 200 11921
2026-08-07 20:00:32,085 [INFO] django.server: "GET /static/admin/js/change_form.js HTTP/1.1" 200 606
2026-08-07 20:00:34,084 [INFO] django.server: "GET /admin/jsi18n/ HTTP/1.1" 200 3343
2026-08-07 20:00:34,375 [INFO] django.server: "GET /static/admin/img/icon-unknown-alt.svg HTTP/1.1" 200 655
2026-08-07 20:00:34,383 [INFO] django.server: "GET /static/admin/img/selector-icons.svg HTTP/1.1" 200 3291
2026-08-07 20:00:34,390 [INFO] django.server: "GET /static/admin/img/icon-unknown.svg HTTP/1.1" 200 655
2026-08-07 20:01:02,998 [WARNING] django.server: "POST /api/v1/bookings/ HTTP/1.1" 403 63
2026-08-07 20:01:51,578 [INFO] django.server: "GET /admin/users/user/ HTTP/1.1" 200 16012
2026-08-07 20:01:53,887 [INFO] django.server: "GET /admin/jsi18n/ HTTP/1.1" 200 3343
2026-08-07 20:01:58,681 [INFO] django.server: "GET /admin/users/user/2/change/ HTTP/1.1" 200 25871
2026-08-07 20:02:01,001 [INFO] django.server: "GET /admin/jsi18n/ HTTP/1.1" 200 3343
2026-08-07 20:02:11,925 [INFO] django.server: "POST /admin/users/user/2/change/ HTTP/1.1" 302 0
2026-08-07 20:02:14,141 [INFO] django.server: "GET /admin/users/user/ HTTP/1.1" 200 16244
2026-08-07 20:02:16,427 [INFO] django.server: "GET /admin/jsi18n/ HTTP/1.1" 200 3343
2026-08-07 20:02:42,000 [INFO] django.server: "POST /api/v1/auth/login/ HTTP/1.1" 200 711
2026-08-07 20:03:00,439 [WARNING] django.server: "POST /api/v1/bookings/ HTTP/1.1" 400 67
2026-08-07 20:03:23,100 [INFO] django.server: "GET /admin/tutors/availability/ HTTP/1.1" 200 12803
2026-08-07 20:03:25,359 [INFO] django.server: "GET /admin/jsi18n/ HTTP/1.1" 200 3343
2026-08-07 20:03:31,729 [INFO] django.server: "GET /admin/tutors/availability/35/change/ HTTP/1.1" 200 16152
2026-08-07 20:03:31,996 [INFO] django.server: "GET /static/admin/js/calendar.js HTTP/1.1" 200 8466
2026-08-07 20:03:31,996 [INFO] django.server: "GET /static/admin/js/admin/DateTimeShortcuts.js HTTP/1.1" 200 19319
2026-08-07 20:03:32,044 [INFO] django.server: "GET /static/admin/img/icon-viewlink.svg HTTP/1.1" 200 581
2026-08-07 20:03:34,045 [INFO] django.server: "GET /admin/jsi18n/ HTTP/1.1" 200 3343
2026-08-07 20:03:34,365 [INFO] django.server: "GET /static/admin/img/icon-clock.svg HTTP/1.1" 200 677
2026-08-07 20:03:42,782 [WARNING] django.server: "POST /api/v1/bookings/ HTTP/1.1" 400 59
2026-08-07 20:03:58,123 [INFO] django.server: "POST /admin/tutors/availability/35/change/ HTTP/1.1" 302 0
2026-08-07 20:04:00,399 [INFO] django.server: "GET /admin/tutors/availability/ HTTP/1.1" 200 13050
2026-08-07 20:04:02,807 [INFO] django.server: "GET /admin/jsi18n/ HTTP/1.1" 200 3343
2026-08-07 20:04:14,113 [INFO] django.server: "POST /api/v1/bookings/ HTTP/1.1" 201 1400
2026-08-07 20:04:37,761 [ERROR] tutor_platform: Failed to send booking email for booking 6
Traceback (most recent call last):
  File "C:\Users\Mictovic\projects\tutor_platform\tutor_platform\bookings\tasks.py", line 37, in send_booking_notification_email
    send_mail(
  File "C:\Users\Mictovic\projects\tutor_platform\env\Lib\site-packages\django\core\mail\__init__.py", line 87, in send_mail
    return mail.send()
           ^^^^^^^^^^^
  File "C:\Users\Mictovic\projects\tutor_platform\env\Lib\site-packages\django\core\mail\message.py", line 299, in send
    return self.get_connection(fail_silently).send_messages([self])
           ^^^^^^^^^^^^^^^^^^^^^^^^^^^^^^^^^^^^^^^^^^^^^^^^^^^^^^^^
  File "C:\Users\Mictovic\projects\tutor_platform\env\Lib\site-packages\django\core\mail\backends\smtp.py", line 127, in send_messages
    new_conn_created = self.open()
                       ^^^^^^^^^^^
  File "C:\Users\Mictovic\projects\tutor_platform\env\Lib\site-packages\django\core\mail\backends\smtp.py", line 85, in open
    self.connection = self.connection_class(
                      ^^^^^^^^^^^^^^^^^^^^^^
  File "C:\Users\Mictovic\AppData\Local\Programs\Python\Python312\Lib\smtplib.py", line 255, in __init__
    (code, msg) = self.connect(host, port)
                  ^^^^^^^^^^^^^^^^^^^^^^^^
  File "C:\Users\Mictovic\AppData\Local\Programs\Python\Python312\Lib\smtplib.py", line 341, in connect
    self.sock = self._get_socket(host, port, self.timeout)
                ^^^^^^^^^^^^^^^^^^^^^^^^^^^^^^^^^^^^^^^^^^
  File "C:\Users\Mictovic\AppData\Local\Programs\Python\Python312\Lib\smtplib.py", line 312, in _get_socket
    return socket.create_connection((host, port), timeout,
           ^^^^^^^^^^^^^^^^^^^^^^^^^^^^^^^^^^^^^^^^^^^^^^^
  File "C:\Users\Mictovic\AppData\Local\Programs\Python\Python312\Lib\socket.py", line 865, in create_connection
    raise exceptions[0]
  File "C:\Users\Mictovic\AppData\Local\Programs\Python\Python312\Lib\socket.py", line 850, in create_connection
    sock.connect(sa)
TimeoutError: [WinError 10060] A connection attempt failed because the connected party did not properly respond after a period of time, or established connection failed because connected host has failed to respond
2026-08-07 20:06:01,256 [ERROR] tutor_platform: Failed to send booking email for booking 6
Traceback (most recent call last):
  File "C:\Users\Mictovic\projects\tutor_platform\tutor_platform\bookings\tasks.py", line 37, in send_booking_notification_email
    send_mail(
  File "C:\Users\Mictovic\projects\tutor_platform\env\Lib\site-packages\django\core\mail\__init__.py", line 87, in send_mail
    return mail.send()
           ^^^^^^^^^^^
  File "C:\Users\Mictovic\projects\tutor_platform\env\Lib\site-packages\django\core\mail\message.py", line 299, in send
    return self.get_connection(fail_silently).send_messages([self])
           ^^^^^^^^^^^^^^^^^^^^^^^^^^^^^^^^^^^^^^^^^^^^^^^^^^^^^^^^
  File "C:\Users\Mictovic\projects\tutor_platform\env\Lib\site-packages\django\core\mail\backends\smtp.py", line 127, in send_messages
    new_conn_created = self.open()
                       ^^^^^^^^^^^
  File "C:\Users\Mictovic\projects\tutor_platform\env\Lib\site-packages\django\core\mail\backends\smtp.py", line 85, in open
    self.connection = self.connection_class(
                      ^^^^^^^^^^^^^^^^^^^^^^
  File "C:\Users\Mictovic\AppData\Local\Programs\Python\Python312\Lib\smtplib.py", line 255, in __init__
    (code, msg) = self.connect(host, port)
                  ^^^^^^^^^^^^^^^^^^^^^^^^
  File "C:\Users\Mictovic\AppData\Local\Programs\Python\Python312\Lib\smtplib.py", line 341, in connect
    self.sock = self._get_socket(host, port, self.timeout)
                ^^^^^^^^^^^^^^^^^^^^^^^^^^^^^^^^^^^^^^^^^^
  File "C:\Users\Mictovic\AppData\Local\Programs\Python\Python312\Lib\smtplib.py", line 312, in _get_socket
    return socket.create_connection((host, port), timeout,
           ^^^^^^^^^^^^^^^^^^^^^^^^^^^^^^^^^^^^^^^^^^^^^^^
  File "C:\Users\Mictovic\AppData\Local\Programs\Python\Python312\Lib\socket.py", line 865, in create_connection
    raise exceptions[0]
  File "C:\Users\Mictovic\AppData\Local\Programs\Python\Python312\Lib\socket.py", line 850, in create_connection
    sock.connect(sa)
TimeoutError: [WinError 10060] A connection attempt failed because the connected party did not properly respond after a period of time, or established connection failed because connected host has failed to respond
2026-08-07 20:07:24,512 [ERROR] tutor_platform: Failed to send booking email for booking 6
Traceback (most recent call last):
  File "C:\Users\Mictovic\projects\tutor_platform\tutor_platform\bookings\tasks.py", line 37, in send_booking_notification_email
    send_mail(
  File "C:\Users\Mictovic\projects\tutor_platform\env\Lib\site-packages\django\core\mail\__init__.py", line 87, in send_mail
    return mail.send()
           ^^^^^^^^^^^
  File "C:\Users\Mictovic\projects\tutor_platform\env\Lib\site-packages\django\core\mail\message.py", line 299, in send
    return self.get_connection(fail_silently).send_messages([self])
           ^^^^^^^^^^^^^^^^^^^^^^^^^^^^^^^^^^^^^^^^^^^^^^^^^^^^^^^^
  File "C:\Users\Mictovic\projects\tutor_platform\env\Lib\site-packages\django\core\mail\backends\smtp.py", line 127, in send_messages
    new_conn_created = self.open()
                       ^^^^^^^^^^^
  File "C:\Users\Mictovic\projects\tutor_platform\env\Lib\site-packages\django\core\mail\backends\smtp.py", line 85, in open
    self.connection = self.connection_class(
                      ^^^^^^^^^^^^^^^^^^^^^^
  File "C:\Users\Mictovic\AppData\Local\Programs\Python\Python312\Lib\smtplib.py", line 255, in __init__
    (code, msg) = self.connect(host, port)
                  ^^^^^^^^^^^^^^^^^^^^^^^^
  File "C:\Users\Mictovic\AppData\Local\Programs\Python\Python312\Lib\smtplib.py", line 341, in connect
    self.sock = self._get_socket(host, port, self.timeout)
                ^^^^^^^^^^^^^^^^^^^^^^^^^^^^^^^^^^^^^^^^^^
  File "C:\Users\Mictovic\AppData\Local\Programs\Python\Python312\Lib\smtplib.py", line 312, in _get_socket
    return socket.create_connection((host, port), timeout,
           ^^^^^^^^^^^^^^^^^^^^^^^^^^^^^^^^^^^^^^^^^^^^^^^
  File "C:\Users\Mictovic\AppData\Local\Programs\Python\Python312\Lib\socket.py", line 865, in create_connection
    raise exceptions[0]
  File "C:\Users\Mictovic\AppData\Local\Programs\Python\Python312\Lib\socket.py", line 850, in create_connection
    sock.connect(sa)
TimeoutError: [WinError 10060] A connection attempt failed because the connected party did not properly respond after a period of time, or established connection failed because connected host has failed to respond
2026-08-07 20:08:47,781 [ERROR] tutor_platform: Failed to send booking email for booking 6
Traceback (most recent call last):
  File "C:\Users\Mictovic\projects\tutor_platform\tutor_platform\bookings\tasks.py", line 37, in send_booking_notification_email
    send_mail(
  File "C:\Users\Mictovic\projects\tutor_platform\env\Lib\site-packages\django\core\mail\__init__.py", line 87, in send_mail
    return mail.send()
           ^^^^^^^^^^^
  File "C:\Users\Mictovic\projects\tutor_platform\env\Lib\site-packages\django\core\mail\message.py", line 299, in send
    return self.get_connection(fail_silently).send_messages([self])
           ^^^^^^^^^^^^^^^^^^^^^^^^^^^^^^^^^^^^^^^^^^^^^^^^^^^^^^^^
  File "C:\Users\Mictovic\projects\tutor_platform\env\Lib\site-packages\django\core\mail\backends\smtp.py", line 127, in send_messages
    new_conn_created = self.open()
                       ^^^^^^^^^^^
  File "C:\Users\Mictovic\projects\tutor_platform\env\Lib\site-packages\django\core\mail\backends\smtp.py", line 85, in open
    self.connection = self.connection_class(
                      ^^^^^^^^^^^^^^^^^^^^^^
  File "C:\Users\Mictovic\AppData\Local\Programs\Python\Python312\Lib\smtplib.py", line 255, in __init__
    (code, msg) = self.connect(host, port)
                  ^^^^^^^^^^^^^^^^^^^^^^^^
  File "C:\Users\Mictovic\AppData\Local\Programs\Python\Python312\Lib\smtplib.py", line 341, in connect
    self.sock = self._get_socket(host, port, self.timeout)
                ^^^^^^^^^^^^^^^^^^^^^^^^^^^^^^^^^^^^^^^^^^
  File "C:\Users\Mictovic\AppData\Local\Programs\Python\Python312\Lib\smtplib.py", line 312, in _get_socket
    return socket.create_connection((host, port), timeout,
           ^^^^^^^^^^^^^^^^^^^^^^^^^^^^^^^^^^^^^^^^^^^^^^^
  File "C:\Users\Mictovic\AppData\Local\Programs\Python\Python312\Lib\socket.py", line 865, in create_connection
    raise exceptions[0]
  File "C:\Users\Mictovic\AppData\Local\Programs\Python\Python312\Lib\socket.py", line 850, in create_connection
    sock.connect(sa)
TimeoutError: [WinError 10060] A connection attempt failed because the connected party did not properly respond after a period of time, or established connection failed because connected host has failed to respond
2026-08-07 20:12:32,196 [INFO] django.utils.autoreload: C:\Users\Mictovic\projects\tutor_platform\tutor_platform\tutor_platform\settings.py changed, reloading.
2026-08-07 20:12:36,710 [INFO] django.utils.autoreload: Watching for file changes with StatReloader
2026-08-07 20:12:57,697 [INFO] django.server: "GET /admin/tutors/availability/35/change/ HTTP/1.1" 200 16152
2026-08-07 20:12:59,968 [INFO] django.server: "GET /admin/jsi18n/ HTTP/1.1" 200 3343
2026-08-07 20:13:11,777 [INFO] django.server: "POST /admin/tutors/availability/35/change/ HTTP/1.1" 302 0
2026-08-07 20:13:14,033 [INFO] django.server: "GET /admin/tutors/availability/ HTTP/1.1" 200 13050
2026-08-07 20:13:16,270 [INFO] django.server: "GET /admin/jsi18n/ HTTP/1.1" 200 3343
2026-08-07 20:13:25,639 [INFO] django.server: "POST /api/v1/bookings/ HTTP/1.1" 201 1400
2026-08-07 21:21:44,572 [INFO] django.utils.autoreload: Watching for file changes with StatReloader
2026-08-07 21:22:14,330 [INFO] django.utils.autoreload: C:\Users\Mictovic\projects\tutor_platform\tutor_platform\bookings\views.py changed, reloading.
2026-08-07 21:22:17,167 [INFO] django.utils.autoreload: Watching for file changes with StatReloader
2026-08-07 21:22:22,771 [INFO] django.utils.autoreload: C:\Users\Mictovic\projects\tutor_platform\tutor_platform\bookings\views.py changed, reloading.
2026-08-07 21:22:25,700 [INFO] django.utils.autoreload: Watching for file changes with StatReloader
2026-08-07 21:22:31,736 [INFO] django.utils.autoreload: C:\Users\Mictovic\projects\tutor_platform\tutor_platform\bookings\views.py changed, reloading.
2026-08-07 21:22:35,003 [INFO] django.utils.autoreload: Watching for file changes with StatReloader
2026-08-08 09:26:06,102 [INFO] django.utils.autoreload: Watching for file changes with StatReloader
2026-08-08 09:33:35,662 [INFO] django.utils.autoreload: Watching for file changes with StatReloader
2026-08-08 09:54:55,340 [INFO] django.utils.autoreload: Watching for file changes with StatReloader
2026-08-08 09:55:49,806 [INFO] django.utils.autoreload: C:\Users\Mictovic\projects\tutor_platform\tutor_platform\tutor_platform\settings.py changed, reloading.
2026-08-08 09:55:52,843 [INFO] django.utils.autoreload: Watching for file changes with StatReloader
2026-08-08 09:55:56,451 [INFO] django.utils.autoreload: C:\Users\Mictovic\projects\tutor_platform\tutor_platform\tutor_platform\settings.py changed, reloading.
2026-08-08 09:55:59,672 [INFO] django.utils.autoreload: Watching for file changes with StatReloader
2026-08-08 09:56:05,818 [INFO] django.utils.autoreload: C:\Users\Mictovic\projects\tutor_platform\tutor_platform\tutor_platform\settings.py changed, reloading.
2026-08-08 09:56:08,694 [INFO] django.utils.autoreload: Watching for file changes with StatReloader
2026-08-08 09:56:28,704 [INFO] django.utils.autoreload: C:\Users\Mictovic\projects\tutor_platform\tutor_platform\payment\models.py changed, reloading.
2026-08-08 09:56:32,035 [INFO] django.utils.autoreload: Watching for file changes with StatReloader
2026-08-08 09:57:05,859 [INFO] django.utils.autoreload: Watching for file changes with StatReloader
2026-08-08 10:03:19,951 [INFO] django.utils.autoreload: C:\Users\Mictovic\projects\tutor_platform\tutor_platform\payment\models.py changed, reloading.
2026-08-08 10:03:24,541 [INFO] django.utils.autoreload: Watching for file changes with StatReloader
2026-08-08 10:03:28,318 [INFO] django.utils.autoreload: C:\Users\Mictovic\projects\tutor_platform\tutor_platform\payment\models.py changed, reloading.
2026-08-08 10:03:31,861 [INFO] django.utils.autoreload: Watching for file changes with StatReloader
2026-08-08 10:03:47,966 [INFO] django.utils.autoreload: C:\Users\Mictovic\projects\tutor_platform\tutor_platform\payment\models.py changed, reloading.
2026-08-08 10:03:51,080 [INFO] django.utils.autoreload: Watching for file changes with StatReloader
2026-08-08 10:03:54,216 [INFO] django.utils.autoreload: C:\Users\Mictovic\projects\tutor_platform\tutor_platform\payment\models.py changed, reloading.
2026-08-08 10:03:57,874 [INFO] django.utils.autoreload: Watching for file changes with StatReloader
2026-08-08 10:04:10,597 [INFO] django.utils.autoreload: C:\Users\Mictovic\projects\tutor_platform\tutor_platform\payment\models.py changed, reloading.
2026-08-08 10:04:12,976 [INFO] django.utils.autoreload: Watching for file changes with StatReloader
2026-08-08 10:06:13,350 [INFO] django.utils.autoreload: C:\Users\Mictovic\projects\tutor_platform\tutor_platform\tutor_platform\urls.py changed, reloading.
2026-08-08 10:06:16,660 [INFO] django.utils.autoreload: Watching for file changes with StatReloader
2026-08-08 10:14:30,865 [INFO] django.utils.autoreload: Watching for file changes with StatReloader
2026-08-08 11:12:52,416 [INFO] django.utils.autoreload: Watching for file changes with StatReloader
2026-08-08 11:16:03,221 [INFO] django.utils.autoreload: C:\Users\Mictovic\projects\tutor_platform\tutor_platform\tutor_platform\settings.py changed, reloading.
2026-08-08 11:16:09,310 [INFO] django.utils.autoreload: Watching for file changes with StatReloader
2026-08-08 11:16:43,894 [INFO] django.utils.autoreload: Watching for file changes with StatReloader
2026-08-08 11:18:47,227 [INFO] django.utils.autoreload: Watching for file changes with StatReloader
2026-08-08 11:21:28,608 [INFO] django.utils.autoreload: Watching for file changes with StatReloader
2026-08-08 11:21:32,387 [INFO] daphne.server: HTTP/2 support not enabled (install the http2 and tls Twisted extras)
2026-08-08 11:21:32,387 [INFO] daphne.server: Configuring endpoint tcp:port=8000:interface=127.0.0.1
2026-08-08 11:21:32,390 [INFO] daphne.server: Listening on TCP address 127.0.0.1:8000
2026-08-08 11:22:31,435 [INFO] django.utils.autoreload: Watching for file changes with StatReloader
2026-08-08 11:22:34,524 [INFO] daphne.server: HTTP/2 support not enabled (install the http2 and tls Twisted extras)
2026-08-08 11:22:34,524 [INFO] daphne.server: Configuring endpoint tcp:port=8000:interface=127.0.0.1
2026-08-08 11:22:34,524 [INFO] daphne.server: Listening on TCP address 127.0.0.1:8000
2026-08-08 11:37:19,348 [INFO] django.channels.server: [mHTTP POST /api/v1/auth/login/ 200 [6.35, 127.0.0.1:62120][0m
2026-08-08 11:43:56,329 [INFO] django.channels.server: [32mHTTP GET /api/v1/tutors/my-profile/availability 301 [1.02, 127.0.0.1:58278][0m
2026-08-08 11:43:56,442 [WARNING] django.channels.server: [31;1mHTTP GET /api/v1/tutors/my-profile/availability/ 401 [0.09, 127.0.0.1:58278][0m
2026-08-08 11:44:42,689 [INFO] django.channels.server: [32mHTTP GET /api/v1/tutors/my-profile/availability 301 [0.04, 127.0.0.1:58278][0m
2026-08-08 11:44:42,719 [WARNING] django.channels.server: [31;1mHTTP GET /api/v1/tutors/my-profile/availability/ 401 [0.02, 127.0.0.1:58278][0m
2026-08-08 11:48:51,902 [ERROR] django.channels.server: [35;1mHTTP GET /api/v1/payment/onboard/status/ 500 [4.39, 127.0.0.1:52492][0m
2026-08-08 11:49:28,672 [INFO] django.utils.autoreload: C:\Users\Mictovic\projects\tutor_platform\tutor_platform\payment\views.py changed, reloading.
2026-08-08 11:49:37,076 [INFO] django.utils.autoreload: Watching for file changes with StatReloader
2026-08-08 11:49:43,708 [INFO] daphne.server: HTTP/2 support not enabled (install the http2 and tls Twisted extras)
2026-08-08 11:49:43,710 [INFO] daphne.server: Configuring endpoint tcp:port=8000:interface=127.0.0.1
2026-08-08 11:49:43,712 [INFO] daphne.server: Listening on TCP address 127.0.0.1:8000
2026-08-08 11:50:13,405 [INFO] django.utils.autoreload: C:\Users\Mictovic\projects\tutor_platform\tutor_platform\payment\views.py changed, reloading.
2026-08-08 11:50:18,442 [INFO] django.utils.autoreload: Watching for file changes with StatReloader
2026-08-08 11:50:22,446 [INFO] daphne.server: HTTP/2 support not enabled (install the http2 and tls Twisted extras)
2026-08-08 11:50:22,450 [INFO] daphne.server: Configuring endpoint tcp:port=8000:interface=127.0.0.1
2026-08-08 11:50:22,455 [INFO] daphne.server: Listening on TCP address 127.0.0.1:8000
2026-08-08 11:51:14,231 [INFO] django.channels.server: [mHTTP POST /api/v1/auth/login/ 200 [3.74, 127.0.0.1:50377][0m
2026-08-08 11:53:31,905 [ERROR] django.channels.server: [35;1mHTTP GET /api/v1/payment/onboard/status/ 500 [2.47, 127.0.0.1:56228][0m
2026-08-08 11:56:26,470 [WARNING] django.channels.server: [33mHTTP POST /api/v1/chat/threads/start/ 404 [0.03, 127.0.0.1:56806][0m
2026-08-08 11:57:35,389 [INFO] django.channels.server: [mHTTP POST /api/v1/chat/start/ 200 [2.46, 127.0.0.1:54057][0m
2026-08-08 12:00:23,195 [INFO] django.channels.server: [32mHTTP GET /admin/ 302 [2.42, 127.0.0.1:64767][0m
2026-08-08 12:00:26,086 [INFO] django.channels.server: [mHTTP GET /admin/login/?next=/admin/ 200 [2.86, 127.0.0.1:64767][0m
2026-08-08 12:00:26,619 [INFO] django.channels.server: [mHTTP GET /static/admin/css/nav_sidebar.css 200 [0.02, 127.0.0.1:51671][0m
2026-08-08 12:00:26,647 [INFO] django.channels.server: [mHTTP GET /static/admin/css/login.css 200 [0.05, 127.0.0.1:58900][0m
2026-08-08 12:00:26,653 [INFO] django.channels.server: [mHTTP GET /static/admin/css/base.css 200 [0.39, 127.0.0.1:64767][0m
2026-08-08 12:00:26,667 [INFO] django.channels.server: [mHTTP GET /static/admin/css/responsive.css 200 [0.06, 127.0.0.1:54692][0m
2026-08-08 12:00:26,678 [INFO] django.channels.server: [mHTTP GET /static/admin/css/dark_mode.css 200 [0.39, 127.0.0.1:60031][0m
2026-08-08 12:00:26,844 [INFO] django.channels.server: [mHTTP GET /static/admin/js/nav_sidebar.js 200 [0.18, 127.0.0.1:58900][0m
2026-08-08 12:00:26,844 [INFO] django.channels.server: [mHTTP GET /static/admin/js/theme.js 200 [0.18, 127.0.0.1:64767][0m
2026-08-08 12:00:27,057 [WARNING] django.channels.server: [33mHTTP GET /favicon.ico 404 [0.03, 127.0.0.1:64767][0m
2026-08-08 12:00:49,527 [INFO] django.channels.server: [32mHTTP POST /admin/login/?next=/admin/ 302 [3.58, 127.0.0.1:64767][0m
2026-08-08 12:00:51,923 [INFO] django.channels.server: [mHTTP GET /admin/ 200 [2.39, 127.0.0.1:64767][0m
2026-08-08 12:00:52,034 [INFO] django.channels.server: [mHTTP GET /static/admin/css/dashboard.css 200 [0.01, 127.0.0.1:64767][0m
2026-08-08 12:00:52,078 [INFO] django.channels.server: [mHTTP GET /static/admin/img/icon-addlink.svg 200 [0.06, 127.0.0.1:58900][0m
2026-08-08 12:00:52,084 [INFO] django.channels.server: [mHTTP GET /static/admin/img/icon-deletelink.svg 200 [0.05, 127.0.0.1:54692][0m
2026-08-08 12:00:52,093 [INFO] django.channels.server: [mHTTP GET /static/admin/img/icon-changelink.svg 200 [0.07, 127.0.0.1:60031][0m
2026-08-08 12:04:03,584 [INFO] django.channels.server: [mHTTP GET /admin/tutors/tutorprofile/ 200 [2.89, 127.0.0.1:57030][0m
2026-08-08 12:04:03,779 [INFO] django.channels.server: [mHTTP GET /static/admin/css/changelists.css 200 [0.05, 127.0.0.1:57030][0m
2026-08-08 12:04:04,200 [INFO] django.channels.server: [mHTTP GET /static/admin/js/jquery.init.js 200 [0.15, 127.0.0.1:62619][0m
2026-08-08 12:04:04,253 [INFO] django.channels.server: [mHTTP GET /static/admin/js/actions.js 200 [0.19, 127.0.0.1:49387][0m
2026-08-08 12:04:04,263 [INFO] django.channels.server: [mHTTP GET /static/admin/js/core.js 200 [0.21, 127.0.0.1:60453][0m
2026-08-08 12:04:04,275 [INFO] django.channels.server: [mHTTP GET /static/admin/js/admin/RelatedObjectLookups.js 200 [0.21, 127.0.0.1:62759][0m
2026-08-08 12:04:04,289 [INFO] django.channels.server: [mHTTP GET /static/admin/js/urlify.js 200 [0.08, 127.0.0.1:62619][0m
2026-08-08 12:04:04,321 [INFO] django.channels.server: [mHTTP GET /static/admin/js/vendor/jquery/jquery.js 200 [0.54, 127.0.0.1:57030][0m
2026-08-08 12:04:04,327 [INFO] django.channels.server: [mHTTP GET /static/admin/js/prepopulate.js 200 [0.07, 127.0.0.1:49387][0m
2026-08-08 12:04:04,381 [INFO] django.channels.server: [mHTTP GET /static/admin/img/search.svg 200 [0.03, 127.0.0.1:57030][0m
2026-08-08 12:04:04,391 [INFO] django.channels.server: [mHTTP GET /static/admin/img/icon-yes.svg 200 [0.04, 127.0.0.1:49387][0m
2026-08-08 12:04:04,519 [INFO] django.channels.server: [mHTTP GET /static/admin/js/vendor/xregexp/xregexp.js 200 [0.25, 127.0.0.1:60453][0m
2026-08-08 12:04:04,689 [INFO] django.channels.server: [mHTTP GET /static/admin/js/filters.js 200 [0.11, 127.0.0.1:60453][0m
2026-08-08 12:04:05,994 [INFO] django.channels.server: [mHTTP GET /admin/jsi18n/ 200 [2.26, 127.0.0.1:51625][0m
2026-08-08 12:04:06,240 [INFO] django.channels.server: [mHTTP GET /static/admin/img/tooltag-add.svg 200 [0.07, 127.0.0.1:51625][0m
2026-08-08 12:04:06,240 [INFO] django.channels.server: [mHTTP GET /static/admin/img/sorting-icons.svg 200 [0.06, 127.0.0.1:60453][0m
2026-08-08 12:04:11,247 [INFO] django.channels.server: [mHTTP GET /admin/tutors/tutorprofile/1/change/ 200 [3.02, 127.0.0.1:51625][0m
2026-08-08 12:04:11,453 [INFO] django.channels.server: [mHTTP GET /static/admin/css/forms.css 200 [0.11, 127.0.0.1:51625][0m
2026-08-08 12:04:11,517 [INFO] django.channels.server: [mHTTP GET /static/admin/js/admin/DateTimeShortcuts.js 200 [0.16, 127.0.0.1:49387][0m
2026-08-08 12:04:11,525 [INFO] django.channels.server: [mHTTP GET /static/admin/css/widgets.css 200 [0.05, 127.0.0.1:51625][0m
2026-08-08 12:04:11,528 [INFO] django.channels.server: [mHTTP GET /static/admin/js/calendar.js 200 [0.18, 127.0.0.1:60453][0m
2026-08-08 12:04:11,541 [INFO] django.channels.server: [mHTTP GET /static/admin/js/inlines.js 200 [0.18, 127.0.0.1:57030][0m
2026-08-08 12:04:11,590 [INFO] django.channels.server: [mHTTP GET /static/admin/img/icon-viewlink.svg 200 [0.05, 127.0.0.1:60453][0m
2026-08-08 12:04:11,600 [INFO] django.channels.server: [mHTTP GET /static/admin/js/prepopulate_init.js 200 [0.05, 127.0.0.1:51625][0m
2026-08-08 12:04:11,656 [INFO] django.channels.server: [mHTTP GET /static/admin/img/icon-unknown.svg 200 [0.04, 127.0.0.1:51625][0m
2026-08-08 12:04:11,736 [INFO] django.channels.server: [mHTTP GET /static/admin/js/change_form.js 200 [0.07, 127.0.0.1:51625][0m
2026-08-08 12:04:13,572 [INFO] django.channels.server: [mHTTP GET /admin/jsi18n/ 200 [2.21, 127.0.0.1:62619][0m
2026-08-08 12:04:14,120 [INFO] django.channels.server: [mHTTP GET /static/admin/img/icon-clock.svg 200 [0.11, 127.0.0.1:62619][0m
2026-08-08 12:04:24,129 [INFO] django.channels.server: [mHTTP POST /api/v1/chat/start/ 200 [2.35, 127.0.0.1:56604][0m
2026-08-08 12:04:38,076 [INFO] django.channels.server: [mHTTP POST /api/v1/chat/start/ 200 [2.34, 127.0.0.1:56604][0m
2026-08-08 12:04:45,489 [INFO] django.channels.server: [mHTTP POST /api/v1/chat/start/ 200 [2.26, 127.0.0.1:56604][0m
2026-08-08 12:10:01,747 [INFO] django.channels.server: WebSocket HANDSHAKING /ws/chat/2/ [127.0.0.1:53535]
2026-08-08 12:10:02,567 [ERROR] daphne.server: Exception inside application: type object 'Token' has no attribute 'DoesNotExist'
Traceback (most recent call last):
  File "C:\Users\Mictovic\projects\tutor_platform\tutor_platform\chat\middleware.py", line 22, in get_user_from_token
    return Token.objects.select_related('user').get(key=token).user
           ^^^^^^^^^^^^^
AttributeError: type object 'Token' has no attribute 'objects'

During handling of the above exception, another exception occurred:

Traceback (most recent call last):
  File "C:\Users\Mictovic\projects\tutor_platform\env\Lib\site-packages\django\contrib\staticfiles\handlers.py", line 101, in __call__
    return await self.application(scope, receive, send)
           ^^^^^^^^^^^^^^^^^^^^^^^^^^^^^^^^^^^^^^^^^^^^
  File "C:\Users\Mictovic\projects\tutor_platform\env\Lib\site-packages\channels\routing.py", line 48, in __call__
    return await application(scope, receive, send)
           ^^^^^^^^^^^^^^^^^^^^^^^^^^^^^^^^^^^^^^^
  File "C:\Users\Mictovic\projects\tutor_platform\env\Lib\site-packages\channels\security\websocket.py", line 37, in __call__
    return await self.application(scope, receive, send)
           ^^^^^^^^^^^^^^^^^^^^^^^^^^^^^^^^^^^^^^^^^^^^
  File "C:\Users\Mictovic\projects\tutor_platform\tutor_platform\chat\middleware.py", line 31, in __call__
    scope['user'] = await get_user_from_token(token) if token else AnonymousUser()
                    ^^^^^^^^^^^^^^^^^^^^^^^^^^^^^^^^
  File "C:\Users\Mictovic\projects\tutor_platform\env\Lib\site-packages\asgiref\sync.py", line 506, in __call__
    ret = await asyncio.shield(exec_coro)
          ^^^^^^^^^^^^^^^^^^^^^^^^^^^^^^^
  File "C:\Users\Mictovic\AppData\Local\Programs\Python\Python312\Lib\concurrent\futures\thread.py", line 59, in run
    result = self.fn(*self.args, **self.kwargs)
             ^^^^^^^^^^^^^^^^^^^^^^^^^^^^^^^^^^
  File "C:\Users\Mictovic\projects\tutor_platform\env\Lib\site-packages\channels\db.py", line 13, in thread_handler
    return super().thread_handler(loop, *args, **kwargs)
           ^^^^^^^^^^^^^^^^^^^^^^^^^^^^^^^^^^^^^^^^^^^^^
  File "C:\Users\Mictovic\projects\tutor_platform\env\Lib\site-packages\asgiref\sync.py", line 561, in thread_handler
    return func(*args, **kwargs)
           ^^^^^^^^^^^^^^^^^^^^^
  File "C:\Users\Mictovic\projects\tutor_platform\tutor_platform\chat\middleware.py", line 23, in get_user_from_token
    except Token.DoesNotExist:
           ^^^^^^^^^^^^^^^^^^
AttributeError: type object 'Token' has no attribute 'DoesNotExist'
2026-08-08 12:10:02,787 [INFO] django.channels.server: WebSocket DISCONNECT /ws/chat/2/ [127.0.0.1:53535]
2026-08-08 12:11:04,275 [INFO] django.utils.autoreload: C:\Users\Mictovic\projects\tutor_platform\tutor_platform\chat\middleware.py changed, reloading.
2026-08-08 12:11:14,206 [INFO] django.utils.autoreload: Watching for file changes with StatReloader
2026-08-08 12:11:18,591 [INFO] daphne.server: HTTP/2 support not enabled (install the http2 and tls Twisted extras)
2026-08-08 12:11:18,591 [INFO] daphne.server: Configuring endpoint tcp:port=8000:interface=127.0.0.1
2026-08-08 12:11:18,591 [INFO] daphne.server: Listening on TCP address 127.0.0.1:8000
2026-08-08 12:11:18,897 [INFO] django.channels.server: WebSocket HANDSHAKING /ws/chat/2/ [127.0.0.1:61192]
2026-08-08 12:11:23,012 [INFO] django.channels.server: WebSocket DISCONNECT /ws/chat/2/ [127.0.0.1:61192]
2026-08-08 12:12:18,383 [INFO] django.utils.autoreload: Watching for file changes with StatReloader
2026-08-08 12:12:21,946 [INFO] daphne.server: HTTP/2 support not enabled (install the http2 and tls Twisted extras)
2026-08-08 12:12:21,948 [INFO] daphne.server: Configuring endpoint tcp:port=8000:interface=127.0.0.1
2026-08-08 12:12:21,948 [INFO] daphne.server: Listening on TCP address 127.0.0.1:8000
2026-08-08 12:12:25,573 [INFO] django.channels.server: WebSocket HANDSHAKING /ws/chat/2/ [127.0.0.1:54396]
2026-08-08 12:12:30,014 [INFO] django.channels.server: WebSocket DISCONNECT /ws/chat/2/ [127.0.0.1:54396]
2026-08-08 12:15:43,651 [INFO] django.utils.autoreload: C:\Users\Mictovic\projects\tutor_platform\tutor_platform\chat\consumers.py changed, reloading.
2026-08-08 12:15:49,367 [INFO] django.utils.autoreload: Watching for file changes with StatReloader
2026-08-08 12:15:52,955 [INFO] daphne.server: HTTP/2 support not enabled (install the http2 and tls Twisted extras)
2026-08-08 12:15:52,956 [INFO] daphne.server: Configuring endpoint tcp:port=8000:interface=127.0.0.1
2026-08-08 12:15:52,959 [INFO] daphne.server: Listening on TCP address 127.0.0.1:8000
2026-08-08 12:16:01,432 [INFO] django.channels.server: WebSocket HANDSHAKING /ws/chat/2/ [127.0.0.1:63372]
2026-08-08 12:16:06,000 [INFO] django.channels.server: WebSocket DISCONNECT /ws/chat/2/ [127.0.0.1:63372]
2026-08-08 12:19:15,649 [INFO] django.channels.server: WebSocket HANDSHAKING /ws/chat/2/ [127.0.0.1:64479]
2026-08-08 12:19:20,016 [INFO] django.channels.server: WebSocket DISCONNECT /ws/chat/2/ [127.0.0.1:64479]
2026-08-08 12:34:08,248 [INFO] django.channels.server: WebSocket HANDSHAKING /ws/chat/2/ [127.0.0.1:55706]
2026-08-08 12:34:13,023 [INFO] django.channels.server: WebSocket DISCONNECT /ws/chat/2/ [127.0.0.1:55706]
2026-08-08 12:37:28,691 [INFO] daphne.server: HTTP/2 support not enabled (install the http2 and tls Twisted extras)
2026-08-08 12:37:28,691 [INFO] daphne.server: Configuring endpoint tcp:port=8000:interface=127.0.0.1
2026-08-08 12:37:28,691 [INFO] daphne.server: Listening on TCP address 127.0.0.1:8000
2026-08-08 12:38:38,930 [INFO] django.channels.server: WebSocket HANDSHAKING /ws/chat/2/ [127.0.0.1:51466]
2026-08-08 12:38:43,008 [INFO] django.channels.server: WebSocket DISCONNECT /ws/chat/2/ [127.0.0.1:51466]
2026-08-08 12:40:33,011 [WARNING] django.channels.server: [33mHTTP GET / 404 [0.09, 127.0.0.1:50444][0m
2026-08-08 12:40:37,372 [WARNING] django.channels.server: [33mHTTP GET /.well-known/appspecific/com.chrome.devtools.json 404 [0.04, 127.0.0.1:50444][0m
2026-08-08 12:41:57,092 [INFO] django.channels.server: WebSocket HANDSHAKING /ws/chat/2/ [127.0.0.1:51177]
2026-08-08 12:42:01,559 [INFO] django.channels.server: WebSocket CONNECT /ws/chat/2/ [127.0.0.1:51177]
2026-08-08 12:42:07,785 [ERROR] daphne.server: Exception inside application: Timeout reading from localhost:6379
Traceback (most recent call last):
  File "C:\Users\Mictovic\projects\tutor_platform\env\Lib\site-packages\redis\asyncio\connection.py", line 1286, in read_response
    response = await self._read_response_from_parser(
               ^^^^^^^^^^^^^^^^^^^^^^^^^^^^^^^^^^^^^^
  File "C:\Users\Mictovic\projects\tutor_platform\env\Lib\site-packages\redis\asyncio\connection.py", line 1335, in _read_response_from_parser
    return await self._parser.read_response(
           ^^^^^^^^^^^^^^^^^^^^^^^^^^^^^^^^^
  File "C:\Users\Mictovic\projects\tutor_platform\env\Lib\site-packages\redis\_parsers\resp3.py", line 185, in read_response
    response = await self._read_response(
               ^^^^^^^^^^^^^^^^^^^^^^^^^^
  File "C:\Users\Mictovic\projects\tutor_platform\env\Lib\site-packages\redis\_parsers\resp3.py", line 197, in _read_response
    raw = await self._readline()
          ^^^^^^^^^^^^^^^^^^^^^^
  File "C:\Users\Mictovic\projects\tutor_platform\env\Lib\site-packages\redis\_parsers\base.py", line 587, in _readline
    data = await self._stream.readline()
           ^^^^^^^^^^^^^^^^^^^^^^^^^^^^^
  File "C:\Users\Mictovic\AppData\Local\Programs\Python\Python312\Lib\asyncio\streams.py", line 568, in readline
    line = await self.readuntil(sep)
           ^^^^^^^^^^^^^^^^^^^^^^^^^
  File "C:\Users\Mictovic\AppData\Local\Programs\Python\Python312\Lib\asyncio\streams.py", line 660, in readuntil
    await self._wait_for_data('readuntil')
  File "C:\Users\Mictovic\AppData\Local\Programs\Python\Python312\Lib\asyncio\streams.py", line 545, in _wait_for_data
    await self._waiter
asyncio.exceptions.CancelledError

The above exception was the direct cause of the following exception:

Traceback (most recent call last):
  File "C:\Users\Mictovic\projects\tutor_platform\env\Lib\site-packages\redis\asyncio\connection.py", line 1283, in read_response
    async with timeout_context as active_timeout:
               ^^^^^^^^^^^^^^^
  File "C:\Users\Mictovic\AppData\Local\Programs\Python\Python312\Lib\asyncio\timeouts.py", line 115, in __aexit__
    raise TimeoutError from exc_val
TimeoutError

During handling of the above exception, another exception occurred:

Traceback (most recent call last):
  File "C:\Users\Mictovic\projects\tutor_platform\env\Lib\site-packages\django\contrib\staticfiles\handlers.py", line 101, in __call__
    return await self.application(scope, receive, send)
           ^^^^^^^^^^^^^^^^^^^^^^^^^^^^^^^^^^^^^^^^^^^^
  File "C:\Users\Mictovic\projects\tutor_platform\env\Lib\site-packages\channels\routing.py", line 48, in __call__
    return await application(scope, receive, send)
           ^^^^^^^^^^^^^^^^^^^^^^^^^^^^^^^^^^^^^^^
  File "C:\Users\Mictovic\projects\tutor_platform\env\Lib\site-packages\channels\security\websocket.py", line 37, in __call__
    return await self.application(scope, receive, send)
           ^^^^^^^^^^^^^^^^^^^^^^^^^^^^^^^^^^^^^^^^^^^^
  File "C:\Users\Mictovic\projects\tutor_platform\tutor_platform\chat\middleware.py", line 30, in __call__
    return await super().__call__(scope, receive, send)
           ^^^^^^^^^^^^^^^^^^^^^^^^^^^^^^^^^^^^^^^^^^^^
  File "C:\Users\Mictovic\projects\tutor_platform\env\Lib\site-packages\channels\middleware.py", line 24, in __call__
    return await self.inner(scope, receive, send)
           ^^^^^^^^^^^^^^^^^^^^^^^^^^^^^^^^^^^^^^
  File "C:\Users\Mictovic\projects\tutor_platform\env\Lib\site-packages\channels\routing.py", line 118, in __call__
    return await application(
           ^^^^^^^^^^^^^^^^^^
  File "C:\Users\Mictovic\projects\tutor_platform\env\Lib\site-packages\channels\consumer.py", line 95, in app
    return await consumer(scope, receive, send)
           ^^^^^^^^^^^^^^^^^^^^^^^^^^^^^^^^^^^^
  File "C:\Users\Mictovic\projects\tutor_platform\env\Lib\site-packages\channels\consumer.py", line 58, in __call__
    await await_many_dispatch(
  File "C:\Users\Mictovic\projects\tutor_platform\env\Lib\site-packages\channels\utils.py", line 57, in await_many_dispatch
    await task
redis.exceptions.TimeoutError: Timeout reading from localhost:6379
2026-08-08 12:42:08,823 [INFO] django.channels.server: WebSocket DISCONNECT /ws/chat/2/ [127.0.0.1:51177]
2026-08-08 13:01:29,436 [INFO] daphne.server: Killed 0 pending application instances
2026-08-08 13:01:53,114 [INFO] django.utils.autoreload: Watching for file changes with StatReloader
2026-08-08 13:01:57,838 [INFO] daphne.server: HTTP/2 support not enabled (install the http2 and tls Twisted extras)
2026-08-08 13:01:57,838 [INFO] daphne.server: Configuring endpoint tcp:port=8000:interface=127.0.0.1
2026-08-08 13:01:57,844 [INFO] daphne.server: Listening on TCP address 127.0.0.1:8000
2026-08-08 13:05:12,633 [WARNING] django.channels.server: [33mHTTP GET /.well-known/appspecific/com.chrome.devtools.json 404 [0.09, 127.0.0.1:55227][0m
2026-08-08 13:05:12,636 [WARNING] django.channels.server: [33mHTTP GET / 404 [0.13, 127.0.0.1:61363][0m
2026-08-08 13:05:22,719 [INFO] django.channels.server: WebSocket HANDSHAKING /ws/chat/2/ [127.0.0.1:51395]
2026-08-08 13:05:27,004 [INFO] django.channels.server: WebSocket DISCONNECT /ws/chat/2/ [127.0.0.1:51395]
2026-08-08 13:09:25,390 [INFO] django.channels.server: WebSocket HANDSHAKING /ws/chat/2/ [127.0.0.1:55899]
2026-08-08 13:09:29,815 [INFO] django.channels.server: WebSocket CONNECT /ws/chat/2/ [127.0.0.1:55899]
2026-08-08 13:09:33,466 [ERROR] daphne.server: Exception inside application: Timeout reading from localhost:6379
Traceback (most recent call last):
  File "C:\Users\Mictovic\projects\tutor_platform\env\Lib\site-packages\redis\asyncio\connection.py", line 1286, in read_response
    response = await self._read_response_from_parser(
               ^^^^^^^^^^^^^^^^^^^^^^^^^^^^^^^^^^^^^^
  File "C:\Users\Mictovic\projects\tutor_platform\env\Lib\site-packages\redis\asyncio\connection.py", line 1335, in _read_response_from_parser
    return await self._parser.read_response(
           ^^^^^^^^^^^^^^^^^^^^^^^^^^^^^^^^^
  File "C:\Users\Mictovic\projects\tutor_platform\env\Lib\site-packages\redis\_parsers\resp3.py", line 185, in read_response
    response = await self._read_response(
               ^^^^^^^^^^^^^^^^^^^^^^^^^^
  File "C:\Users\Mictovic\projects\tutor_platform\env\Lib\site-packages\redis\_parsers\resp3.py", line 197, in _read_response
    raw = await self._readline()
          ^^^^^^^^^^^^^^^^^^^^^^
  File "C:\Users\Mictovic\projects\tutor_platform\env\Lib\site-packages\redis\_parsers\base.py", line 587, in _readline
    data = await self._stream.readline()
           ^^^^^^^^^^^^^^^^^^^^^^^^^^^^^
  File "C:\Users\Mictovic\AppData\Local\Programs\Python\Python312\Lib\asyncio\streams.py", line 568, in readline
    line = await self.readuntil(sep)
           ^^^^^^^^^^^^^^^^^^^^^^^^^
  File "C:\Users\Mictovic\AppData\Local\Programs\Python\Python312\Lib\asyncio\streams.py", line 660, in readuntil
    await self._wait_for_data('readuntil')
  File "C:\Users\Mictovic\AppData\Local\Programs\Python\Python312\Lib\asyncio\streams.py", line 545, in _wait_for_data
    await self._waiter
asyncio.exceptions.CancelledError

The above exception was the direct cause of the following exception:

Traceback (most recent call last):
  File "C:\Users\Mictovic\projects\tutor_platform\env\Lib\site-packages\redis\asyncio\connection.py", line 1283, in read_response
    async with timeout_context as active_timeout:
               ^^^^^^^^^^^^^^^
  File "C:\Users\Mictovic\AppData\Local\Programs\Python\Python312\Lib\asyncio\timeouts.py", line 115, in __aexit__
    raise TimeoutError from exc_val
TimeoutError

During handling of the above exception, another exception occurred:

Traceback (most recent call last):
  File "C:\Users\Mictovic\projects\tutor_platform\env\Lib\site-packages\django\contrib\staticfiles\handlers.py", line 101, in __call__
    return await self.application(scope, receive, send)
           ^^^^^^^^^^^^^^^^^^^^^^^^^^^^^^^^^^^^^^^^^^^^
  File "C:\Users\Mictovic\projects\tutor_platform\env\Lib\site-packages\channels\routing.py", line 48, in __call__
    return await application(scope, receive, send)
           ^^^^^^^^^^^^^^^^^^^^^^^^^^^^^^^^^^^^^^^
  File "C:\Users\Mictovic\projects\tutor_platform\env\Lib\site-packages\channels\security\websocket.py", line 37, in __call__
    return await self.application(scope, receive, send)
           ^^^^^^^^^^^^^^^^^^^^^^^^^^^^^^^^^^^^^^^^^^^^
  File "C:\Users\Mictovic\projects\tutor_platform\tutor_platform\chat\middleware.py", line 30, in __call__
    return await super().__call__(scope, receive, send)
           ^^^^^^^^^^^^^^^^^^^^^^^^^^^^^^^^^^^^^^^^^^^^
  File "C:\Users\Mictovic\projects\tutor_platform\env\Lib\site-packages\channels\middleware.py", line 24, in __call__
    return await self.inner(scope, receive, send)
           ^^^^^^^^^^^^^^^^^^^^^^^^^^^^^^^^^^^^^^
  File "C:\Users\Mictovic\projects\tutor_platform\env\Lib\site-packages\channels\routing.py", line 118, in __call__
    return await application(
           ^^^^^^^^^^^^^^^^^^
  File "C:\Users\Mictovic\projects\tutor_platform\env\Lib\site-packages\channels\consumer.py", line 95, in app
    return await consumer(scope, receive, send)
           ^^^^^^^^^^^^^^^^^^^^^^^^^^^^^^^^^^^^
  File "C:\Users\Mictovic\projects\tutor_platform\env\Lib\site-packages\channels\consumer.py", line 58, in __call__
    await await_many_dispatch(
  File "C:\Users\Mictovic\projects\tutor_platform\env\Lib\site-packages\channels\utils.py", line 57, in await_many_dispatch
    await task
redis.exceptions.TimeoutError: Timeout reading from localhost:6379
2026-08-08 13:09:33,548 [INFO] django.channels.server: WebSocket DISCONNECT /ws/chat/2/ [127.0.0.1:55899]
2026-08-08 15:06:47,899 [WARNING] django.channels.server: [33mHTTP GET /api/v1/tutor/dashboard_stats/ 404 [0.59, 127.0.0.1:49684][0m
2026-08-08 15:06:57,616 [WARNING] django.channels.server: [33mHTTP GET /api/v1/tutor/dashboard-stats/ 404 [0.08, 127.0.0.1:49684][0m
2026-08-08 15:07:20,467 [WARNING] django.channels.server: [33mHTTP GET /api/v1/tutor/my-profile/dashboard-stats 404 [0.03, 127.0.0.1:49684][0m
2026-08-08 15:07:52,244 [WARNING] django.channels.server: [33mHTTP GET /api/v1/tutor/my-profile/dashboard-stats 404 [0.06, 127.0.0.1:49684][0m
2026-08-08 15:09:40,413 [INFO] django.channels.server: [32mHTTP GET /api/v1/tutors/my-profile/dashboard-stats 301 [0.04, 127.0.0.1:53284][0m
2026-08-08 15:09:40,603 [WARNING] django.channels.server: [31;1mHTTP GET /api/v1/tutors/my-profile/dashboard-stats/ 401 [0.17, 127.0.0.1:53284][0m
2026-08-08 15:09:52,859 [INFO] django.channels.server: [mHTTP POST /api/v1/auth/login/ 200 [5.25, 127.0.0.1:53284][0m
2026-08-08 15:10:07,735 [INFO] django.channels.server: [32mHTTP GET /api/v1/tutors/my-profile/dashboard-stats 301 [0.08, 127.0.0.1:53284][0m
2026-08-08 15:10:14,275 [ERROR] django.channels.server: [35;1mHTTP GET /api/v1/tutors/my-profile/dashboard-stats/ 500 [6.47, 127.0.0.1:53284][0m
2026-08-08 15:16:36,068 [INFO] django.utils.autoreload: C:\Users\Mictovic\projects\tutor_platform\tutor_platform\tutors\views.py changed, reloading.
2026-08-08 15:16:44,483 [INFO] django.utils.autoreload: Watching for file changes with StatReloader
2026-08-08 15:16:48,760 [INFO] daphne.server: HTTP/2 support not enabled (install the http2 and tls Twisted extras)
2026-08-08 15:16:48,760 [INFO] daphne.server: Configuring endpoint tcp:port=8000:interface=127.0.0.1
2026-08-08 15:16:48,765 [INFO] daphne.server: Listening on TCP address 127.0.0.1:8000
2026-08-08 15:16:56,474 [INFO] django.utils.autoreload: C:\Users\Mictovic\projects\tutor_platform\tutor_platform\tutors\views.py changed, reloading.
2026-08-08 15:17:00,848 [INFO] django.utils.autoreload: Watching for file changes with StatReloader
2026-08-08 15:17:04,067 [INFO] daphne.server: HTTP/2 support not enabled (install the http2 and tls Twisted extras)
2026-08-08 15:17:04,069 [INFO] daphne.server: Configuring endpoint tcp:port=8000:interface=127.0.0.1
2026-08-08 15:17:04,071 [INFO] daphne.server: Listening on TCP address 127.0.0.1:8000
2026-08-08 15:18:11,045 [INFO] django.channels.server: [32mHTTP GET /api/v1/tutors/my-profile/dashboard-stats 301 [0.09, 127.0.0.1:57058][0m
2026-08-08 15:18:13,827 [INFO] django.channels.server: [mHTTP GET /api/v1/tutors/my-profile/dashboard-stats/ 200 [2.75, 127.0.0.1:57058][0m
2026-08-08 15:18:39,493 [INFO] django.utils.autoreload: Watching for file changes with StatReloader
2026-08-08 15:18:42,817 [INFO] daphne.server: HTTP/2 support not enabled (install the http2 and tls Twisted extras)
2026-08-08 15:18:42,817 [INFO] daphne.server: Configuring endpoint tcp:port=8000:interface=127.0.0.1
2026-08-08 15:18:42,817 [INFO] daphne.server: Listening on TCP address 127.0.0.1:8000
2026-08-08 15:19:05,706 [INFO] django.channels.server: [32mHTTP GET /api/v1/tutors/my-profile/wallet 301 [0.09, 127.0.0.1:50945][0m
2026-08-08 15:19:08,156 [INFO] django.channels.server: [mHTTP GET /api/v1/tutors/my-profile/wallet/ 200 [2.42, 127.0.0.1:50945][0m
2026-08-08 15:19:50,063 [INFO] django.channels.server: [32mHTTP GET /api/v1/tutors/my-profile/transactions 301 [0.04, 127.0.0.1:50945][0m
2026-08-08 15:19:52,304 [INFO] django.channels.server: [mHTTP GET /api/v1/tutors/my-profile/transactions/ 200 [2.20, 127.0.0.1:50945][0m
2026-08-08 15:58:50,904 [INFO] django.utils.autoreload: Watching for file changes with StatReloader
2026-08-08 15:58:53,948 [INFO] daphne.server: HTTP/2 support not enabled (install the http2 and tls Twisted extras)
2026-08-08 15:58:53,948 [INFO] daphne.server: Configuring endpoint tcp:port=8000:interface=127.0.0.1
2026-08-08 15:58:53,948 [INFO] daphne.server: Listening on TCP address 127.0.0.1:8000
2026-08-08 15:59:28,691 [INFO] django.channels.server: WebSocket HANDSHAKING /ws/chat/2/ [127.0.0.1:61831]
2026-08-08 15:59:33,005 [INFO] django.channels.server: WebSocket DISCONNECT /ws/chat/2/ [127.0.0.1:61831]
2026-08-08 16:07:53,202 [INFO] django.utils.autoreload: C:\Users\Mictovic\projects\tutor_platform\tutor_platform\tutor_platform\settings.py changed, reloading.
2026-08-08 16:07:58,322 [INFO] django.utils.autoreload: Watching for file changes with StatReloader
2026-08-08 16:08:02,188 [INFO] daphne.server: HTTP/2 support not enabled (install the http2 and tls Twisted extras)
2026-08-08 16:08:02,188 [INFO] daphne.server: Configuring endpoint tcp:port=8000:interface=127.0.0.1
2026-08-08 16:08:02,198 [INFO] daphne.server: Listening on TCP address 127.0.0.1:8000
2026-08-08 16:08:43,294 [INFO] django.utils.autoreload: C:\Users\Mictovic\projects\tutor_platform\tutor_platform\tutor_platform\settings.py changed, reloading.
2026-08-08 16:08:48,650 [INFO] django.utils.autoreload: Watching for file changes with StatReloader
2026-08-08 16:08:51,864 [INFO] daphne.server: HTTP/2 support not enabled (install the http2 and tls Twisted extras)
2026-08-08 16:08:51,864 [INFO] daphne.server: Configuring endpoint tcp:port=8000:interface=127.0.0.1
2026-08-08 16:08:51,867 [INFO] daphne.server: Listening on TCP address 127.0.0.1:8000
2026-08-08 16:08:53,188 [INFO] django.utils.autoreload: C:\Users\Mictovic\projects\tutor_platform\tutor_platform\tutor_platform\settings.py changed, reloading.
2026-08-08 16:08:55,619 [INFO] django.utils.autoreload: Watching for file changes with StatReloader
2026-08-08 16:08:58,321 [INFO] daphne.server: HTTP/2 support not enabled (install the http2 and tls Twisted extras)
2026-08-08 16:08:58,321 [INFO] daphne.server: Configuring endpoint tcp:port=8000:interface=127.0.0.1
2026-08-08 16:08:58,321 [INFO] daphne.server: Listening on TCP address 127.0.0.1:8000
2026-08-08 16:14:38,890 [INFO] django.utils.autoreload: Watching for file changes with StatReloader
2026-08-08 16:17:22,939 [INFO] django.utils.autoreload: Watching for file changes with StatReloader
2026-08-08 16:19:24,725 [INFO] django.utils.autoreload: Watching for file changes with StatReloader
2026-08-08 16:19:28,040 [INFO] daphne.server: HTTP/2 support not enabled (install the http2 and tls Twisted extras)
2026-08-08 16:19:28,040 [INFO] daphne.server: Configuring endpoint tcp:port=8000:interface=127.0.0.1
2026-08-08 16:19:28,043 [INFO] daphne.server: Listening on TCP address 127.0.0.1:8000
2026-08-08 16:20:05,904 [INFO] django.utils.autoreload: C:\Users\Mictovic\projects\tutor_platform\tutor_platform\tutor_platform\settings.py changed, reloading.
2026-08-08 16:20:08,861 [INFO] django.utils.autoreload: Watching for file changes with StatReloader
2026-08-08 16:20:11,731 [INFO] daphne.server: HTTP/2 support not enabled (install the http2 and tls Twisted extras)
2026-08-08 16:20:11,731 [INFO] daphne.server: Configuring endpoint tcp:port=8000:interface=127.0.0.1
2026-08-08 16:20:11,731 [INFO] daphne.server: Listening on TCP address 127.0.0.1:8000
2026-08-08 16:20:24,730 [INFO] django.channels.server: WebSocket HANDSHAKING /ws/chat/2/ [127.0.0.1:53886]
2026-08-08 16:20:29,017 [INFO] django.channels.server: WebSocket DISCONNECT /ws/chat/2/ [127.0.0.1:53886]
2026-08-08 16:24:42,780 [INFO] django.channels.server: WebSocket HANDSHAKING /ws/chat/2/ [127.0.0.1:64363]
2026-08-08 16:24:47,015 [INFO] django.channels.server: WebSocket DISCONNECT /ws/chat/2/ [127.0.0.1:64363]
2026-08-08 16:27:24,976 [INFO] django.channels.server: WebSocket HANDSHAKING /ws/chat/2/ [127.0.0.1:53663]
2026-08-08 16:27:29,001 [INFO] django.channels.server: WebSocket DISCONNECT /ws/chat/2/ [127.0.0.1:53663]
2026-08-08 16:27:30,255 [INFO] django.channels.server: WebSocket HANDSHAKING /ws/chat/2/ [127.0.0.1:57278]
2026-08-08 16:27:34,631 [INFO] django.channels.server: WebSocket CONNECT /ws/chat/2/ [127.0.0.1:57278]
2026-08-08 16:27:35,390 [ERROR] daphne.server: Exception inside application: Expecting value: line 1 column 1 (char 0)
Traceback (most recent call last):
  File "C:\Users\Mictovic\projects\tutor_platform\env\Lib\site-packages\django\contrib\staticfiles\handlers.py", line 101, in __call__
    return await self.application(scope, receive, send)
           ^^^^^^^^^^^^^^^^^^^^^^^^^^^^^^^^^^^^^^^^^^^^
  File "C:\Users\Mictovic\projects\tutor_platform\env\Lib\site-packages\channels\routing.py", line 48, in __call__
    return await application(scope, receive, send)
           ^^^^^^^^^^^^^^^^^^^^^^^^^^^^^^^^^^^^^^^
  File "C:\Users\Mictovic\projects\tutor_platform\env\Lib\site-packages\channels\security\websocket.py", line 37, in __call__
    return await self.application(scope, receive, send)
           ^^^^^^^^^^^^^^^^^^^^^^^^^^^^^^^^^^^^^^^^^^^^
  File "C:\Users\Mictovic\projects\tutor_platform\tutor_platform\chat\middleware.py", line 30, in __call__
    return await super().__call__(scope, receive, send)
           ^^^^^^^^^^^^^^^^^^^^^^^^^^^^^^^^^^^^^^^^^^^^
  File "C:\Users\Mictovic\projects\tutor_platform\env\Lib\site-packages\channels\middleware.py", line 24, in __call__
    return await self.inner(scope, receive, send)
           ^^^^^^^^^^^^^^^^^^^^^^^^^^^^^^^^^^^^^^
  File "C:\Users\Mictovic\projects\tutor_platform\env\Lib\site-packages\channels\routing.py", line 118, in __call__
    return await application(
           ^^^^^^^^^^^^^^^^^^
  File "C:\Users\Mictovic\projects\tutor_platform\env\Lib\site-packages\channels\consumer.py", line 95, in app
    return await consumer(scope, receive, send)
           ^^^^^^^^^^^^^^^^^^^^^^^^^^^^^^^^^^^^
  File "C:\Users\Mictovic\projects\tutor_platform\env\Lib\site-packages\channels\consumer.py", line 58, in __call__
    await await_many_dispatch(
  File "C:\Users\Mictovic\projects\tutor_platform\env\Lib\site-packages\channels\utils.py", line 50, in await_many_dispatch
    await dispatch(result)
  File "C:\Users\Mictovic\projects\tutor_platform\env\Lib\site-packages\channels\consumer.py", line 74, in dispatch
    await handler(message)
  File "C:\Users\Mictovic\projects\tutor_platform\env\Lib\site-packages\channels\generic\websocket.py", line 204, in websocket_receive
    await self.receive(text_data=message["text"])
  File "C:\Users\Mictovic\projects\tutor_platform\tutor_platform\chat\consumers.py", line 41, in receive
    data = json.loads(text_data)
           ^^^^^^^^^^^^^^^^^^^^^
  File "C:\Users\Mictovic\AppData\Local\Programs\Python\Python312\Lib\json\__init__.py", line 346, in loads
    return _default_decoder.decode(s)
           ^^^^^^^^^^^^^^^^^^^^^^^^^^
  File "C:\Users\Mictovic\AppData\Local\Programs\Python\Python312\Lib\json\decoder.py", line 338, in decode
    obj, end = self.raw_decode(s, idx=_w(s, 0).end())
               ^^^^^^^^^^^^^^^^^^^^^^^^^^^^^^^^^^^^^^
  File "C:\Users\Mictovic\AppData\Local\Programs\Python\Python312\Lib\json\decoder.py", line 356, in raw_decode
    raise JSONDecodeError("Expecting value", s, err.value) from None
json.decoder.JSONDecodeError: Expecting value: line 1 column 1 (char 0)
2026-08-08 16:27:36,150 [INFO] django.channels.server: WebSocket DISCONNECT /ws/chat/2/ [127.0.0.1:57278]
2026-08-08 16:27:53,801 [INFO] django.channels.server: WebSocket HANDSHAKING /ws/chat/2/ [127.0.0.1:55938]
2026-08-08 16:27:58,005 [INFO] django.channels.server: WebSocket DISCONNECT /ws/chat/2/ [127.0.0.1:55938]
2026-08-08 16:29:38,219 [INFO] django.utils.autoreload: C:\Users\Mictovic\projects\tutor_platform\tutor_platform\chat\consumers.py changed, reloading.
2026-08-08 16:29:42,925 [INFO] django.utils.autoreload: Watching for file changes with StatReloader
2026-08-08 16:29:53,119 [INFO] django.utils.autoreload: C:\Users\Mictovic\projects\tutor_platform\tutor_platform\chat\consumers.py changed, reloading.
2026-08-08 16:29:55,504 [INFO] django.utils.autoreload: Watching for file changes with StatReloader
2026-08-08 16:29:58,263 [INFO] daphne.server: HTTP/2 support not enabled (install the http2 and tls Twisted extras)
2026-08-08 16:29:58,264 [INFO] daphne.server: Configuring endpoint tcp:port=8000:interface=127.0.0.1
2026-08-08 16:29:58,264 [INFO] daphne.server: Listening on TCP address 127.0.0.1:8000
2026-08-08 16:30:28,542 [INFO] django.channels.server: WebSocket HANDSHAKING /ws/chat/2/ [127.0.0.1:57653]
2026-08-08 16:30:33,000 [INFO] django.channels.server: WebSocket DISCONNECT /ws/chat/2/ [127.0.0.1:57653]
2026-08-08 16:31:05,809 [INFO] django.channels.server: WebSocket HANDSHAKING /ws/chat/2/ [127.0.0.1:63249]
2026-08-08 16:31:10,003 [INFO] django.channels.server: WebSocket DISCONNECT /ws/chat/2/ [127.0.0.1:63249]
2026-08-08 16:31:10,620 [INFO] django.channels.server: WebSocket HANDSHAKING /ws/chat/2/ [127.0.0.1:61271]
2026-08-08 16:31:14,921 [INFO] django.channels.server: WebSocket CONNECT /ws/chat/2/ [127.0.0.1:61271]
2026-08-08 16:31:45,447 [INFO] django.channels.server: WebSocket DISCONNECT /ws/chat/2/ [127.0.0.1:61271]
2026-08-08 16:31:47,777 [INFO] django.channels.server: WebSocket HANDSHAKING /ws/chat/2/ [127.0.0.1:49677]
2026-08-08 16:31:52,002 [INFO] django.channels.server: WebSocket DISCONNECT /ws/chat/2/ [127.0.0.1:49677]
2026-08-08 16:34:00,095 [INFO] django.channels.server: WebSocket HANDSHAKING /ws/chat/2/ [127.0.0.1:64564]
2026-08-08 16:34:00,120 [INFO] django.channels.server: WebSocket REJECT /ws/chat/2/ [127.0.0.1:64564]
2026-08-08 16:34:00,123 [INFO] django.channels.server: WebSocket DISCONNECT /ws/chat/2/ [127.0.0.1:64564]
2026-08-08 16:35:07,719 [INFO] django.channels.server: WebSocket HANDSHAKING /ws/chat/2/ [127.0.0.1:50800]
2026-08-08 16:35:12,011 [INFO] django.channels.server: WebSocket DISCONNECT /ws/chat/2/ [127.0.0.1:50800]
2026-08-08 16:35:45,512 [INFO] django.channels.server: WebSocket HANDSHAKING /ws/chat/2/ [127.0.0.1:50801]
2026-08-08 16:35:49,842 [INFO] django.channels.server: WebSocket CONNECT /ws/chat/2/ [127.0.0.1:50801]
2026-08-08 16:36:17,932 [INFO] django.channels.server: WebSocket DISCONNECT /ws/chat/2/ [127.0.0.1:50801]
2026-08-08 16:36:22,130 [INFO] django.channels.server: WebSocket HANDSHAKING /ws/chat/2/ [127.0.0.1:51983]
2026-08-08 16:36:26,571 [INFO] django.channels.server: WebSocket CONNECT /ws/chat/2/ [127.0.0.1:51983]
2026-08-08 16:37:56,804 [INFO] django.channels.server: [mHTTP POST /api/v1/auth/login/ 200 [3.99, 127.0.0.1:53063][0m
2026-08-08 16:38:15,807 [INFO] django.channels.server: WebSocket HANDSHAKING /ws/chat/2/ [127.0.0.1:51956]
2026-08-08 16:38:20,012 [INFO] django.channels.server: WebSocket DISCONNECT /ws/chat/2/ [127.0.0.1:51956]
2026-08-08 16:38:37,515 [INFO] django.channels.server: WebSocket HANDSHAKING /ws/chat/2/ [127.0.0.1:61751]
2026-08-08 16:38:41,841 [INFO] django.channels.server: WebSocket REJECT /ws/chat/2/ [127.0.0.1:61751]
2026-08-08 16:38:41,847 [INFO] django.channels.server: WebSocket DISCONNECT /ws/chat/2/ [127.0.0.1:61751]
2026-08-08 16:40:07,075 [INFO] django.utils.autoreload: C:\Users\Mictovic\projects\tutor_platform\tutor_platform\chat\admin.py changed, reloading.
2026-08-08 16:40:11,920 [INFO] django.utils.autoreload: Watching for file changes with StatReloader
2026-08-08 16:40:25,822 [INFO] django.utils.autoreload: Watching for file changes with StatReloader
2026-08-08 16:40:28,796 [INFO] daphne.server: HTTP/2 support not enabled (install the http2 and tls Twisted extras)
2026-08-08 16:40:28,806 [INFO] daphne.server: Configuring endpoint tcp:port=8000:interface=127.0.0.1
2026-08-08 16:40:28,807 [INFO] daphne.server: Listening on TCP address 127.0.0.1:8000
2026-08-08 16:40:39,295 [INFO] django.channels.server: [mHTTP GET /admin/ 200 [2.27, 127.0.0.1:53929][0m
2026-08-08 16:41:03,110 [INFO] django.utils.autoreload: C:\Users\Mictovic\projects\tutor_platform\tutor_platform\chat\admin.py changed, reloading.
2026-08-08 16:41:08,211 [INFO] django.utils.autoreload: Watching for file changes with StatReloader
2026-08-08 16:41:11,395 [INFO] django.utils.autoreload: C:\Users\Mictovic\projects\tutor_platform\tutor_platform\chat\admin.py changed, reloading.
2026-08-08 16:41:13,868 [INFO] django.utils.autoreload: Watching for file changes with StatReloader
2026-08-08 16:41:17,924 [INFO] daphne.server: HTTP/2 support not enabled (install the http2 and tls Twisted extras)
2026-08-08 16:41:17,924 [INFO] daphne.server: Configuring endpoint tcp:port=8000:interface=127.0.0.1
2026-08-08 16:41:18,432 [INFO] daphne.server: Listening on TCP address 127.0.0.1:8000
2026-08-08 16:41:20,905 [INFO] django.channels.server: [mHTTP GET /admin/ 200 [2.30, 127.0.0.1:51366][0m
2026-08-08 16:41:23,324 [INFO] django.channels.server: [mHTTP GET /admin/ 200 [2.19, 127.0.0.1:51366][0m
2026-08-08 16:41:30,217 [INFO] django.channels.server: [mHTTP GET /admin/chat/chatthread/ 200 [3.03, 127.0.0.1:51366][0m
2026-08-08 16:41:32,815 [INFO] django.channels.server: [mHTTP GET /admin/jsi18n/ 200 [2.54, 127.0.0.1:51366][0m
2026-08-08 16:41:41,380 [INFO] django.channels.server: [mHTTP GET /admin/chat/chatthread/1/change/ 200 [2.45, 127.0.0.1:51366][0m
2026-08-08 16:41:43,716 [INFO] django.channels.server: [mHTTP GET /admin/jsi18n/ 200 [2.25, 127.0.0.1:51366][0m
2026-08-08 16:41:48,008 [INFO] django.channels.server: [mHTTP GET /admin/chat/chatthread/ 200 [2.29, 127.0.0.1:51366][0m
2026-08-08 16:41:51,591 [INFO] django.channels.server: [mHTTP GET /admin/chat/chatthread/2/change/ 200 [2.27, 127.0.0.1:51366][0m
2026-08-08 16:41:53,845 [INFO] django.channels.server: [mHTTP GET /admin/jsi18n/ 200 [2.21, 127.0.0.1:51366][0m
2026-08-08 16:42:04,301 [INFO] django.channels.server: [32mHTTP POST /admin/chat/chatthread/2/change/ 302 [2.30, 127.0.0.1:51366][0m
2026-08-08 16:42:06,617 [INFO] django.channels.server: [mHTTP GET /admin/chat/chatthread/ 200 [2.30, 127.0.0.1:51366][0m
2026-08-08 16:42:08,843 [INFO] django.channels.server: [mHTTP GET /admin/jsi18n/ 200 [2.18, 127.0.0.1:51366][0m
2026-08-08 16:42:12,634 [INFO] django.channels.server: WebSocket HANDSHAKING /ws/chat/2/ [127.0.0.1:64519]
2026-08-08 16:42:17,006 [INFO] django.channels.server: WebSocket DISCONNECT /ws/chat/2/ [127.0.0.1:64519]
2026-08-08 16:44:39,836 [INFO] django.utils.autoreload: Watching for file changes with StatReloader
2026-08-08 16:44:42,910 [INFO] daphne.server: HTTP/2 support not enabled (install the http2 and tls Twisted extras)
2026-08-08 16:44:42,914 [INFO] daphne.server: Configuring endpoint tcp:port=8000:interface=127.0.0.1
2026-08-08 16:44:42,914 [INFO] daphne.server: Listening on TCP address 127.0.0.1:8000
2026-08-08 16:46:00,284 [INFO] django.channels.server: [mHTTP POST /api/v1/auth/login/ 200 [3.59, 127.0.0.1:50685][0m
2026-08-08 16:46:52,743 [INFO] django.utils.autoreload: Watching for file changes with StatReloader
2026-08-08 16:46:55,631 [INFO] daphne.server: HTTP/2 support not enabled (install the http2 and tls Twisted extras)
2026-08-08 16:46:55,631 [INFO] daphne.server: Configuring endpoint tcp:port=8000:interface=127.0.0.1
2026-08-08 16:46:55,631 [INFO] daphne.server: Listening on TCP address 127.0.0.1:8000
2026-08-08 16:47:37,867 [INFO] django.channels.server: WebSocket HANDSHAKING /ws/chat/2/ [127.0.0.1:65351]
2026-08-08 16:47:42,004 [INFO] django.channels.server: WebSocket DISCONNECT /ws/chat/2/ [127.0.0.1:65351]
2026-08-08 16:47:55,996 [INFO] django.channels.server: WebSocket HANDSHAKING /ws/chat/2/ [127.0.0.1:54974]
2026-08-08 16:48:00,014 [INFO] django.channels.server: WebSocket DISCONNECT /ws/chat/2/ [127.0.0.1:54974]
2026-08-08 16:48:51,571 [INFO] django.channels.server: WebSocket HANDSHAKING /ws/chat/2/ [127.0.0.1:62313]
2026-08-08 16:48:55,937 [INFO] django.channels.server: WebSocket CONNECT /ws/chat/2/ [127.0.0.1:62313]
2026-08-08 16:49:24,859 [INFO] django.channels.server: [mHTTP POST /api/v1/auth/login/ 200 [3.13, 127.0.0.1:50412][0m
2026-08-08 16:49:45,052 [INFO] django.channels.server: WebSocket HANDSHAKING /ws/chat/2/ [127.0.0.1:55761]
2026-08-08 16:49:49,389 [INFO] django.channels.server: WebSocket CONNECT /ws/chat/2/ [127.0.0.1:55761]
2026-08-08 16:49:59,519 [INFO] django.channels.server: [mHTTP GET /admin/tutors/tutorprofile/1/change/ 200 [2.90, 127.0.0.1:52437][0m
2026-08-08 17:17:31,921 [INFO] django.utils.autoreload: C:\Users\Mictovic\projects\tutor_platform\tutor_platform\chat\views.py changed, reloading.
2026-08-08 17:17:37,498 [INFO] django.utils.autoreload: Watching for file changes with StatReloader
2026-08-08 17:17:40,918 [INFO] daphne.server: HTTP/2 support not enabled (install the http2 and tls Twisted extras)
2026-08-08 17:17:40,919 [INFO] daphne.server: Configuring endpoint tcp:port=8000:interface=127.0.0.1
2026-08-08 17:17:40,920 [INFO] daphne.server: Listening on TCP address 127.0.0.1:8000
2026-08-08 17:19:28,591 [INFO] django.utils.autoreload: C:\Users\Mictovic\projects\tutor_platform\tutor_platform\chat\models.py changed, reloading.
2026-08-08 17:19:31,235 [INFO] django.utils.autoreload: Watching for file changes with StatReloader
2026-08-08 17:19:34,181 [INFO] django.utils.autoreload: C:\Users\Mictovic\projects\tutor_platform\tutor_platform\chat\models.py changed, reloading.
2026-08-08 17:19:36,490 [INFO] django.utils.autoreload: Watching for file changes with StatReloader
2026-08-08 17:22:49,348 [INFO] django.utils.autoreload: Watching for file changes with StatReloader
2026-08-08 17:22:52,014 [INFO] daphne.server: HTTP/2 support not enabled (install the http2 and tls Twisted extras)
2026-08-08 17:22:52,014 [INFO] daphne.server: Configuring endpoint tcp:port=8000:interface=127.0.0.1
2026-08-08 17:22:52,016 [INFO] daphne.server: Listening on TCP address 127.0.0.1:8000
2026-08-08 17:22:57,489 [INFO] django.utils.autoreload: C:\Users\Mictovic\projects\tutor_platform\tutor_platform\chat\views.py changed, reloading.
2026-08-08 17:22:59,772 [INFO] django.utils.autoreload: Watching for file changes with StatReloader
2026-08-08 17:23:02,701 [INFO] daphne.server: HTTP/2 support not enabled (install the http2 and tls Twisted extras)
2026-08-08 17:23:02,702 [INFO] daphne.server: Configuring endpoint tcp:port=8000:interface=127.0.0.1
2026-08-08 17:23:02,704 [INFO] daphne.server: Listening on TCP address 127.0.0.1:8000
2026-08-08 17:23:03,988 [INFO] django.utils.autoreload: C:\Users\Mictovic\projects\tutor_platform\tutor_platform\chat\views.py changed, reloading.
2026-08-08 17:23:05,791 [INFO] django.utils.autoreload: Watching for file changes with StatReloader
2026-08-08 17:23:10,040 [INFO] django.utils.autoreload: C:\Users\Mictovic\projects\tutor_platform\tutor_platform\chat\views.py changed, reloading.
2026-08-08 17:23:13,735 [INFO] django.utils.autoreload: Watching for file changes with StatReloader
2026-08-08 17:23:21,205 [INFO] django.utils.autoreload: C:\Users\Mictovic\projects\tutor_platform\tutor_platform\chat\views.py changed, reloading.
2026-08-08 17:23:23,006 [INFO] django.utils.autoreload: Watching for file changes with StatReloader
2026-08-08 17:23:25,843 [INFO] daphne.server: HTTP/2 support not enabled (install the http2 and tls Twisted extras)
2026-08-08 17:23:25,843 [INFO] daphne.server: Configuring endpoint tcp:port=8000:interface=127.0.0.1
2026-08-08 17:23:25,847 [INFO] daphne.server: Listening on TCP address 127.0.0.1:8000
2026-08-08 17:23:32,314 [INFO] django.utils.autoreload: C:\Users\Mictovic\projects\tutor_platform\tutor_platform\chat\views.py changed, reloading.
2026-08-08 17:23:34,753 [INFO] django.utils.autoreload: Watching for file changes with StatReloader
2026-08-08 17:23:38,967 [INFO] django.utils.autoreload: C:\Users\Mictovic\projects\tutor_platform\tutor_platform\chat\views.py changed, reloading.
2026-08-08 17:23:41,370 [INFO] django.utils.autoreload: Watching for file changes with StatReloader
2026-08-08 17:23:44,258 [INFO] daphne.server: HTTP/2 support not enabled (install the http2 and tls Twisted extras)
2026-08-08 17:23:44,259 [INFO] daphne.server: Configuring endpoint tcp:port=8000:interface=127.0.0.1
2026-08-08 17:23:44,259 [INFO] daphne.server: Listening on TCP address 127.0.0.1:8000
2026-08-08 17:23:45,775 [INFO] django.utils.autoreload: C:\Users\Mictovic\projects\tutor_platform\tutor_platform\chat\views.py changed, reloading.
2026-08-08 17:23:47,897 [INFO] django.utils.autoreload: Watching for file changes with StatReloader
2026-08-08 17:24:01,487 [INFO] django.utils.autoreload: C:\Users\Mictovic\projects\tutor_platform\tutor_platform\chat\views.py changed, reloading.
2026-08-08 17:24:03,553 [INFO] django.utils.autoreload: Watching for file changes with StatReloader
2026-08-08 17:24:06,785 [INFO] django.utils.autoreload: C:\Users\Mictovic\projects\tutor_platform\tutor_platform\chat\views.py changed, reloading.
2026-08-08 17:24:08,808 [INFO] django.utils.autoreload: Watching for file changes with StatReloader
2026-08-08 17:24:11,930 [INFO] django.utils.autoreload: C:\Users\Mictovic\projects\tutor_platform\tutor_platform\chat\views.py changed, reloading.
2026-08-08 17:24:13,808 [INFO] django.utils.autoreload: Watching for file changes with StatReloader
2026-08-08 17:24:22,235 [INFO] django.utils.autoreload: C:\Users\Mictovic\projects\tutor_platform\tutor_platform\chat\views.py changed, reloading.
2026-08-08 17:24:24,186 [INFO] django.utils.autoreload: Watching for file changes with StatReloader
2026-08-08 17:24:31,301 [INFO] django.utils.autoreload: C:\Users\Mictovic\projects\tutor_platform\tutor_platform\chat\views.py changed, reloading.
2026-08-08 17:24:34,185 [INFO] django.utils.autoreload: Watching for file changes with StatReloader
2026-08-08 17:24:36,326 [INFO] django.utils.autoreload: C:\Users\Mictovic\projects\tutor_platform\tutor_platform\chat\views.py changed, reloading.
2026-08-08 17:24:38,241 [INFO] django.utils.autoreload: Watching for file changes with StatReloader
2026-08-08 17:24:40,878 [INFO] daphne.server: HTTP/2 support not enabled (install the http2 and tls Twisted extras)
2026-08-08 17:24:40,878 [INFO] daphne.server: Configuring endpoint tcp:port=8000:interface=127.0.0.1
2026-08-08 17:24:40,878 [INFO] daphne.server: Listening on TCP address 127.0.0.1:8000
2026-08-08 17:24:46,120 [INFO] django.utils.autoreload: C:\Users\Mictovic\projects\tutor_platform\tutor_platform\chat\views.py changed, reloading.
2026-08-08 17:24:48,525 [INFO] django.utils.autoreload: Watching for file changes with StatReloader
2026-08-08 17:24:50,344 [INFO] django.utils.autoreload: C:\Users\Mictovic\projects\tutor_platform\tutor_platform\chat\views.py changed, reloading.
2026-08-08 17:24:53,979 [INFO] django.utils.autoreload: Watching for file changes with StatReloader
2026-08-08 17:24:56,471 [INFO] django.utils.autoreload: C:\Users\Mictovic\projects\tutor_platform\tutor_platform\chat\views.py changed, reloading.
2026-08-08 17:24:59,048 [INFO] django.utils.autoreload: Watching for file changes with StatReloader
2026-08-08 17:25:03,085 [INFO] django.utils.autoreload: C:\Users\Mictovic\projects\tutor_platform\tutor_platform\chat\views.py changed, reloading.
2026-08-08 17:25:05,727 [INFO] django.utils.autoreload: Watching for file changes with StatReloader
2026-08-08 17:25:10,874 [INFO] django.utils.autoreload: C:\Users\Mictovic\projects\tutor_platform\tutor_platform\chat\views.py changed, reloading.
2026-08-08 17:25:12,963 [INFO] django.utils.autoreload: Watching for file changes with StatReloader
2026-08-08 17:25:15,881 [INFO] django.utils.autoreload: C:\Users\Mictovic\projects\tutor_platform\tutor_platform\chat\views.py changed, reloading.
2026-08-08 17:25:18,139 [INFO] django.utils.autoreload: Watching for file changes with StatReloader
2026-08-08 17:25:21,187 [INFO] daphne.server: HTTP/2 support not enabled (install the http2 and tls Twisted extras)
2026-08-08 17:25:21,202 [INFO] daphne.server: Configuring endpoint tcp:port=8000:interface=127.0.0.1
2026-08-08 17:25:21,204 [INFO] daphne.server: Listening on TCP address 127.0.0.1:8000
2026-08-08 17:25:23,410 [INFO] django.utils.autoreload: C:\Users\Mictovic\projects\tutor_platform\tutor_platform\chat\views.py changed, reloading.
2026-08-08 17:25:25,397 [INFO] django.utils.autoreload: Watching for file changes with StatReloader
2026-08-08 17:25:28,180 [INFO] daphne.server: HTTP/2 support not enabled (install the http2 and tls Twisted extras)
2026-08-08 17:25:28,182 [INFO] daphne.server: Configuring endpoint tcp:port=8000:interface=127.0.0.1
2026-08-08 17:25:28,182 [INFO] daphne.server: Listening on TCP address 127.0.0.1:8000
2026-08-08 17:25:48,829 [INFO] django.utils.autoreload: C:\Users\Mictovic\projects\tutor_platform\tutor_platform\chat\views.py changed, reloading.
2026-08-08 17:25:51,278 [INFO] django.utils.autoreload: Watching for file changes with StatReloader
2026-08-08 17:25:54,068 [INFO] daphne.server: HTTP/2 support not enabled (install the http2 and tls Twisted extras)
2026-08-08 17:25:54,069 [INFO] daphne.server: Configuring endpoint tcp:port=8000:interface=127.0.0.1
2026-08-08 17:25:54,070 [INFO] daphne.server: Listening on TCP address 127.0.0.1:8000
2026-08-08 17:26:04,982 [INFO] django.utils.autoreload: C:\Users\Mictovic\projects\tutor_platform\tutor_platform\chat\views.py changed, reloading.
2026-08-08 17:26:08,351 [INFO] django.utils.autoreload: Watching for file changes with StatReloader
2026-08-08 17:26:11,874 [INFO] daphne.server: HTTP/2 support not enabled (install the http2 and tls Twisted extras)
2026-08-08 17:26:11,874 [INFO] daphne.server: Configuring endpoint tcp:port=8000:interface=127.0.0.1
2026-08-08 17:26:11,890 [INFO] daphne.server: Listening on TCP address 127.0.0.1:8000
2026-08-08 17:26:15,192 [INFO] django.utils.autoreload: C:\Users\Mictovic\projects\tutor_platform\tutor_platform\chat\views.py changed, reloading.
2026-08-08 17:26:18,853 [INFO] django.utils.autoreload: Watching for file changes with StatReloader
2026-08-08 17:27:00,986 [INFO] django.utils.autoreload: C:\Users\Mictovic\projects\tutor_platform\tutor_platform\chat\views.py changed, reloading.
2026-08-08 17:27:04,764 [INFO] django.utils.autoreload: Watching for file changes with StatReloader
2026-08-08 17:27:09,010 [INFO] django.utils.autoreload: C:\Users\Mictovic\projects\tutor_platform\tutor_platform\chat\views.py changed, reloading.
2026-08-08 17:27:11,020 [INFO] django.utils.autoreload: Watching for file changes with StatReloader
2026-08-08 17:27:14,021 [INFO] daphne.server: HTTP/2 support not enabled (install the http2 and tls Twisted extras)
2026-08-08 17:27:14,021 [INFO] daphne.server: Configuring endpoint tcp:port=8000:interface=127.0.0.1
2026-08-08 17:27:14,025 [INFO] daphne.server: Listening on TCP address 127.0.0.1:8000
2026-08-08 17:27:16,327 [INFO] django.utils.autoreload: C:\Users\Mictovic\projects\tutor_platform\tutor_platform\chat\views.py changed, reloading.
2026-08-08 17:27:18,082 [INFO] django.utils.autoreload: Watching for file changes with StatReloader
2026-08-08 17:27:20,806 [INFO] daphne.server: HTTP/2 support not enabled (install the http2 and tls Twisted extras)
2026-08-08 17:27:20,806 [INFO] daphne.server: Configuring endpoint tcp:port=8000:interface=127.0.0.1
2026-08-08 17:27:20,808 [INFO] daphne.server: Listening on TCP address 127.0.0.1:8000
2026-08-08 17:27:22,186 [INFO] django.utils.autoreload: C:\Users\Mictovic\projects\tutor_platform\tutor_platform\chat\views.py changed, reloading.
2026-08-08 17:27:24,315 [INFO] django.utils.autoreload: Watching for file changes with StatReloader
2026-08-08 17:27:35,958 [INFO] django.utils.autoreload: C:\Users\Mictovic\projects\tutor_platform\tutor_platform\chat\views.py changed, reloading.
2026-08-08 17:27:38,881 [INFO] django.utils.autoreload: Watching for file changes with StatReloader
2026-08-08 17:27:41,506 [INFO] daphne.server: HTTP/2 support not enabled (install the http2 and tls Twisted extras)
2026-08-08 17:27:41,506 [INFO] daphne.server: Configuring endpoint tcp:port=8000:interface=127.0.0.1
2026-08-08 17:27:41,506 [INFO] daphne.server: Listening on TCP address 127.0.0.1:8000
2026-08-08 17:31:11,904 [INFO] django.utils.autoreload: C:\Users\Mictovic\projects\tutor_platform\tutor_platform\chat\views.py changed, reloading.
2026-08-08 17:31:16,607 [INFO] django.utils.autoreload: Watching for file changes with StatReloader
2026-08-08 17:31:19,690 [INFO] daphne.server: HTTP/2 support not enabled (install the http2 and tls Twisted extras)
2026-08-08 17:31:19,692 [INFO] daphne.server: Configuring endpoint tcp:port=8000:interface=127.0.0.1
2026-08-08 17:31:19,693 [INFO] daphne.server: Listening on TCP address 127.0.0.1:8000
2026-08-08 17:31:27,733 [INFO] django.utils.autoreload: C:\Users\Mictovic\projects\tutor_platform\tutor_platform\chat\views.py changed, reloading.
2026-08-08 17:31:33,135 [INFO] django.utils.autoreload: Watching for file changes with StatReloader
2026-08-08 17:31:36,334 [INFO] daphne.server: HTTP/2 support not enabled (install the http2 and tls Twisted extras)
2026-08-08 17:31:36,334 [INFO] daphne.server: Configuring endpoint tcp:port=8000:interface=127.0.0.1
2026-08-08 17:31:36,334 [INFO] daphne.server: Listening on TCP address 127.0.0.1:8000
2026-08-08 17:31:41,835 [INFO] django.utils.autoreload: C:\Users\Mictovic\projects\tutor_platform\tutor_platform\chat\views.py changed, reloading.
2026-08-08 17:31:45,761 [INFO] django.utils.autoreload: Watching for file changes with StatReloader
2026-08-08 17:31:48,616 [INFO] daphne.server: HTTP/2 support not enabled (install the http2 and tls Twisted extras)
2026-08-08 17:31:48,616 [INFO] daphne.server: Configuring endpoint tcp:port=8000:interface=127.0.0.1
2026-08-08 17:31:48,618 [INFO] daphne.server: Listening on TCP address 127.0.0.1:8000
2026-08-08 17:54:40,957 [INFO] django.utils.autoreload: Watching for file changes with StatReloader
2026-08-08 17:54:44,571 [INFO] daphne.server: HTTP/2 support not enabled (install the http2 and tls Twisted extras)
2026-08-08 17:54:44,575 [INFO] daphne.server: Configuring endpoint tcp:port=8000:interface=127.0.0.1
2026-08-08 17:54:44,575 [INFO] daphne.server: Listening on TCP address 127.0.0.1:8000
2026-08-08 17:58:34,627 [INFO] django.channels.server: [mHTTP POST /api/v1/auth/login/ 200 [3.18, 127.0.0.1:54147][0m
2026-08-08 18:00:42,283 [ERROR] django.channels.server: [35;1mHTTP POST /api/v1/chat/start/ 500 [5.16, 127.0.0.1:52082][0m
2026-08-08 18:00:48,211 [ERROR] django.channels.server: [35;1mHTTP POST /api/v1/chat/start/ 500 [2.27, 127.0.0.1:52082][0m
2026-08-08 18:01:57,229 [INFO] django.utils.autoreload: C:\Users\Mictovic\projects\tutor_platform\tutor_platform\chat\views.py changed, reloading.
2026-08-08 18:02:00,094 [INFO] django.utils.autoreload: Watching for file changes with StatReloader
2026-08-08 18:02:03,011 [INFO] daphne.server: HTTP/2 support not enabled (install the http2 and tls Twisted extras)
2026-08-08 18:02:03,011 [INFO] daphne.server: Configuring endpoint tcp:port=8000:interface=127.0.0.1
2026-08-08 18:02:03,012 [INFO] daphne.server: Listening on TCP address 127.0.0.1:8000
2026-08-08 18:03:17,559 [INFO] django.channels.server: [mHTTP POST /api/v1/chat/start/ 200 [2.27, 127.0.0.1:60805][0m
2026-08-08 18:07:35,564 [INFO] django.utils.autoreload: Watching for file changes with StatReloader
2026-08-08 18:07:38,647 [INFO] daphne.server: HTTP/2 support not enabled (install the http2 and tls Twisted extras)
2026-08-08 18:07:38,647 [INFO] daphne.server: Configuring endpoint tcp:port=8000:interface=127.0.0.1
2026-08-08 18:07:38,651 [INFO] daphne.server: Listening on TCP address 127.0.0.1:8000
2026-08-08 18:09:55,433 [INFO] django.utils.autoreload: C:\Users\Mictovic\projects\tutor_platform\tutor_platform\chat\views.py changed, reloading.
2026-08-08 18:09:57,786 [INFO] django.utils.autoreload: Watching for file changes with StatReloader
2026-08-08 18:10:00,640 [INFO] daphne.server: HTTP/2 support not enabled (install the http2 and tls Twisted extras)
2026-08-08 18:10:00,640 [INFO] daphne.server: Configuring endpoint tcp:port=8000:interface=127.0.0.1
2026-08-08 18:10:00,640 [INFO] daphne.server: Listening on TCP address 127.0.0.1:8000
2026-08-08 18:10:43,912 [INFO] django.utils.autoreload: C:\Users\Mictovic\projects\tutor_platform\tutor_platform\chat\views.py changed, reloading.
2026-08-08 19:19:00,524 [INFO] django.utils.autoreload: Watching for file changes with StatReloader
2026-08-08 19:19:03,512 [INFO] daphne.server: HTTP/2 support not enabled (install the http2 and tls Twisted extras)
2026-08-08 19:19:03,512 [INFO] daphne.server: Configuring endpoint tcp:port=8000:interface=127.0.0.1
2026-08-08 19:19:03,516 [INFO] daphne.server: Listening on TCP address 127.0.0.1:8000
2026-08-08 19:19:16,759 [INFO] django.channels.server: [mHTTP GET /admin/ 200 [5.12, 127.0.0.1:52556][0m
2026-08-08 19:19:24,693 [INFO] django.channels.server: [mHTTP GET /admin/tutors/tutorprofile/ 200 [2.66, 127.0.0.1:52556][0m
2026-08-08 19:19:26,951 [INFO] django.channels.server: [mHTTP GET /admin/jsi18n/ 200 [2.19, 127.0.0.1:52556][0m
2026-08-08 19:19:36,717 [INFO] django.channels.server: [mHTTP GET /admin/tutors/tutorprofile/ 200 [2.16, 127.0.0.1:52556][0m
2026-08-08 19:19:38,905 [INFO] django.channels.server: [mHTTP GET /admin/jsi18n/ 200 [2.15, 127.0.0.1:52556][0m
2026-08-08 19:19:43,102 [INFO] django.channels.server: [mHTTP GET /admin/chat/chatthread/ 200 [2.22, 127.0.0.1:52556][0m
2026-08-08 19:19:45,346 [INFO] django.channels.server: [mHTTP GET /admin/jsi18n/ 200 [2.19, 127.0.0.1:52556][0m
2026-08-08 19:19:53,808 [INFO] django.channels.server: [32mHTTP POST /admin/chat/chatthread/ 302 [2.17, 127.0.0.1:52556][0m
2026-08-08 19:19:56,001 [INFO] django.channels.server: [mHTTP GET /admin/chat/chatthread/ 200 [2.17, 127.0.0.1:52556][0m
2026-08-08 19:19:58,168 [INFO] django.channels.server: [mHTTP GET /admin/jsi18n/ 200 [2.13, 127.0.0.1:52556][0m
2026-08-08 19:19:58,484 [INFO] django.channels.server: [mHTTP GET /static/admin/img/icon-alert.svg 200 [0.29, 127.0.0.1:52556][0m
2026-08-08 19:20:17,485 [INFO] django.utils.autoreload: C:\Users\Mictovic\projects\tutor_platform\tutor_platform\chat\models.py changed, reloading.
2026-08-08 19:25:12,621 [INFO] django.utils.autoreload: Watching for file changes with StatReloader
2026-08-08 19:25:15,572 [INFO] daphne.server: HTTP/2 support not enabled (install the http2 and tls Twisted extras)
2026-08-08 19:25:15,572 [INFO] daphne.server: Configuring endpoint tcp:port=8000:interface=127.0.0.1
2026-08-08 19:25:15,572 [INFO] daphne.server: Listening on TCP address 127.0.0.1:8000
2026-08-08 19:25:25,569 [INFO] django.channels.server: [mHTTP GET /admin/chat/chatthread/ 200 [2.40, 127.0.0.1:62096][0m
2026-08-08 19:25:27,886 [INFO] django.channels.server: [mHTTP GET /admin/jsi18n/ 200 [2.22, 127.0.0.1:62096][0m
2026-08-08 19:25:35,526 [INFO] django.channels.server: [mHTTP POST /admin/chat/chatthread/ 200 [2.82, 127.0.0.1:62096][0m
2026-08-08 19:25:36,102 [INFO] django.channels.server: [mHTTP GET /static/admin/js/cancel.js 200 [0.53, 127.0.0.1:62096][0m
2026-08-08 19:25:39,600 [INFO] django.channels.server: [32mHTTP POST /admin/chat/chatthread/ 302 [2.29, 127.0.0.1:62096][0m
2026-08-08 19:25:41,793 [INFO] django.channels.server: [mHTTP GET /admin/chat/chatthread/ 200 [2.18, 127.0.0.1:62096][0m
2026-08-08 19:25:44,005 [INFO] django.channels.server: [mHTTP GET /admin/jsi18n/ 200 [2.17, 127.0.0.1:62096][0m
2026-08-08 22:38:03,305 [INFO] django.utils.autoreload: Watching for file changes with StatReloader
2026-08-08 22:38:06,425 [INFO] daphne.server: HTTP/2 support not enabled (install the http2 and tls Twisted extras)
2026-08-08 22:38:06,431 [INFO] daphne.server: Configuring endpoint tcp:port=8000:interface=127.0.0.1
2026-08-08 22:38:06,431 [INFO] daphne.server: Listening on TCP address 127.0.0.1:8000
2026-08-08 22:38:11,093 [WARNING] django.security.SuspiciousSession: Session data corrupted
2026-08-08 22:38:11,140 [INFO] django.channels.server: [32mHTTP GET /admin/ 302 [2.26, 127.0.0.1:62624][0m
2026-08-08 22:38:13,257 [WARNING] django.security.SuspiciousSession: Session data corrupted
2026-08-08 22:38:13,891 [WARNING] django.security.SuspiciousSession: Session data corrupted
2026-08-08 22:38:13,891 [INFO] django.channels.server: [32mHTTP GET /admin/ 302 [2.12, 127.0.0.1:50769][0m
2026-08-08 22:38:16,060 [WARNING] django.security.SuspiciousSession: Session data corrupted
2026-08-08 22:38:16,996 [INFO] django.channels.server: [mHTTP GET /admin/login/?next=/admin/ 200 [3.09, 127.0.0.1:50769][0m
2026-08-08 22:38:17,345 [INFO] django.channels.server: [mHTTP GET /static/admin/css/dark_mode.css 200 [0.28, 127.0.0.1:60226][0m
2026-08-08 22:38:17,357 [INFO] django.channels.server: [mHTTP GET /static/admin/css/base.css 200 [0.30, 127.0.0.1:50769][0m
2026-08-08 22:38:17,367 [INFO] django.channels.server: [mHTTP GET /static/admin/css/nav_sidebar.css 200 [0.02, 127.0.0.1:60226][0m
2026-08-08 22:38:17,382 [INFO] django.channels.server: [mHTTP GET /static/admin/css/login.css 200 [0.02, 127.0.0.1:50769][0m
2026-08-08 22:38:17,383 [INFO] django.channels.server: [mHTTP GET /static/admin/css/responsive.css 200 [0.01, 127.0.0.1:57106][0m
2026-08-08 22:38:17,496 [INFO] django.channels.server: [mHTTP GET /static/admin/js/theme.js 200 [0.12, 127.0.0.1:60226][0m
2026-08-08 22:38:17,502 [INFO] django.channels.server: [mHTTP GET /static/admin/js/nav_sidebar.js 200 [0.13, 127.0.0.1:50779][0m
2026-08-08 22:38:17,754 [WARNING] django.channels.server: [33mHTTP GET /favicon.ico 404 [0.16, 127.0.0.1:50779][0m
2026-08-08 22:38:21,205 [WARNING] django.security.SuspiciousSession: Session data corrupted
2026-08-08 22:38:23,279 [INFO] django.channels.server: [32mHTTP POST /admin/login/?next=/admin/ 302 [4.26, 127.0.0.1:50779][0m
2026-08-08 22:38:25,485 [INFO] django.channels.server: [mHTTP GET /admin/ 200 [2.20, 127.0.0.1:50779][0m
2026-08-08 22:38:25,543 [INFO] django.channels.server: [mHTTP GET /static/admin/css/dashboard.css 200 [0.01, 127.0.0.1:50779][0m
2026-08-08 22:38:25,577 [INFO] django.channels.server: [mHTTP GET /static/admin/img/icon-deletelink.svg 200 [0.03, 127.0.0.1:50769][0m
2026-08-08 22:38:25,581 [INFO] django.channels.server: [mHTTP GET /static/admin/img/icon-addlink.svg 200 [0.04, 127.0.0.1:60226][0m
2026-08-08 22:38:25,595 [INFO] django.channels.server: [mHTTP GET /static/admin/img/icon-changelink.svg 200 [0.05, 127.0.0.1:57106][0m
2026-08-08 22:38:32,574 [INFO] django.channels.server: [mHTTP GET /admin/chat/chatthread/ 200 [2.34, 127.0.0.1:57106][0m
2026-08-08 22:38:32,621 [INFO] django.channels.server: [mHTTP GET /static/admin/css/changelists.css 200 [0.01, 127.0.0.1:57106][0m
2026-08-08 22:38:32,640 [INFO] django.channels.server: [mHTTP GET /static/admin/js/jquery.init.js 200 [0.03, 127.0.0.1:50779][0m
2026-08-08 22:38:32,680 [INFO] django.channels.server: [mHTTP GET /static/admin/js/core.js 200 [0.07, 127.0.0.1:65123][0m
2026-08-08 22:38:32,701 [INFO] django.channels.server: [mHTTP GET /static/admin/js/actions.js 200 [0.06, 127.0.0.1:50779][0m
2026-08-08 22:38:32,732 [INFO] django.channels.server: [mHTTP GET /static/admin/js/admin/RelatedObjectLookups.js 200 [0.11, 127.0.0.1:57106][0m
2026-08-08 22:38:32,743 [INFO] django.channels.server: [mHTTP GET /static/admin/js/urlify.js 200 [0.06, 127.0.0.1:65123][0m
2026-08-08 22:38:32,759 [INFO] django.channels.server: [mHTTP GET /static/admin/js/prepopulate.js 200 [0.05, 127.0.0.1:50779][0m
2026-08-08 22:38:32,805 [INFO] django.channels.server: [mHTTP GET /static/admin/js/vendor/jquery/jquery.js 200 [0.19, 127.0.0.1:50769][0m
2026-08-08 22:38:33,033 [INFO] django.channels.server: [mHTTP GET /static/admin/js/vendor/xregexp/xregexp.js 200 [0.30, 127.0.0.1:57106][0m
2026-08-08 22:38:33,110 [INFO] django.channels.server: [mHTTP GET /static/admin/js/filters.js 200 [0.04, 127.0.0.1:57106][0m
2026-08-08 22:38:34,832 [INFO] django.channels.server: [mHTTP GET /admin/jsi18n/ 200 [2.22, 127.0.0.1:60226][0m
2026-08-08 22:38:34,886 [INFO] django.channels.server: [mHTTP GET /static/admin/img/tooltag-add.svg 200 [0.02, 127.0.0.1:60226][0m
2026-08-08 23:14:00,131 [INFO] django.utils.autoreload: Watching for file changes with StatReloader
2026-08-08 23:14:03,482 [INFO] daphne.server: HTTP/2 support not enabled (install the http2 and tls Twisted extras)
2026-08-08 23:14:03,482 [INFO] daphne.server: Configuring endpoint tcp:port=8000:interface=127.0.0.1
2026-08-08 23:14:03,486 [INFO] daphne.server: Listening on TCP address 127.0.0.1:8000
2026-08-08 23:14:09,478 [INFO] django.channels.server: [mHTTP POST /api/v1/auth/login/ 200 [3.13, 127.0.0.1:60476][0m
2026-08-08 23:14:39,908 [ERROR] django.channels.server: [35;1mHTTP GET /api/v1/chat/ 500 [5.40, 127.0.0.1:60476][0m
2026-08-08 23:15:15,522 [INFO] django.utils.autoreload: C:\Users\Mictovic\projects\tutor_platform\tutor_platform\chat\views.py changed, reloading.
2026-08-08 23:15:17,919 [INFO] django.utils.autoreload: Watching for file changes with StatReloader
2026-08-08 23:15:20,231 [INFO] django.utils.autoreload: C:\Users\Mictovic\projects\tutor_platform\tutor_platform\chat\views.py changed, reloading.
2026-08-08 23:15:21,788 [INFO] django.utils.autoreload: Watching for file changes with StatReloader
2026-08-08 23:15:24,398 [INFO] daphne.server: HTTP/2 support not enabled (install the http2 and tls Twisted extras)
2026-08-08 23:15:24,398 [INFO] daphne.server: Configuring endpoint tcp:port=8000:interface=127.0.0.1
2026-08-08 23:15:24,398 [INFO] daphne.server: Listening on TCP address 127.0.0.1:8000
2026-08-08 23:15:26,338 [INFO] django.utils.autoreload: C:\Users\Mictovic\projects\tutor_platform\tutor_platform\chat\views.py changed, reloading.
2026-08-08 23:15:28,446 [INFO] django.utils.autoreload: Watching for file changes with StatReloader
2026-08-08 23:15:31,144 [INFO] django.utils.autoreload: C:\Users\Mictovic\projects\tutor_platform\tutor_platform\chat\views.py changed, reloading.
2026-08-08 23:15:32,799 [INFO] django.utils.autoreload: Watching for file changes with StatReloader
2026-08-08 23:15:35,560 [INFO] daphne.server: HTTP/2 support not enabled (install the http2 and tls Twisted extras)
2026-08-08 23:15:35,560 [INFO] daphne.server: Configuring endpoint tcp:port=8000:interface=127.0.0.1
2026-08-08 23:15:35,562 [INFO] daphne.server: Listening on TCP address 127.0.0.1:8000
2026-08-08 23:15:40,508 [INFO] django.channels.server: [mHTTP POST /api/v1/auth/login/ 200 [2.78, 127.0.0.1:55428][0m
2026-08-08 23:15:48,928 [ERROR] django.channels.server: [35;1mHTTP GET /api/v1/chat/ 500 [4.64, 127.0.0.1:55428][0m
2026-08-08 23:16:52,697 [INFO] django.utils.autoreload: C:\Users\Mictovic\projects\tutor_platform\tutor_platform\chat\views.py changed, reloading.
2026-08-08 23:16:56,146 [INFO] django.utils.autoreload: Watching for file changes with StatReloader
2026-08-08 23:16:59,285 [INFO] daphne.server: HTTP/2 support not enabled (install the http2 and tls Twisted extras)
2026-08-08 23:16:59,285 [INFO] daphne.server: Configuring endpoint tcp:port=8000:interface=127.0.0.1
2026-08-08 23:16:59,287 [INFO] daphne.server: Listening on TCP address 127.0.0.1:8000
2026-08-08 23:17:03,936 [INFO] django.channels.server: [mHTTP GET /api/v1/chat/ 200 [2.22, 127.0.0.1:57288][0m
2026-08-09 15:44:07,350 [INFO] django.utils.autoreload: Watching for file changes with StatReloader
2026-08-09 15:44:12,143 [INFO] daphne.server: HTTP/2 support not enabled (install the http2 and tls Twisted extras)
2026-08-09 15:44:12,145 [INFO] daphne.server: Configuring endpoint tcp:port=8000:interface=127.0.0.1
2026-08-09 15:44:12,147 [INFO] daphne.server: Listening on TCP address 127.0.0.1:8000
2026-08-09 15:44:23,613 [INFO] django.channels.server: [mHTTP POST /api/v1/auth/login/ 200 [3.14, 127.0.0.1:54774][0m
2026-08-09 15:45:32,511 [WARNING] django.channels.server: [31;1mHTTP GET /api/v1/chat/start/ 405 [2.39, 127.0.0.1:60993][0m
2026-08-09 15:45:41,889 [ERROR] django.channels.server: [35;1mHTTP POST /api/v1/chat/start/ 500 [6.22, 127.0.0.1:60993][0m
2026-08-09 15:45:58,307 [INFO] django.channels.server: [mHTTP GET /admin/ 200 [2.72, 127.0.0.1:53146][0m
2026-08-09 15:45:58,441 [INFO] django.channels.server: [36mHTTP GET /static/admin/css/base.css 304 [0.01, 127.0.0.1:53146][0m
2026-08-09 15:45:58,442 [INFO] django.channels.server: [36mHTTP GET /static/admin/css/dark_mode.css 304 [0.01, 127.0.0.1:53443][0m
2026-08-09 15:45:58,457 [INFO] django.channels.server: [36mHTTP GET /static/admin/css/nav_sidebar.css 304 [0.01, 127.0.0.1:53146][0m
2026-08-09 15:45:58,460 [INFO] django.channels.server: [36mHTTP GET /static/admin/css/responsive.css 304 [0.01, 127.0.0.1:53443][0m
2026-08-09 15:45:58,472 [INFO] django.channels.server: [36mHTTP GET /static/admin/css/dashboard.css 304 [0.01, 127.0.0.1:53146][0m
2026-08-09 15:45:58,475 [INFO] django.channels.server: [36mHTTP GET /static/admin/js/theme.js 304 [0.01, 127.0.0.1:53443][0m
2026-08-09 15:45:58,486 [INFO] django.channels.server: [36mHTTP GET /static/admin/js/nav_sidebar.js 304 [0.01, 127.0.0.1:53146][0m
2026-08-09 15:45:58,504 [INFO] django.channels.server: [36mHTTP GET /static/admin/img/icon-addlink.svg 304 [0.01, 127.0.0.1:53443][0m
2026-08-09 15:45:58,505 [INFO] django.channels.server: [36mHTTP GET /static/admin/img/icon-changelink.svg 304 [0.01, 127.0.0.1:53146][0m
2026-08-09 15:45:58,515 [INFO] django.channels.server: [36mHTTP GET /static/admin/img/icon-deletelink.svg 304 [0.01, 127.0.0.1:53146][0m
2026-08-09 15:46:04,274 [INFO] django.channels.server: [mHTTP GET /admin/tutors/tutorprofile/ 200 [2.52, 127.0.0.1:53146][0m
2026-08-09 15:46:04,348 [INFO] django.channels.server: [36mHTTP GET /static/admin/css/changelists.css 304 [0.01, 127.0.0.1:53146][0m
2026-08-09 15:46:04,361 [INFO] django.channels.server: [36mHTTP GET /static/admin/js/jquery.init.js 304 [0.02, 127.0.0.1:53443][0m
2026-08-09 15:46:04,370 [INFO] django.channels.server: [36mHTTP GET /static/admin/js/vendor/jquery/jquery.js 304 [0.03, 127.0.0.1:50358][0m
2026-08-09 15:46:04,375 [INFO] django.channels.server: [36mHTTP GET /static/admin/js/admin/RelatedObjectLookups.js 304 [0.03, 127.0.0.1:59991][0m
2026-08-09 15:46:04,379 [INFO] django.channels.server: [36mHTTP GET /static/admin/js/core.js 304 [0.03, 127.0.0.1:65159][0m
2026-08-09 15:46:04,445 [INFO] django.channels.server: [36mHTTP GET /static/admin/js/actions.js 304 [0.09, 127.0.0.1:53146][0m
2026-08-09 15:46:04,455 [INFO] django.channels.server: [36mHTTP GET /static/admin/js/urlify.js 304 [0.07, 127.0.0.1:53443][0m
2026-08-09 15:46:04,455 [INFO] django.channels.server: [36mHTTP GET /static/admin/js/prepopulate.js 304 [0.07, 127.0.0.1:59991][0m
2026-08-09 15:46:04,459 [INFO] django.channels.server: [36mHTTP GET /static/admin/js/vendor/xregexp/xregexp.js 304 [0.03, 127.0.0.1:50358][0m
2026-08-09 15:46:05,670 [INFO] django.channels.server: [mHTTP GET /static/admin/img/icon-yes.svg 200 [1.22, 127.0.0.1:53146][0m
2026-08-09 15:46:05,671 [INFO] django.channels.server: [mHTTP GET /static/admin/img/search.svg 200 [1.24, 127.0.0.1:65159][0m
2026-08-09 15:46:05,680 [INFO] django.channels.server: [36mHTTP GET /static/admin/js/filters.js 304 [0.00, 127.0.0.1:65159][0m
2026-08-09 15:46:06,599 [INFO] django.channels.server: [mHTTP GET /admin/jsi18n/ 200 [2.26, 127.0.0.1:62256][0m
2026-08-09 15:46:06,659 [INFO] django.channels.server: [36mHTTP GET /static/admin/img/tooltag-add.svg 304 [0.01, 127.0.0.1:62256][0m
2026-08-09 15:46:06,680 [INFO] django.channels.server: [mHTTP GET /static/admin/img/icon-viewlink.svg 200 [0.02, 127.0.0.1:53146][0m
2026-08-09 15:46:06,685 [INFO] django.channels.server: [mHTTP GET /static/admin/img/sorting-icons.svg 200 [0.02, 127.0.0.1:65159][0m
2026-08-09 15:46:12,565 [INFO] django.channels.server: [mHTTP GET /admin/tutors/tutorprofile/1/change/ 200 [2.54, 127.0.0.1:65159][0m
2026-08-09 15:46:12,694 [INFO] django.channels.server: [mHTTP GET /static/admin/css/forms.css 200 [0.07, 127.0.0.1:65159][0m
2026-08-09 15:46:12,729 [INFO] django.channels.server: [mHTTP GET /static/admin/js/prepopulate_init.js 200 [0.10, 127.0.0.1:59991][0m
2026-08-09 15:46:12,742 [INFO] django.channels.server: [mHTTP GET /static/admin/css/widgets.css 200 [0.03, 127.0.0.1:65159][0m
2026-08-09 15:46:12,764 [INFO] django.channels.server: [mHTTP GET /static/admin/js/calendar.js 200 [0.14, 127.0.0.1:53146][0m
2026-08-09 15:46:12,769 [INFO] django.channels.server: [mHTTP GET /static/admin/js/admin/DateTimeShortcuts.js 200 [0.14, 127.0.0.1:62256][0m
2026-08-09 15:46:12,777 [INFO] django.channels.server: [mHTTP GET /static/admin/js/inlines.js 200 [0.15, 127.0.0.1:50358][0m
2026-08-09 15:46:12,801 [INFO] django.channels.server: [mHTTP GET /static/admin/img/icon-unknown.svg 200 [0.02, 127.0.0.1:50358][0m
2026-08-09 15:46:12,845 [INFO] django.channels.server: [mHTTP GET /static/admin/js/change_form.js 200 [0.04, 127.0.0.1:50358][0m
2026-08-09 15:46:14,822 [INFO] django.channels.server: [mHTTP GET /admin/jsi18n/ 200 [2.19, 127.0.0.1:53443][0m
2026-08-09 15:46:15,101 [INFO] django.channels.server: [mHTTP GET /static/admin/img/icon-clock.svg 200 [0.03, 127.0.0.1:53443][0m
2026-08-09 15:46:21,227 [INFO] django.channels.server: [mHTTP POST /api/v1/chat/start/ 200 [2.25, 127.0.0.1:60993][0m
2026-08-09 15:50:17,195 [INFO] django.channels.server: WebSocket HANDSHAKING /ws/chat/7/ [127.0.0.1:58042]
2026-08-09 15:50:18,998 [INFO] django.channels.server: WebSocket REJECT /ws/chat/7/ [127.0.0.1:58042]
2026-08-09 15:50:18,999 [INFO] django.channels.server: WebSocket DISCONNECT /ws/chat/7/ [127.0.0.1:58042]
2026-08-09 15:50:22,939 [INFO] django.channels.server: WebSocket HANDSHAKING /ws/chat/6/ [127.0.0.1:56108]
2026-08-09 15:50:22,942 [INFO] django.channels.server: WebSocket REJECT /ws/chat/6/ [127.0.0.1:56108]
2026-08-09 15:50:22,943 [INFO] django.channels.server: WebSocket DISCONNECT /ws/chat/6/ [127.0.0.1:56108]
2026-08-09 15:51:03,350 [INFO] django.channels.server: WebSocket HANDSHAKING /ws/chat/7/ [127.0.0.1:55904]
2026-08-09 15:51:03,352 [INFO] django.channels.server: WebSocket REJECT /ws/chat/7/ [127.0.0.1:55904]
2026-08-09 15:51:03,355 [INFO] django.channels.server: WebSocket DISCONNECT /ws/chat/7/ [127.0.0.1:55904]
2026-08-09 15:51:23,504 [INFO] django.channels.server: WebSocket HANDSHAKING /ws/chat/7/ [127.0.0.1:53656]
2026-08-09 15:51:23,509 [INFO] django.channels.server: WebSocket REJECT /ws/chat/7/ [127.0.0.1:53656]
2026-08-09 15:51:23,510 [INFO] django.channels.server: WebSocket DISCONNECT /ws/chat/7/ [127.0.0.1:53656]
2026-08-09 15:51:33,690 [INFO] django.channels.server: WebSocket HANDSHAKING /ws/chat/6/ [127.0.0.1:62118]
2026-08-09 15:51:33,696 [INFO] django.channels.server: WebSocket REJECT /ws/chat/6/ [127.0.0.1:62118]
2026-08-09 15:51:33,699 [INFO] django.channels.server: WebSocket DISCONNECT /ws/chat/6/ [127.0.0.1:62118]
2026-08-09 15:52:07,892 [INFO] django.channels.server: WebSocket HANDSHAKING /ws/chat/6/ [127.0.0.1:62364]
2026-08-09 15:52:07,900 [INFO] django.channels.server: WebSocket REJECT /ws/chat/6/ [127.0.0.1:62364]
2026-08-09 15:52:07,900 [INFO] django.channels.server: WebSocket DISCONNECT /ws/chat/6/ [127.0.0.1:62364]
2026-08-09 15:52:11,888 [INFO] django.channels.server: WebSocket HANDSHAKING /ws/chat/7/ [127.0.0.1:53175]
2026-08-09 15:52:11,888 [INFO] django.channels.server: WebSocket REJECT /ws/chat/7/ [127.0.0.1:53175]
2026-08-09 15:52:11,888 [INFO] django.channels.server: WebSocket DISCONNECT /ws/chat/7/ [127.0.0.1:53175]
2026-08-09 15:53:04,082 [INFO] django.utils.autoreload: Watching for file changes with StatReloader
2026-08-09 15:53:07,352 [INFO] daphne.server: HTTP/2 support not enabled (install the http2 and tls Twisted extras)
2026-08-09 15:53:07,354 [INFO] daphne.server: Configuring endpoint tcp:port=8000:interface=127.0.0.1
2026-08-09 15:53:07,354 [INFO] daphne.server: Listening on TCP address 127.0.0.1:8000
2026-08-09 15:53:16,783 [INFO] django.channels.server: WebSocket HANDSHAKING /ws/chat/2/ [127.0.0.1:56201]
2026-08-09 15:53:16,904 [INFO] django.channels.server: WebSocket REJECT /ws/chat/2/ [127.0.0.1:56201]
2026-08-09 15:53:16,906 [INFO] django.channels.server: WebSocket DISCONNECT /ws/chat/2/ [127.0.0.1:56201]
2026-08-09 15:53:22,389 [INFO] django.channels.server: WebSocket HANDSHAKING /ws/chat/6/ [127.0.0.1:55980]
2026-08-09 15:53:22,392 [INFO] django.channels.server: WebSocket REJECT /ws/chat/6/ [127.0.0.1:55980]
2026-08-09 15:53:22,393 [INFO] django.channels.server: WebSocket DISCONNECT /ws/chat/6/ [127.0.0.1:55980]
2026-08-09 15:53:26,769 [INFO] django.channels.server: WebSocket HANDSHAKING /ws/chat/7/ [127.0.0.1:53259]
2026-08-09 15:53:26,774 [INFO] django.channels.server: WebSocket REJECT /ws/chat/7/ [127.0.0.1:53259]
2026-08-09 15:53:26,779 [INFO] django.channels.server: WebSocket DISCONNECT /ws/chat/7/ [127.0.0.1:53259]
2026-08-09 15:54:56,130 [INFO] django.channels.server: WebSocket HANDSHAKING /ws/chat/6/6/ [127.0.0.1:57319]
2026-08-09 15:54:56,135 [INFO] django.channels.server: WebSocket REJECT /ws/chat/6/6/ [127.0.0.1:57319]
2026-08-09 15:54:56,136 [INFO] django.channels.server: WebSocket DISCONNECT /ws/chat/6/6/ [127.0.0.1:57319]
2026-08-09 15:55:00,365 [INFO] django.channels.server: WebSocket HANDSHAKING /ws/chat/6/7/ [127.0.0.1:60754]
2026-08-09 15:55:00,367 [INFO] django.channels.server: WebSocket REJECT /ws/chat/6/7/ [127.0.0.1:60754]
2026-08-09 15:55:00,367 [INFO] django.channels.server: WebSocket DISCONNECT /ws/chat/6/7/ [127.0.0.1:60754]
2026-08-09 15:55:26,131 [INFO] django.channels.server: WebSocket HANDSHAKING /ws/chat/6/ [127.0.0.1:49964]
2026-08-09 15:55:26,135 [INFO] django.channels.server: WebSocket REJECT /ws/chat/6/ [127.0.0.1:49964]
2026-08-09 15:55:26,135 [INFO] django.channels.server: WebSocket DISCONNECT /ws/chat/6/ [127.0.0.1:49964]
2026-08-09 15:59:28,534 [INFO] django.channels.server: [mHTTP POST /api/v1/auth/login/ 200 [3.71, 127.0.0.1:53889][0m
2026-08-09 16:00:50,489 [INFO] django.channels.server: WebSocket HANDSHAKING /ws/chat/7/ [127.0.0.1:62833]
2026-08-09 16:00:50,505 [INFO] django.channels.server: WebSocket REJECT /ws/chat/7/ [127.0.0.1:62833]
2026-08-09 16:00:50,507 [INFO] django.channels.server: WebSocket DISCONNECT /ws/chat/7/ [127.0.0.1:62833]
2026-08-09 16:00:59,109 [INFO] django.channels.server: WebSocket HANDSHAKING /ws/chat/7/ [127.0.0.1:58802]
2026-08-09 16:00:59,111 [INFO] django.channels.server: WebSocket REJECT /ws/chat/7/ [127.0.0.1:58802]
2026-08-09 16:00:59,112 [INFO] django.channels.server: WebSocket DISCONNECT /ws/chat/7/ [127.0.0.1:58802]
2026-08-09 16:01:48,486 [INFO] django.channels.server: WebSocket HANDSHAKING /ws/chat/7/ [127.0.0.1:50305]
2026-08-09 16:01:48,488 [INFO] django.channels.server: WebSocket REJECT /ws/chat/7/ [127.0.0.1:50305]
2026-08-09 16:01:48,489 [INFO] django.channels.server: WebSocket DISCONNECT /ws/chat/7/ [127.0.0.1:50305]
2026-08-09 16:02:21,776 [INFO] django.channels.server: WebSocket HANDSHAKING /ws/chat/7/ [127.0.0.1:61070]
2026-08-09 16:02:21,778 [INFO] django.channels.server: WebSocket REJECT /ws/chat/7/ [127.0.0.1:61070]
2026-08-09 16:02:21,778 [INFO] django.channels.server: WebSocket DISCONNECT /ws/chat/7/ [127.0.0.1:61070]
2026-08-09 16:02:30,932 [INFO] django.channels.server: [mHTTP GET /admin/tutors/tutorprofile/1/change/ 200 [2.91, 127.0.0.1:61802][0m
2026-08-09 16:02:38,962 [INFO] django.channels.server: WebSocket HANDSHAKING /ws/chat/6/ [127.0.0.1:62790]
2026-08-09 16:02:38,971 [INFO] django.channels.server: WebSocket REJECT /ws/chat/6/ [127.0.0.1:62790]
2026-08-09 16:02:38,973 [INFO] django.channels.server: WebSocket DISCONNECT /ws/chat/6/ [127.0.0.1:62790]
2026-08-09 16:02:42,402 [INFO] django.channels.server: WebSocket HANDSHAKING /ws/chat/7/ [127.0.0.1:60251]
2026-08-09 16:02:42,404 [INFO] django.channels.server: WebSocket REJECT /ws/chat/7/ [127.0.0.1:60251]
2026-08-09 16:02:42,405 [INFO] django.channels.server: WebSocket DISCONNECT /ws/chat/7/ [127.0.0.1:60251]
2026-08-09 16:03:36,783 [INFO] django.channels.server: WebSocket HANDSHAKING /ws/chat/6/ [127.0.0.1:62408]
2026-08-09 16:03:36,791 [INFO] django.channels.server: WebSocket REJECT /ws/chat/6/ [127.0.0.1:62408]
2026-08-09 16:03:36,795 [INFO] django.channels.server: WebSocket DISCONNECT /ws/chat/6/ [127.0.0.1:62408]
2026-08-09 16:05:16,632 [INFO] django.utils.autoreload: Watching for file changes with StatReloader
2026-08-09 16:05:19,736 [INFO] daphne.server: HTTP/2 support not enabled (install the http2 and tls Twisted extras)
2026-08-09 16:05:19,736 [INFO] daphne.server: Configuring endpoint tcp:port=8000:interface=127.0.0.1
2026-08-09 16:05:19,737 [INFO] daphne.server: Listening on TCP address 127.0.0.1:8000
2026-08-09 16:08:30,077 [INFO] django.utils.autoreload: C:\Users\Mictovic\projects\tutor_platform\tutor_platform\tutor_platform\asgi.py changed, reloading.
2026-08-09 16:08:35,638 [INFO] django.utils.autoreload: Watching for file changes with StatReloader
2026-08-09 16:08:40,070 [INFO] daphne.server: HTTP/2 support not enabled (install the http2 and tls Twisted extras)
2026-08-09 16:08:40,072 [INFO] daphne.server: Configuring endpoint tcp:port=8000:interface=127.0.0.1
2026-08-09 16:08:40,073 [INFO] daphne.server: Listening on TCP address 127.0.0.1:8000
2026-08-09 16:08:51,363 [INFO] django.channels.server: WebSocket HANDSHAKING /ws/chat/6/ [127.0.0.1:58935]
2026-08-09 16:08:54,166 [ERROR] daphne.server: Exception inside application: Cannot query "Emeka Michael (awaemekamichael@gmail.com)": Must be "TutorProfile" instance.
Traceback (most recent call last):
  File "C:\Users\Mictovic\projects\tutor_platform\env\Lib\site-packages\django\contrib\staticfiles\handlers.py", line 101, in __call__
    return await self.application(scope, receive, send)
           ^^^^^^^^^^^^^^^^^^^^^^^^^^^^^^^^^^^^^^^^^^^^
  File "C:\Users\Mictovic\projects\tutor_platform\env\Lib\site-packages\channels\routing.py", line 48, in __call__
    return await application(scope, receive, send)
           ^^^^^^^^^^^^^^^^^^^^^^^^^^^^^^^^^^^^^^^
  File "C:\Users\Mictovic\projects\tutor_platform\tutor_platform\chat\middleware.py", line 30, in __call__
    return await super().__call__(scope, receive, send)
           ^^^^^^^^^^^^^^^^^^^^^^^^^^^^^^^^^^^^^^^^^^^^
  File "C:\Users\Mictovic\projects\tutor_platform\env\Lib\site-packages\channels\middleware.py", line 24, in __call__
    return await self.inner(scope, receive, send)
           ^^^^^^^^^^^^^^^^^^^^^^^^^^^^^^^^^^^^^^
  File "C:\Users\Mictovic\projects\tutor_platform\env\Lib\site-packages\channels\routing.py", line 118, in __call__
    return await application(
           ^^^^^^^^^^^^^^^^^^
  File "C:\Users\Mictovic\projects\tutor_platform\env\Lib\site-packages\channels\consumer.py", line 95, in app
    return await consumer(scope, receive, send)
           ^^^^^^^^^^^^^^^^^^^^^^^^^^^^^^^^^^^^
  File "C:\Users\Mictovic\projects\tutor_platform\env\Lib\site-packages\channels\consumer.py", line 58, in __call__
    await await_many_dispatch(
  File "C:\Users\Mictovic\projects\tutor_platform\env\Lib\site-packages\channels\utils.py", line 50, in await_many_dispatch
    await dispatch(result)
  File "C:\Users\Mictovic\projects\tutor_platform\env\Lib\site-packages\channels\consumer.py", line 74, in dispatch
    await handler(message)
  File "C:\Users\Mictovic\projects\tutor_platform\env\Lib\site-packages\channels\generic\websocket.py", line 180, in websocket_connect
    await self.connect()
  File "C:\Users\Mictovic\projects\tutor_platform\tutor_platform\chat\consumers.py", line 25, in connect
    is_participant = await self.user_is_participant()
                     ^^^^^^^^^^^^^^^^^^^^^^^^^^^^^^^^
  File "C:\Users\Mictovic\projects\tutor_platform\env\Lib\site-packages\asgiref\sync.py", line 526, in __call__
    ret = await asyncio.shield(exec_coro)
          ^^^^^^^^^^^^^^^^^^^^^^^^^^^^^^^
  File "C:\Users\Mictovic\AppData\Local\Programs\Python\Python312\Lib\concurrent\futures\thread.py", line 59, in run
    result = self.fn(*self.args, **self.kwargs)
             ^^^^^^^^^^^^^^^^^^^^^^^^^^^^^^^^^^
  File "C:\Users\Mictovic\projects\tutor_platform\env\Lib\site-packages\channels\db.py", line 13, in thread_handler
    return super().thread_handler(loop, *args, **kwargs)
           ^^^^^^^^^^^^^^^^^^^^^^^^^^^^^^^^^^^^^^^^^^^^^
  File "C:\Users\Mictovic\projects\tutor_platform\env\Lib\site-packages\asgiref\sync.py", line 581, in thread_handler
    return func(*args, **kwargs)
           ^^^^^^^^^^^^^^^^^^^^^
  File "C:\Users\Mictovic\projects\tutor_platform\env\Lib\site-packages\asgiref\sync.py", line 508, in func
    return context.run(run_child)
           ^^^^^^^^^^^^^^^^^^^^^^
  File "C:\Users\Mictovic\projects\tutor_platform\env\Lib\site-packages\asgiref\sync.py", line 506, in run_child
    return child()
           ^^^^^^^
  File "C:\Users\Mictovic\projects\tutor_platform\tutor_platform\chat\consumers.py", line 71, in user_is_participant
    return ChatThread.objects.filter(id=self.thread_id).filter(
           ^^^^^^^^^^^^^^^^^^^^^^^^^^^^^^^^^^^^^^^^^^^^^^^^^^^^
  File "C:\Users\Mictovic\projects\tutor_platform\env\Lib\site-packages\django\db\models\query.py", line 1476, in filter
    return self._filter_or_exclude(False, args, kwargs)
           ^^^^^^^^^^^^^^^^^^^^^^^^^^^^^^^^^^^^^^^^^^^^
  File "C:\Users\Mictovic\projects\tutor_platform\env\Lib\site-packages\django\db\models\query.py", line 1494, in _filter_or_exclude
    clone._filter_or_exclude_inplace(negate, args, kwargs)
  File "C:\Users\Mictovic\projects\tutor_platform\env\Lib\site-packages\django\db\models\query.py", line 1501, in _filter_or_exclude_inplace
    self._query.add_q(Q(*args, **kwargs))
  File "C:\Users\Mictovic\projects\tutor_platform\env\Lib\site-packages\django\db\models\sql\query.py", line 1613, in add_q
    clause, _ = self._add_q(q_object, self.used_aliases)
                ^^^^^^^^^^^^^^^^^^^^^^^^^^^^^^^^^^^^^^^^
  File "C:\Users\Mictovic\projects\tutor_platform\env\Lib\site-packages\django\db\models\sql\query.py", line 1645, in _add_q
    child_clause, needed_inner = self.build_filter(
                                 ^^^^^^^^^^^^^^^^^^
  File "C:\Users\Mictovic\projects\tutor_platform\env\Lib\site-packages\django\db\models\sql\query.py", line 1472, in build_filter
    return self._add_q(
           ^^^^^^^^^^^^
  File "C:\Users\Mictovic\projects\tutor_platform\env\Lib\site-packages\django\db\models\sql\query.py", line 1645, in _add_q
    child_clause, needed_inner = self.build_filter(
                                 ^^^^^^^^^^^^^^^^^^
  File "C:\Users\Mictovic\projects\tutor_platform\env\Lib\site-packages\django\db\models\sql\query.py", line 1532, in build_filter
    self.check_related_objects(join_info.final_field, value, join_info.opts)
  File "C:\Users\Mictovic\projects\tutor_platform\env\Lib\site-packages\django\db\models\sql\query.py", line 1346, in check_related_objects
    self.check_query_object_type(value, opts, field)
  File "C:\Users\Mictovic\projects\tutor_platform\env\Lib\site-packages\django\db\models\sql\query.py", line 1323, in check_query_object_type
    raise ValueError(
ValueError: Cannot query "Emeka Michael (awaemekamichael@gmail.com)": Must be "TutorProfile" instance.
2026-08-09 16:08:55,194 [INFO] django.channels.server: WebSocket DISCONNECT /ws/chat/6/ [127.0.0.1:58935]
2026-08-09 16:09:01,613 [INFO] django.channels.server: WebSocket HANDSHAKING /ws/chat/7/ [127.0.0.1:57230]
2026-08-09 16:09:04,258 [ERROR] daphne.server: Exception inside application: Cannot query "Emeka Michael (awaemekamichael@gmail.com)": Must be "TutorProfile" instance.
Traceback (most recent call last):
  File "C:\Users\Mictovic\projects\tutor_platform\env\Lib\site-packages\django\contrib\staticfiles\handlers.py", line 101, in __call__
    return await self.application(scope, receive, send)
           ^^^^^^^^^^^^^^^^^^^^^^^^^^^^^^^^^^^^^^^^^^^^
  File "C:\Users\Mictovic\projects\tutor_platform\env\Lib\site-packages\channels\routing.py", line 48, in __call__
    return await application(scope, receive, send)
           ^^^^^^^^^^^^^^^^^^^^^^^^^^^^^^^^^^^^^^^
  File "C:\Users\Mictovic\projects\tutor_platform\tutor_platform\chat\middleware.py", line 30, in __call__
    return await super().__call__(scope, receive, send)
           ^^^^^^^^^^^^^^^^^^^^^^^^^^^^^^^^^^^^^^^^^^^^
  File "C:\Users\Mictovic\projects\tutor_platform\env\Lib\site-packages\channels\middleware.py", line 24, in __call__
    return await self.inner(scope, receive, send)
           ^^^^^^^^^^^^^^^^^^^^^^^^^^^^^^^^^^^^^^
  File "C:\Users\Mictovic\projects\tutor_platform\env\Lib\site-packages\channels\routing.py", line 118, in __call__
    return await application(
           ^^^^^^^^^^^^^^^^^^
  File "C:\Users\Mictovic\projects\tutor_platform\env\Lib\site-packages\channels\consumer.py", line 95, in app
    return await consumer(scope, receive, send)
           ^^^^^^^^^^^^^^^^^^^^^^^^^^^^^^^^^^^^
  File "C:\Users\Mictovic\projects\tutor_platform\env\Lib\site-packages\channels\consumer.py", line 58, in __call__
    await await_many_dispatch(
  File "C:\Users\Mictovic\projects\tutor_platform\env\Lib\site-packages\channels\utils.py", line 50, in await_many_dispatch
    await dispatch(result)
  File "C:\Users\Mictovic\projects\tutor_platform\env\Lib\site-packages\channels\consumer.py", line 74, in dispatch
    await handler(message)
  File "C:\Users\Mictovic\projects\tutor_platform\env\Lib\site-packages\channels\generic\websocket.py", line 180, in websocket_connect
    await self.connect()
  File "C:\Users\Mictovic\projects\tutor_platform\tutor_platform\chat\consumers.py", line 25, in connect
    is_participant = await self.user_is_participant()
                     ^^^^^^^^^^^^^^^^^^^^^^^^^^^^^^^^
  File "C:\Users\Mictovic\projects\tutor_platform\env\Lib\site-packages\asgiref\sync.py", line 526, in __call__
    ret = await asyncio.shield(exec_coro)
          ^^^^^^^^^^^^^^^^^^^^^^^^^^^^^^^
  File "C:\Users\Mictovic\AppData\Local\Programs\Python\Python312\Lib\concurrent\futures\thread.py", line 59, in run
    result = self.fn(*self.args, **self.kwargs)
             ^^^^^^^^^^^^^^^^^^^^^^^^^^^^^^^^^^
  File "C:\Users\Mictovic\projects\tutor_platform\env\Lib\site-packages\channels\db.py", line 13, in thread_handler
    return super().thread_handler(loop, *args, **kwargs)
           ^^^^^^^^^^^^^^^^^^^^^^^^^^^^^^^^^^^^^^^^^^^^^
  File "C:\Users\Mictovic\projects\tutor_platform\env\Lib\site-packages\asgiref\sync.py", line 581, in thread_handler
    return func(*args, **kwargs)
           ^^^^^^^^^^^^^^^^^^^^^
  File "C:\Users\Mictovic\projects\tutor_platform\env\Lib\site-packages\asgiref\sync.py", line 508, in func
    return context.run(run_child)
           ^^^^^^^^^^^^^^^^^^^^^^
  File "C:\Users\Mictovic\projects\tutor_platform\env\Lib\site-packages\asgiref\sync.py", line 506, in run_child
    return child()
           ^^^^^^^
  File "C:\Users\Mictovic\projects\tutor_platform\tutor_platform\chat\consumers.py", line 71, in user_is_participant
    return ChatThread.objects.filter(id=self.thread_id).filter(
           ^^^^^^^^^^^^^^^^^^^^^^^^^^^^^^^^^^^^^^^^^^^^^^^^^^^^
  File "C:\Users\Mictovic\projects\tutor_platform\env\Lib\site-packages\django\db\models\query.py", line 1476, in filter
    return self._filter_or_exclude(False, args, kwargs)
           ^^^^^^^^^^^^^^^^^^^^^^^^^^^^^^^^^^^^^^^^^^^^
  File "C:\Users\Mictovic\projects\tutor_platform\env\Lib\site-packages\django\db\models\query.py", line 1494, in _filter_or_exclude
    clone._filter_or_exclude_inplace(negate, args, kwargs)
  File "C:\Users\Mictovic\projects\tutor_platform\env\Lib\site-packages\django\db\models\query.py", line 1501, in _filter_or_exclude_inplace
    self._query.add_q(Q(*args, **kwargs))
  File "C:\Users\Mictovic\projects\tutor_platform\env\Lib\site-packages\django\db\models\sql\query.py", line 1613, in add_q
    clause, _ = self._add_q(q_object, self.used_aliases)
                ^^^^^^^^^^^^^^^^^^^^^^^^^^^^^^^^^^^^^^^^
  File "C:\Users\Mictovic\projects\tutor_platform\env\Lib\site-packages\django\db\models\sql\query.py", line 1645, in _add_q
    child_clause, needed_inner = self.build_filter(
                                 ^^^^^^^^^^^^^^^^^^
  File "C:\Users\Mictovic\projects\tutor_platform\env\Lib\site-packages\django\db\models\sql\query.py", line 1472, in build_filter
    return self._add_q(
           ^^^^^^^^^^^^
  File "C:\Users\Mictovic\projects\tutor_platform\env\Lib\site-packages\django\db\models\sql\query.py", line 1645, in _add_q
    child_clause, needed_inner = self.build_filter(
                                 ^^^^^^^^^^^^^^^^^^
  File "C:\Users\Mictovic\projects\tutor_platform\env\Lib\site-packages\django\db\models\sql\query.py", line 1532, in build_filter
    self.check_related_objects(join_info.final_field, value, join_info.opts)
  File "C:\Users\Mictovic\projects\tutor_platform\env\Lib\site-packages\django\db\models\sql\query.py", line 1346, in check_related_objects
    self.check_query_object_type(value, opts, field)
  File "C:\Users\Mictovic\projects\tutor_platform\env\Lib\site-packages\django\db\models\sql\query.py", line 1323, in check_query_object_type
    raise ValueError(
ValueError: Cannot query "Emeka Michael (awaemekamichael@gmail.com)": Must be "TutorProfile" instance.
2026-08-09 16:09:04,267 [INFO] django.channels.server: WebSocket DISCONNECT /ws/chat/7/ [127.0.0.1:57230]
2026-08-09 16:09:46,988 [INFO] django.utils.autoreload: C:\Users\Mictovic\projects\tutor_platform\tutor_platform\chat\consumers.py changed, reloading.
2026-08-09 16:09:53,038 [INFO] django.utils.autoreload: Watching for file changes with StatReloader
2026-08-09 16:09:56,119 [INFO] daphne.server: HTTP/2 support not enabled (install the http2 and tls Twisted extras)
2026-08-09 16:09:56,120 [INFO] daphne.server: Configuring endpoint tcp:port=8000:interface=127.0.0.1
2026-08-09 16:09:56,122 [INFO] daphne.server: Listening on TCP address 127.0.0.1:8000
2026-08-09 16:09:58,410 [INFO] django.utils.autoreload: C:\Users\Mictovic\projects\tutor_platform\tutor_platform\chat\consumers.py changed, reloading.
2026-08-09 16:10:06,748 [INFO] django.utils.autoreload: Watching for file changes with StatReloader
2026-08-09 16:10:10,909 [INFO] daphne.server: HTTP/2 support not enabled (install the http2 and tls Twisted extras)
2026-08-09 16:10:10,911 [INFO] daphne.server: Configuring endpoint tcp:port=8000:interface=127.0.0.1
2026-08-09 16:10:10,913 [INFO] daphne.server: Listening on TCP address 127.0.0.1:8000
2026-08-09 16:10:14,481 [INFO] django.utils.autoreload: C:\Users\Mictovic\projects\tutor_platform\tutor_platform\chat\consumers.py changed, reloading.
2026-08-09 16:10:18,547 [INFO] django.utils.autoreload: Watching for file changes with StatReloader
2026-08-09 16:10:29,749 [INFO] django.utils.autoreload: C:\Users\Mictovic\projects\tutor_platform\tutor_platform\chat\consumers.py changed, reloading.
2026-08-09 16:10:32,811 [INFO] django.utils.autoreload: Watching for file changes with StatReloader
2026-08-09 16:10:35,608 [INFO] daphne.server: HTTP/2 support not enabled (install the http2 and tls Twisted extras)
2026-08-09 16:10:35,608 [INFO] daphne.server: Configuring endpoint tcp:port=8000:interface=127.0.0.1
2026-08-09 16:10:35,609 [INFO] daphne.server: Listening on TCP address 127.0.0.1:8000
2026-08-09 16:10:58,993 [INFO] django.utils.autoreload: C:\Users\Mictovic\projects\tutor_platform\tutor_platform\chat\consumers.py changed, reloading.
2026-08-09 16:11:01,629 [INFO] django.utils.autoreload: Watching for file changes with StatReloader
2026-08-09 16:11:04,861 [INFO] daphne.server: HTTP/2 support not enabled (install the http2 and tls Twisted extras)
2026-08-09 16:11:04,861 [INFO] daphne.server: Configuring endpoint tcp:port=8000:interface=127.0.0.1
2026-08-09 16:11:04,863 [INFO] daphne.server: Listening on TCP address 127.0.0.1:8000
2026-08-09 16:11:08,473 [INFO] django.utils.autoreload: C:\Users\Mictovic\projects\tutor_platform\tutor_platform\chat\consumers.py changed, reloading.
2026-08-09 16:11:12,784 [INFO] django.utils.autoreload: Watching for file changes with StatReloader
2026-08-09 16:11:15,851 [INFO] daphne.server: HTTP/2 support not enabled (install the http2 and tls Twisted extras)
2026-08-09 16:11:15,851 [INFO] daphne.server: Configuring endpoint tcp:port=8000:interface=127.0.0.1
2026-08-09 16:11:15,854 [INFO] daphne.server: Listening on TCP address 127.0.0.1:8000
2026-08-09 16:11:18,118 [INFO] django.utils.autoreload: C:\Users\Mictovic\projects\tutor_platform\tutor_platform\chat\consumers.py changed, reloading.
2026-08-09 16:11:20,192 [INFO] django.utils.autoreload: Watching for file changes with StatReloader
2026-08-09 16:11:23,134 [INFO] daphne.server: HTTP/2 support not enabled (install the http2 and tls Twisted extras)
2026-08-09 16:11:23,134 [INFO] daphne.server: Configuring endpoint tcp:port=8000:interface=127.0.0.1
2026-08-09 16:11:23,136 [INFO] daphne.server: Listening on TCP address 127.0.0.1:8000
2026-08-09 16:11:46,833 [INFO] django.channels.server: WebSocket HANDSHAKING /ws/chat/7/ [127.0.0.1:54952]
2026-08-09 16:11:51,006 [INFO] django.channels.server: WebSocket DISCONNECT /ws/chat/7/ [127.0.0.1:54952]
2026-08-09 16:11:54,984 [INFO] django.channels.server: WebSocket HANDSHAKING /ws/chat/6/ [127.0.0.1:58397]
2026-08-09 16:11:59,002 [INFO] django.channels.server: WebSocket DISCONNECT /ws/chat/6/ [127.0.0.1:58397]
2026-08-09 16:12:13,029 [INFO] django.utils.autoreload: Watching for file changes with StatReloader
2026-08-09 16:12:16,094 [INFO] daphne.server: HTTP/2 support not enabled (install the http2 and tls Twisted extras)
2026-08-09 16:12:16,094 [INFO] daphne.server: Configuring endpoint tcp:port=8000:interface=127.0.0.1
2026-08-09 16:12:16,094 [INFO] daphne.server: Listening on TCP address 127.0.0.1:8000
2026-08-09 16:12:29,323 [INFO] django.channels.server: WebSocket HANDSHAKING /ws/chat/6/ [127.0.0.1:63823]
2026-08-09 16:12:33,833 [INFO] django.channels.server: WebSocket CONNECT /ws/chat/6/ [127.0.0.1:63823]
2026-08-09 16:17:17,015 [INFO] django.utils.autoreload: Watching for file changes with StatReloader
2026-08-09 16:17:20,700 [INFO] daphne.server: HTTP/2 support not enabled (install the http2 and tls Twisted extras)
2026-08-09 16:17:20,719 [INFO] daphne.server: Configuring endpoint tcp:port=8000:interface=127.0.0.1
2026-08-09 16:17:20,741 [INFO] daphne.server: Listening on TCP address 127.0.0.1:8000
2026-08-09 16:17:26,603 [INFO] django.channels.server: WebSocket HANDSHAKING /ws/chat/7/ [127.0.0.1:57072]
2026-08-09 16:17:31,000 [INFO] django.channels.server: WebSocket DISCONNECT /ws/chat/7/ [127.0.0.1:57072]
2026-08-09 16:17:59,682 [INFO] django.channels.server: WebSocket HANDSHAKING /ws/chat/6/ [127.0.0.1:59113]
2026-08-09 16:18:04,007 [INFO] django.channels.server: WebSocket DISCONNECT /ws/chat/6/ [127.0.0.1:59113]
2026-08-09 16:18:14,865 [INFO] django.channels.server: WebSocket HANDSHAKING /ws/chat/6/ [127.0.0.1:53033]
2026-08-09 16:18:19,003 [INFO] django.channels.server: WebSocket DISCONNECT /ws/chat/6/ [127.0.0.1:53033]
2026-08-09 16:18:32,471 [INFO] django.channels.server: WebSocket HANDSHAKING /ws/chat/6/ [127.0.0.1:58654]
2026-08-09 16:18:36,788 [INFO] django.channels.server: WebSocket CONNECT /ws/chat/6/ [127.0.0.1:58654]
2026-08-09 16:25:43,458 [INFO] django.channels.server: WebSocket DISCONNECT /ws/chat/6/ [127.0.0.1:58654]
2026-08-09 16:27:47,020 [INFO] django.channels.server: [mHTTP GET /admin/tutors/tutorprofile/1/change/ 200 [3.43, 127.0.0.1:58875][0m
2026-08-09 16:48:52,106 [INFO] django.channels.server: [mHTTP POST /api/v1/auth/login/ 200 [4.32, 127.0.0.1:63601][0m
2026-08-09 16:49:29,002 [WARNING] django.channels.server: [33mHTTP GET /api/chat/threads/6/messages/ 404 [0.51, 127.0.0.1:63601][0m
2026-08-09 16:49:36,313 [WARNING] django.channels.server: [33mHTTP GET /api/chat/6/messages/ 404 [0.01, 127.0.0.1:63601][0m
2026-08-09 16:49:58,482 [INFO] django.channels.server: [mHTTP GET /api/v1/chat/6/messages/ 200 [2.41, 127.0.0.1:63601][0m
2026-08-09 16:50:43,381 [WARNING] django.channels.server: [33mHTTP GET /api/v1/chat/threads/6/messages/ 404 [0.02, 127.0.0.1:63601][0m
2026-08-09 16:50:52,151 [INFO] django.channels.server: [mHTTP GET /api/v1/chat/6/messages/ 200 [2.18, 127.0.0.1:63601][0m
2026-08-09 16:51:03,575 [INFO] django.channels.server: [mHTTP GET /admin/ 200 [2.49, 127.0.0.1:62367][0m
2026-08-09 16:51:08,738 [INFO] django.channels.server: [mHTTP GET /admin/chat/chatthread/ 200 [2.32, 127.0.0.1:62367][0m
2026-08-09 16:51:11,030 [INFO] django.channels.server: [mHTTP GET /admin/jsi18n/ 200 [2.22, 127.0.0.1:62367][0m
2026-08-09 16:51:14,741 [INFO] django.channels.server: [mHTTP GET /admin/chat/chatthread/6/change/ 200 [2.23, 127.0.0.1:62367][0m
2026-08-09 16:51:16,977 [INFO] django.channels.server: [mHTTP GET /admin/jsi18n/ 200 [2.17, 127.0.0.1:62367][0m
2026-08-09 16:51:24,592 [INFO] django.channels.server: [mHTTP GET /admin/chat/message/ 200 [2.22, 127.0.0.1:62367][0m
2026-08-09 16:51:26,789 [INFO] django.channels.server: [mHTTP GET /admin/jsi18n/ 200 [2.16, 127.0.0.1:62367][0m
2026-08-09 16:51:31,152 [INFO] django.channels.server: [mHTTP GET /admin/chat/message/add/ 200 [2.35, 127.0.0.1:62367][0m
2026-08-09 16:51:33,340 [INFO] django.channels.server: [mHTTP GET /admin/jsi18n/ 200 [2.15, 127.0.0.1:62367][0m
2026-08-09 16:51:33,828 [INFO] django.channels.server: [mHTTP GET /static/admin/img/icon-calendar.svg 200 [0.41, 127.0.0.1:62367][0m
2026-08-09 16:51:51,139 [INFO] django.channels.server: [32mHTTP POST /admin/chat/message/add/ 302 [2.26, 127.0.0.1:62367][0m
2026-08-09 16:51:53,299 [INFO] django.channels.server: [mHTTP GET /admin/chat/message/ 200 [2.15, 127.0.0.1:62367][0m
2026-08-09 16:51:55,497 [INFO] django.channels.server: [mHTTP GET /admin/jsi18n/ 200 [2.15, 127.0.0.1:62367][0m
2026-08-09 16:52:03,373 [INFO] django.channels.server: [mHTTP GET /api/v1/chat/6/messages/ 200 [2.21, 127.0.0.1:49395][0m
2026-08-09 16:56:48,830 [INFO] django.utils.autoreload: C:\Users\Mictovic\projects\tutor_platform\tutor_platform\chat\serializers.py changed, reloading.
2026-08-09 16:56:54,082 [INFO] django.utils.autoreload: Watching for file changes with StatReloader
2026-08-09 16:57:02,942 [INFO] django.utils.autoreload: C:\Users\Mictovic\projects\tutor_platform\tutor_platform\chat\serializers.py changed, reloading.
2026-08-09 16:57:08,358 [INFO] django.utils.autoreload: Watching for file changes with StatReloader
2026-08-09 16:57:13,940 [INFO] django.utils.autoreload: C:\Users\Mictovic\projects\tutor_platform\tutor_platform\chat\serializers.py changed, reloading.
2026-08-09 16:57:18,503 [INFO] django.utils.autoreload: Watching for file changes with StatReloader
2026-08-09 17:00:10,621 [INFO] django.utils.autoreload: C:\Users\Mictovic\projects\tutor_platform\tutor_platform\chat\serializers.py changed, reloading.
2026-08-09 17:00:13,712 [INFO] django.utils.autoreload: Watching for file changes with StatReloader
2026-08-09 17:00:32,845 [INFO] django.utils.autoreload: Watching for file changes with StatReloader
2026-08-09 17:00:42,168 [INFO] django.utils.autoreload: C:\Users\Mictovic\projects\tutor_platform\tutor_platform\chat\serializers.py changed, reloading.
2026-08-09 17:00:44,549 [INFO] django.utils.autoreload: Watching for file changes with StatReloader
2026-08-09 17:00:47,917 [INFO] daphne.server: HTTP/2 support not enabled (install the http2 and tls Twisted extras)
2026-08-09 17:00:47,917 [INFO] daphne.server: Configuring endpoint tcp:port=8000:interface=127.0.0.1
2026-08-09 17:00:47,920 [INFO] daphne.server: Listening on TCP address 127.0.0.1:8000
2026-08-09 17:00:52,890 [INFO] django.channels.server: [mHTTP POST /api/v1/auth/login/ 200 [3.08, 127.0.0.1:62802][0m
2026-08-09 17:01:09,189 [INFO] django.channels.server: [mHTTP GET /api/v1/chat/6/messages/ 200 [2.23, 127.0.0.1:62802][0m
2026-08-09 17:01:17,799 [INFO] django.channels.server: [mHTTP GET /api/v1/chat/6/ 200 [2.18, 127.0.0.1:62802][0m
2026-08-09 17:01:41,409 [INFO] django.channels.server: [32mHTTP GET /api/v1/chat/6/messages 301 [0.03, 127.0.0.1:62802][0m
2026-08-09 17:01:43,716 [INFO] django.channels.server: [mHTTP GET /api/v1/chat/6/messages/ 200 [2.29, 127.0.0.1:62802][0m
2026-08-09 17:02:00,059 [INFO] django.channels.server: [mHTTP GET /api/v1/chat/ 200 [2.22, 127.0.0.1:62802][0m
2026-08-09 17:03:53,323 [INFO] django.utils.autoreload: C:\Users\Mictovic\projects\tutor_platform\tutor_platform\chat\serializers.py changed, reloading.
2026-08-09 17:03:55,911 [INFO] django.utils.autoreload: Watching for file changes with StatReloader
2026-08-09 17:03:58,718 [INFO] daphne.server: HTTP/2 support not enabled (install the http2 and tls Twisted extras)
2026-08-09 17:03:58,730 [INFO] daphne.server: Configuring endpoint tcp:port=8000:interface=127.0.0.1
2026-08-09 17:03:58,732 [INFO] daphne.server: Listening on TCP address 127.0.0.1:8000
2026-08-09 17:07:48,879 [INFO] django.utils.autoreload: C:\Users\Mictovic\projects\tutor_platform\tutor_platform\chat\serializers.py changed, reloading.
2026-08-09 17:07:51,528 [INFO] django.utils.autoreload: Watching for file changes with StatReloader
2026-08-09 17:09:06,755 [INFO] django.utils.autoreload: C:\Users\Mictovic\projects\tutor_platform\tutor_platform\chat\serializers.py changed, reloading.
2026-08-09 17:09:09,992 [INFO] django.utils.autoreload: Watching for file changes with StatReloader
2026-08-09 17:09:13,049 [INFO] daphne.server: HTTP/2 support not enabled (install the http2 and tls Twisted extras)
2026-08-09 17:09:13,051 [INFO] daphne.server: Configuring endpoint tcp:port=8000:interface=127.0.0.1
2026-08-09 17:09:13,053 [INFO] daphne.server: Listening on TCP address 127.0.0.1:8000
2026-08-09 17:09:13,840 [INFO] django.utils.autoreload: C:\Users\Mictovic\projects\tutor_platform\tutor_platform\chat\serializers.py changed, reloading.
2026-08-09 17:09:15,823 [INFO] django.utils.autoreload: Watching for file changes with StatReloader
2026-08-09 17:09:18,470 [INFO] daphne.server: HTTP/2 support not enabled (install the http2 and tls Twisted extras)
2026-08-09 17:09:18,476 [INFO] daphne.server: Configuring endpoint tcp:port=8000:interface=127.0.0.1
2026-08-09 17:09:18,476 [INFO] daphne.server: Listening on TCP address 127.0.0.1:8000
2026-08-09 17:09:43,417 [INFO] django.channels.server: [mHTTP GET /api/v1/chat/ 200 [2.28, 127.0.0.1:56620][0m
2026-08-09 17:10:09,437 [INFO] django.channels.server: [mHTTP GET /api/v1/chat/6/messages/ 200 [2.17, 127.0.0.1:56620][0m
2026-08-09 17:23:20,255 [INFO] django.utils.autoreload: Watching for file changes with StatReloader
2026-08-09 17:23:23,294 [INFO] daphne.server: HTTP/2 support not enabled (install the http2 and tls Twisted extras)
2026-08-09 17:23:23,294 [INFO] daphne.server: Configuring endpoint tcp:port=8000:interface=127.0.0.1
2026-08-09 17:23:23,302 [INFO] daphne.server: Listening on TCP address 127.0.0.1:8000
2026-08-09 17:23:26,737 [INFO] django.channels.server: [mHTTP GET /api/v1/chat/6/messages/ 200 [2.29, 127.0.0.1:63746][0m
2026-08-09 17:31:11,735 [INFO] django.utils.autoreload: C:\Users\Mictovic\projects\tutor_platform\tutor_platform\users\views.py changed, reloading.
2026-08-09 17:31:17,345 [INFO] django.utils.autoreload: Watching for file changes with StatReloader
2026-08-09 17:31:20,462 [INFO] daphne.server: HTTP/2 support not enabled (install the http2 and tls Twisted extras)
2026-08-09 17:31:20,462 [INFO] daphne.server: Configuring endpoint tcp:port=8000:interface=127.0.0.1
2026-08-09 17:31:20,463 [INFO] daphne.server: Listening on TCP address 127.0.0.1:8000
2026-08-09 17:31:47,063 [INFO] django.utils.autoreload: C:\Users\Mictovic\projects\tutor_platform\tutor_platform\users\views.py changed, reloading.
2026-08-09 17:31:50,327 [INFO] django.utils.autoreload: Watching for file changes with StatReloader
2026-08-09 17:31:53,328 [INFO] daphne.server: HTTP/2 support not enabled (install the http2 and tls Twisted extras)
2026-08-09 17:31:53,328 [INFO] daphne.server: Configuring endpoint tcp:port=8000:interface=127.0.0.1
2026-08-09 17:31:53,329 [INFO] daphne.server: Listening on TCP address 127.0.0.1:8000
2026-08-09 17:33:05,168 [INFO] django.utils.autoreload: C:\Users\Mictovic\projects\tutor_platform\tutor_platform\users\serializers.py changed, reloading.
2026-08-09 17:33:09,002 [INFO] django.utils.autoreload: Watching for file changes with StatReloader
2026-08-09 17:33:11,844 [INFO] daphne.server: HTTP/2 support not enabled (install the http2 and tls Twisted extras)
2026-08-09 17:33:11,845 [INFO] daphne.server: Configuring endpoint tcp:port=8000:interface=127.0.0.1
2026-08-09 17:33:11,845 [INFO] daphne.server: Listening on TCP address 127.0.0.1:8000
2026-08-09 17:33:23,851 [INFO] django.channels.server: [mHTTP GET /api/v1/chat/6/messages/ 200 [2.30, 127.0.0.1:62977][0m
2026-08-09 17:38:21,063 [INFO] django.utils.autoreload: Watching for file changes with StatReloader
2026-08-09 17:38:24,220 [INFO] daphne.server: HTTP/2 support not enabled (install the http2 and tls Twisted extras)
2026-08-09 17:38:24,227 [INFO] daphne.server: Configuring endpoint tcp:port=8000:interface=127.0.0.1
2026-08-09 17:38:24,227 [INFO] daphne.server: Listening on TCP address 127.0.0.1:8000
2026-08-09 17:38:31,003 [INFO] django.channels.server: [mHTTP GET /admin/ 200 [2.38, 127.0.0.1:63945][0m
2026-08-09 17:38:37,275 [INFO] django.channels.server: [mHTTP GET /admin/users/user/ 200 [2.29, 127.0.0.1:63945][0m
2026-08-09 17:38:39,529 [INFO] django.channels.server: [mHTTP GET /admin/jsi18n/ 200 [2.19, 127.0.0.1:63945][0m
2026-08-09 17:38:44,981 [INFO] django.channels.server: [mHTTP GET /admin/users/user/2/change/ 200 [2.62, 127.0.0.1:63945][0m
2026-08-09 17:38:45,908 [INFO] django.channels.server: [mHTTP GET /static/admin/js/SelectBox.js 200 [0.88, 127.0.0.1:63945][0m
2026-08-09 17:38:45,914 [INFO] django.channels.server: [mHTTP GET /static/admin/js/SelectFilter2.js 200 [0.89, 127.0.0.1:49351][0m
2026-08-09 17:38:47,272 [INFO] django.channels.server: [mHTTP GET /admin/jsi18n/ 200 [2.25, 127.0.0.1:55798][0m
2026-08-09 17:38:47,497 [INFO] django.channels.server: [mHTTP GET /static/admin/img/icon-unknown-alt.svg 200 [0.12, 127.0.0.1:49351][0m
2026-08-09 17:38:47,500 [INFO] django.channels.server: [mHTTP GET /static/admin/img/selector-icons.svg 200 [0.12, 127.0.0.1:55798][0m
2026-08-09 17:39:08,441 [INFO] django.channels.server: [32mHTTP POST /admin/users/user/2/change/ 302 [3.50, 127.0.0.1:55798][0m
2026-08-09 17:39:10,632 [INFO] django.channels.server: [mHTTP GET /admin/users/user/ 200 [2.18, 127.0.0.1:55798][0m
2026-08-09 17:39:12,834 [INFO] django.channels.server: [mHTTP GET /admin/jsi18n/ 200 [2.15, 127.0.0.1:55798][0m
2026-08-09 17:39:18,485 [INFO] django.channels.server: [mHTTP GET /admin/users/user/2/change/ 200 [2.23, 127.0.0.1:55798][0m
2026-08-09 17:39:20,749 [INFO] django.channels.server: [mHTTP GET /admin/jsi18n/ 200 [2.23, 127.0.0.1:55798][0m
2026-08-09 17:39:23,026 [INFO] django.channels.server: [mHTTP GET /media/profile_images/WhatsApp_Image_2026-08-08_at_09.40.30.jpeg 200 [0.04, 127.0.0.1:55798][0m
2026-08-09 17:39:46,690 [INFO] django.channels.server: [mHTTP GET /api/v1/chat/6/messages/ 200 [2.22, 127.0.0.1:55898][0m
2026-08-09 17:42:33,566 [INFO] django.utils.autoreload: C:\Users\Mictovic\projects\tutor_platform\tutor_platform\users\serializers.py changed, reloading.
2026-08-09 17:42:41,126 [INFO] django.utils.autoreload: Watching for file changes with StatReloader
2026-08-09 17:42:45,204 [INFO] daphne.server: HTTP/2 support not enabled (install the http2 and tls Twisted extras)
2026-08-09 17:42:45,204 [INFO] daphne.server: Configuring endpoint tcp:port=8000:interface=127.0.0.1
2026-08-09 17:42:45,204 [INFO] daphne.server: Listening on TCP address 127.0.0.1:8000
2026-08-09 17:42:49,869 [INFO] django.channels.server: [mHTTP GET /api/v1/chat/6/messages/ 200 [2.92, 127.0.0.1:56279][0m
2026-08-09 17:43:16,375 [INFO] django.utils.autoreload: C:\Users\Mictovic\projects\tutor_platform\tutor_platform\users\serializers.py changed, reloading.
2026-08-09 17:43:20,479 [INFO] django.utils.autoreload: Watching for file changes with StatReloader
2026-08-09 17:43:24,876 [INFO] django.utils.autoreload: C:\Users\Mictovic\projects\tutor_platform\tutor_platform\users\serializers.py changed, reloading.
2026-08-09 17:43:27,582 [INFO] django.utils.autoreload: Watching for file changes with StatReloader
2026-08-09 17:43:29,766 [INFO] django.utils.autoreload: C:\Users\Mictovic\projects\tutor_platform\tutor_platform\users\serializers.py changed, reloading.
2026-08-09 17:43:31,571 [INFO] django.utils.autoreload: Watching for file changes with StatReloader
2026-08-09 17:43:34,290 [INFO] daphne.server: HTTP/2 support not enabled (install the http2 and tls Twisted extras)
2026-08-09 17:43:34,290 [INFO] daphne.server: Configuring endpoint tcp:port=8000:interface=127.0.0.1
2026-08-09 17:43:34,290 [INFO] daphne.server: Listening on TCP address 127.0.0.1:8000
2026-08-09 17:43:42,015 [INFO] django.utils.autoreload: C:\Users\Mictovic\projects\tutor_platform\tutor_platform\users\serializers.py changed, reloading.
2026-08-09 17:43:44,169 [INFO] django.utils.autoreload: Watching for file changes with StatReloader
2026-08-09 17:43:46,997 [INFO] daphne.server: HTTP/2 support not enabled (install the http2 and tls Twisted extras)
2026-08-09 17:43:46,997 [INFO] daphne.server: Configuring endpoint tcp:port=8000:interface=127.0.0.1
2026-08-09 17:43:46,997 [INFO] daphne.server: Listening on TCP address 127.0.0.1:8000
2026-08-09 17:43:57,655 [ERROR] django.channels.server: [35;1mHTTP GET /api/v1/chat/6/messages/ 500 [4.50, 127.0.0.1:62813][0m
2026-08-09 17:45:03,200 [INFO] django.utils.autoreload: C:\Users\Mictovic\projects\tutor_platform\tutor_platform\tutor_platform\settings.py changed, reloading.
2026-08-09 17:45:05,548 [INFO] django.utils.autoreload: Watching for file changes with StatReloader
2026-08-09 17:45:08,267 [INFO] daphne.server: HTTP/2 support not enabled (install the http2 and tls Twisted extras)
2026-08-09 17:45:08,268 [INFO] daphne.server: Configuring endpoint tcp:port=8000:interface=127.0.0.1
2026-08-09 17:45:08,269 [INFO] daphne.server: Listening on TCP address 127.0.0.1:8000
2026-08-09 17:46:12,863 [INFO] django.utils.autoreload: Watching for file changes with StatReloader
2026-08-09 17:46:15,577 [INFO] daphne.server: HTTP/2 support not enabled (install the http2 and tls Twisted extras)
2026-08-09 17:46:15,577 [INFO] daphne.server: Configuring endpoint tcp:port=8000:interface=127.0.0.1
2026-08-09 17:46:15,577 [INFO] daphne.server: Listening on TCP address 127.0.0.1:8000
2026-08-09 17:46:20,658 [INFO] django.channels.server: [mHTTP GET /api/v1/chat/6/messages/ 200 [2.26, 127.0.0.1:56141][0m
2026-08-09 17:46:52,383 [INFO] django.channels.server: [36mHTTP GET /media/profile_images/WhatsApp_Image_2026-08-08_at_09.40.30.jpeg 304 [0.01, 127.0.0.1:59768][0m
2026-08-09 18:02:32,924 [INFO] django.utils.autoreload: Watching for file changes with StatReloader
2026-08-09 18:02:45,598 [INFO] daphne.server: HTTP/2 support not enabled (install the http2 and tls Twisted extras)
2026-08-09 18:02:45,603 [INFO] daphne.server: Configuring endpoint tcp:port=8000:interface=127.0.0.1
2026-08-09 18:02:45,607 [INFO] daphne.server: Listening on TCP address 127.0.0.1:8000
2026-08-09 18:02:52,127 [INFO] django.channels.server: [mHTTP GET /api/v1/chat/6/messages/ 200 [3.37, 127.0.0.1:51647][0m
2026-08-09 18:04:32,558 [INFO] django.channels.server: [mHTTP GET /admin/ 200 [4.38, 127.0.0.1:56388][0m
2026-08-09 18:05:01,455 [INFO] django.channels.server: [mHTTP GET /admin/users/user/ 200 [2.56, 127.0.0.1:56388][0m
2026-08-09 18:05:03,912 [INFO] django.channels.server: [mHTTP GET /admin/jsi18n/ 200 [2.31, 127.0.0.1:56388][0m
2026-08-09 18:05:29,015 [INFO] django.channels.server: [mHTTP GET /admin/users/user/3/change/ 200 [2.87, 127.0.0.1:56388][0m
2026-08-09 18:05:31,417 [INFO] django.channels.server: [mHTTP GET /admin/jsi18n/ 200 [2.31, 127.0.0.1:56388][0m
2026-08-09 18:05:47,170 [INFO] django.channels.server: [32mHTTP POST /admin/users/user/3/change/ 302 [3.13, 127.0.0.1:56388][0m
2026-08-09 18:05:49,481 [INFO] django.channels.server: [mHTTP GET /admin/users/user/ 200 [2.28, 127.0.0.1:56388][0m
2026-08-09 18:05:51,866 [INFO] django.channels.server: [mHTTP GET /admin/jsi18n/ 200 [2.30, 127.0.0.1:56388][0m
2026-08-09 18:06:06,355 [INFO] django.channels.server: [mHTTP GET /api/v1/chat/6/messages/ 200 [2.42, 127.0.0.1:63389][0m
2026-08-09 18:06:53,018 [INFO] django.channels.server: [mHTTP GET /admin/users/user/3/change/ 200 [2.30, 127.0.0.1:56388][0m
2026-08-09 18:06:55,475 [INFO] django.channels.server: [mHTTP GET /admin/jsi18n/ 200 [2.35, 127.0.0.1:56388][0m
2026-08-09 18:06:58,756 [INFO] django.channels.server: [mHTTP GET /media/profile_images/WhatsApp_Image_2026-08-08_at_09.40.29.jpeg 200 [0.61, 127.0.0.1:56388][0m
2026-08-09 18:30:14,794 [WARNING] django.channels.server: [33mHTTP GET / 404 [0.28, 127.0.0.1:57113][0m
2026-08-10 21:41:58,912 [INFO] django.utils.autoreload: Watching for file changes with StatReloader
2026-08-10 21:42:36,454 [INFO] django.utils.autoreload: Watching for file changes with StatReloader
2026-08-10 21:42:40,062 [INFO] daphne.server: HTTP/2 support not enabled (install the http2 and tls Twisted extras)
2026-08-10 21:42:40,062 [INFO] daphne.server: Configuring endpoint tcp:port=8000:interface=127.0.0.1
2026-08-10 21:42:40,063 [CRITICAL] daphne.server: Listen failure: Couldn't listen on 127.0.0.1:8000: [WinError 10048] Only one usage of each socket address (protocol/network address/port) is normally permitted.
2026-08-10 21:46:47,620 [INFO] django.utils.autoreload: Watching for file changes with StatReloader
2026-08-10 21:46:50,818 [INFO] daphne.server: HTTP/2 support not enabled (install the http2 and tls Twisted extras)
2026-08-10 21:46:50,818 [INFO] daphne.server: Configuring endpoint tcp:port=8000:interface=127.0.0.1
2026-08-10 21:46:50,818 [CRITICAL] daphne.server: Listen failure: Couldn't listen on 127.0.0.1:8000: [WinError 10048] Only one usage of each socket address (protocol/network address/port) is normally permitted.
2026-08-10 21:48:34,604 [INFO] django.utils.autoreload: Watching for file changes with StatReloader
2026-08-10 21:48:38,169 [INFO] daphne.server: HTTP/2 support not enabled (install the http2 and tls Twisted extras)
2026-08-10 21:48:38,169 [INFO] daphne.server: Configuring endpoint tcp:port=8000:interface=127.0.0.1
2026-08-10 21:48:38,177 [INFO] daphne.server: Listening on TCP address 127.0.0.1:8000
2026-08-10 22:03:39,060 [INFO] django.utils.autoreload: C:\Users\Mictovic\projects\tutor_platform\tutor_platform\users\views.py changed, reloading.
2026-08-10 22:03:46,172 [INFO] django.utils.autoreload: Watching for file changes with StatReloader
2026-08-10 22:03:50,251 [INFO] daphne.server: HTTP/2 support not enabled (install the http2 and tls Twisted extras)
2026-08-10 22:03:50,251 [INFO] daphne.server: Configuring endpoint tcp:port=8000:interface=127.0.0.1
2026-08-10 22:03:50,254 [INFO] daphne.server: Listening on TCP address 127.0.0.1:8000
2026-08-10 22:19:20,239 [INFO] django.channels.server: [mHTTP POST /api/v1/auth/login/ 200 [3.81, 127.0.0.1:60886][0m
2026-08-10 22:21:02,890 [INFO] django.channels.server: [mHTTP POST /api/v1/auth/login/ 200 [3.04, 127.0.0.1:50300][0m
2026-08-10 22:21:28,441 [WARNING] django.channels.server: [31;1mHTTP POST /api/v1/tutors/my-profile/ 405 [2.21, 127.0.0.1:50300][0m
2026-08-10 22:21:58,292 [INFO] tutor_platform: {'bio': 'Experienced Python and Django tutor helping students build real-world backend applications.', 'hourly_rate': 5000, 'specialization': 'Backend Development', 'payment_info': {'account_name': 'Michael Awa', 'account_number': '0123456789', 'bank_name': 'GTBank'}}
2026-08-10 22:21:58,406 [INFO] django.channels.server: [mHTTP PATCH /api/v1/tutors/my-profile/ 200 [2.29, 127.0.0.1:50300][0m
2026-08-10 22:22:20,096 [INFO] django.channels.server: [32mHTTP GET /admin/ 302 [2.23, 127.0.0.1:59629][0m
2026-08-10 22:22:20,928 [INFO] django.channels.server: [mHTTP GET /admin/login/?next=/admin/ 200 [0.82, 127.0.0.1:59629][0m
2026-08-10 22:22:21,235 [INFO] django.channels.server: [mHTTP GET /static/admin/css/login.css 200 [0.20, 127.0.0.1:59629][0m
2026-08-10 22:24:35,148 [INFO] django.channels.server: [32mHTTP POST /admin/login/?next=/admin/ 302 [3.44, 127.0.0.1:51076][0m
2026-08-10 22:24:37,504 [INFO] django.channels.server: [mHTTP GET /admin/ 200 [2.35, 127.0.0.1:51076][0m
2026-08-10 22:24:37,570 [INFO] django.channels.server: [mHTTP GET /static/admin/css/dashboard.css 200 [0.01, 127.0.0.1:51076][0m
2026-08-10 22:24:49,215 [INFO] django.channels.server: [mHTTP GET /admin/users/user/ 200 [2.45, 127.0.0.1:51076][0m
2026-08-10 22:24:49,313 [INFO] django.channels.server: [mHTTP GET /static/admin/img/search.svg 200 [0.03, 127.0.0.1:50150][0m
2026-08-10 22:24:49,314 [INFO] django.channels.server: [mHTTP GET /static/admin/img/icon-yes.svg 200 [0.03, 127.0.0.1:65062][0m
2026-08-10 22:24:51,457 [INFO] django.channels.server: [mHTTP GET /admin/jsi18n/ 200 [2.19, 127.0.0.1:51076][0m
2026-08-10 22:24:51,533 [INFO] django.channels.server: [mHTTP GET /static/admin/img/sorting-icons.svg 200 [0.03, 127.0.0.1:51076][0m
2026-08-10 22:24:58,827 [INFO] django.channels.server: [mHTTP GET /admin/tutors/tutorprofile/ 200 [2.23, 127.0.0.1:51076][0m
2026-08-10 22:25:01,030 [INFO] django.channels.server: [mHTTP GET /admin/jsi18n/ 200 [2.16, 127.0.0.1:51076][0m
2026-08-10 22:25:07,775 [INFO] django.channels.server: [mHTTP GET /admin/tutors/tutorprofile/1/change/ 200 [2.61, 127.0.0.1:51076][0m
2026-08-10 22:25:08,028 [INFO] django.channels.server: [mHTTP GET /static/admin/js/inlines.js 200 [0.21, 127.0.0.1:51076][0m
2026-08-10 22:25:08,057 [INFO] django.channels.server: [mHTTP GET /static/admin/img/icon-unknown.svg 200 [0.02, 127.0.0.1:51076][0m
2026-08-10 22:25:10,028 [INFO] django.channels.server: [mHTTP GET /admin/jsi18n/ 200 [2.21, 127.0.0.1:65062][0m
2026-08-10 22:27:59,137 [INFO] tutor_platform: {'bio': 'Experienced Python and Django tutor helping students build real-world backend applications.', 'language': 'English', 'phone_number': '+2348012345678', 'professional_title': 'Python and Django Tutor', 'skills': ['Python', 'Django', 'Django REST Framework', 'REST APIs', 'PostgreSQL', 'Backend Development'], 'subjects': ['Python Programming', 'Django', 'Backend Development', 'Web Development'], 'hourly_rate': 5000.0, 'session_status': 'online', 'location': 'Port Harcourt', 'experience': [{'title': 'Backend Developer', 'company': 'Bill Station', 'description': 'Developed backend services and REST APIs using Django and Django REST Framework.'}, {'title': 'ICT Instructor', 'company': "Shepherd's Hill British School", 'description': 'Taught ICT and programming concepts to students.'}], 'education': [{'degree': 'B.Eng. Mechatronics Engineering', 'institution': 'University of Port Harcourt', 'description': 'Studied mechatronics engineering with a focus on automation, control systems and software.'}], 'payment_info': {'account_name': 'Emeka Michael Awa', 'account_number': '0123456789', 'bank_name': 'GTBank'}}
2026-08-10 22:27:59,176 [INFO] django.channels.server: [mHTTP PATCH /api/v1/tutors/my-profile/ 200 [2.22, 127.0.0.1:55507][0m
2026-08-10 22:28:07,497 [INFO] django.channels.server: [mHTTP GET /admin/tutors/tutorprofile/1/change/ 200 [2.32, 127.0.0.1:63591][0m
2026-08-10 22:28:09,762 [INFO] django.channels.server: [mHTTP GET /admin/jsi18n/ 200 [2.21, 127.0.0.1:63591][0m
2026-08-10 22:29:36,939 [INFO] tutor_platform: {'bio': 'Experienced Python and Django tutor helping students build real-world backend applications.', 'language': 'English', 'phone_number': '+2348012345678', 'skills': ['Python', 'Django', 'Django REST Framework', 'REST APIs', 'PostgreSQL', 'Backend Development'], 'subjects': ['Python Programming', 'Django', 'Backend Development', 'Web Development'], 'hourly_rate': 5000.0, 'session_status': 'online', 'location': 'Port Harcourt', 'experience': [{'title': 'Backend Developer', 'company': 'Bill Station', 'description': 'Developed backend services and REST APIs using Django and Django REST Framework.'}, {'title': 'ICT Instructor', 'company': "Shepherd's Hill British School", 'description': 'Taught ICT and programming concepts to students.'}], 'education': [{'degree': 'B.Eng. Mechatronics Engineering', 'institution': 'University of Port Harcourt', 'description': 'Studied mechatronics engineering with a focus on automation, control systems and software.'}], 'payment_info': {'account_name': 'Emeka Michael Awa', 'account_number': '0123456789', 'bank_name': 'GTBank'}}
2026-08-10 22:29:36,976 [INFO] django.channels.server: [mHTTP PATCH /api/v1/tutors/my-profile/ 200 [2.19, 127.0.0.1:53650][0m
2026-08-10 22:29:49,090 [INFO] django.channels.server: [mHTTP GET /admin/tutors/tutorprofile/1/change/ 200 [2.33, 127.0.0.1:51316][0m
2026-08-10 22:29:51,352 [INFO] django.channels.server: [mHTTP GET /admin/jsi18n/ 200 [2.21, 127.0.0.1:51316][0m
2026-08-11 14:44:50,598 [INFO] django.utils.autoreload: Watching for file changes with StatReloader
2026-08-11 14:44:56,943 [INFO] daphne.server: HTTP/2 support not enabled (install the http2 and tls Twisted extras)
2026-08-11 14:44:56,944 [INFO] daphne.server: Configuring endpoint tcp:port=3000:interface=127.0.0.1
2026-08-11 14:44:56,946 [INFO] daphne.server: Listening on TCP address 127.0.0.1:3000
2026-08-11 14:45:32,459 [INFO] django.channels.server: [mHTTP POST /api/v1/auth/login/ 200 [5.11, 127.0.0.1:58898][0m
2026-08-11 14:46:38,467 [WARNING] django.channels.server: [31;1mHTTP GET /api/v1/tutors/my-profile/ 403 [2.40, 127.0.0.1:52136][0m
2026-08-11 14:47:18,144 [INFO] django.channels.server: [mHTTP POST /api/v1/auth/login/ 200 [6.38, 127.0.0.1:52136][0m
2026-08-11 14:47:42,515 [INFO] django.channels.server: [mHTTP GET /api/v1/tutors/my-profile/ 200 [2.29, 127.0.0.1:52136][0m
2026-08-11 14:49:09,146 [INFO] django.channels.server: [32mHTTP GET /admin 301 [0.08, 127.0.0.1:61192][0m
2026-08-11 14:49:11,695 [INFO] django.channels.server: [32mHTTP GET /admin/ 302 [2.53, 127.0.0.1:61192][0m
2026-08-11 14:49:11,844 [INFO] django.channels.server: [mHTTP GET /admin/login/?next=/admin/ 200 [0.14, 127.0.0.1:61192][0m
2026-08-11 14:49:12,523 [INFO] django.channels.server: [mHTTP GET /static/admin/css/base.css 200 [0.48, 127.0.0.1:61192][0m
2026-08-11 14:49:12,786 [INFO] django.channels.server: [mHTTP GET /static/admin/js/nav_sidebar.js 200 [0.25, 127.0.0.1:61192][0m
2026-08-11 14:49:12,987 [INFO] django.channels.server: [mHTTP GET /static/admin/css/login.css 200 [0.60, 127.0.0.1:50425][0m
2026-08-11 14:49:13,038 [INFO] django.channels.server: [mHTTP GET /static/admin/css/dark_mode.css 200 [0.66, 127.0.0.1:53405][0m
2026-08-11 14:49:13,045 [INFO] django.channels.server: [mHTTP GET /static/admin/css/nav_sidebar.css 200 [0.66, 127.0.0.1:56498][0m
2026-08-11 14:49:13,095 [INFO] django.channels.server: [mHTTP GET /static/admin/css/responsive.css 200 [0.71, 127.0.0.1:51423][0m
2026-08-11 14:49:13,143 [INFO] django.channels.server: [mHTTP GET /static/admin/js/theme.js 200 [0.76, 127.0.0.1:52691][0m
2026-08-11 14:49:13,353 [WARNING] django.channels.server: [33mHTTP GET /favicon.ico 404 [0.03, 127.0.0.1:52691][0m
2026-08-11 14:49:28,589 [INFO] django.channels.server: [32mHTTP POST /admin/login/?next=/admin/ 302 [3.83, 127.0.0.1:52691][0m
2026-08-11 14:49:30,983 [INFO] django.channels.server: [mHTTP GET /admin/ 200 [2.38, 127.0.0.1:52691][0m
2026-08-11 14:49:31,181 [INFO] django.channels.server: [mHTTP GET /static/admin/css/dashboard.css 200 [0.03, 127.0.0.1:52691][0m
2026-08-11 14:49:31,292 [INFO] django.channels.server: [mHTTP GET /static/admin/img/icon-addlink.svg 200 [0.08, 127.0.0.1:52691][0m
2026-08-11 14:49:31,297 [INFO] django.channels.server: [mHTTP GET /static/admin/img/icon-changelink.svg 200 [0.08, 127.0.0.1:51423][0m
2026-08-11 14:49:31,297 [INFO] django.channels.server: [mHTTP GET /static/admin/img/icon-deletelink.svg 200 [0.07, 127.0.0.1:56498][0m
2026-08-11 14:52:28,666 [INFO] django.channels.server: [mHTTP GET /admin/users/user/ 200 [2.44, 127.0.0.1:54423][0m
2026-08-11 14:52:28,858 [INFO] django.channels.server: [mHTTP GET /static/admin/css/changelists.css 200 [0.04, 127.0.0.1:54423][0m
2026-08-11 14:52:29,216 [INFO] django.channels.server: [mHTTP GET /static/admin/js/core.js 200 [0.08, 127.0.0.1:62491][0m
2026-08-11 14:52:29,352 [INFO] django.channels.server: [mHTTP GET /static/admin/js/jquery.init.js 200 [0.22, 127.0.0.1:57305][0m
2026-08-11 14:52:29,415 [INFO] django.channels.server: [mHTTP GET /static/admin/js/admin/RelatedObjectLookups.js 200 [0.28, 127.0.0.1:59905][0m
2026-08-11 14:52:29,440 [INFO] django.channels.server: [mHTTP GET /static/admin/js/urlify.js 200 [0.21, 127.0.0.1:62491][0m
2026-08-11 14:52:29,448 [INFO] django.channels.server: [mHTTP GET /static/admin/js/actions.js 200 [0.30, 127.0.0.1:63366][0m
2026-08-11 14:52:29,467 [INFO] django.channels.server: [mHTTP GET /static/admin/js/prepopulate.js 200 [0.11, 127.0.0.1:57305][0m
2026-08-11 14:52:29,477 [INFO] django.channels.server: [mHTTP GET /static/admin/img/search.svg 200 [0.03, 127.0.0.1:62491][0m
2026-08-11 14:52:29,483 [INFO] django.channels.server: [mHTTP GET /static/admin/img/icon-yes.svg 200 [0.02, 127.0.0.1:63366][0m
2026-08-11 14:52:29,546 [INFO] django.channels.server: [mHTTP GET /static/admin/js/vendor/jquery/jquery.js 200 [0.68, 127.0.0.1:54423][0m
2026-08-11 14:52:29,867 [INFO] django.channels.server: [mHTTP GET /static/admin/js/vendor/xregexp/xregexp.js 200 [0.44, 127.0.0.1:59905][0m
2026-08-11 14:52:30,002 [INFO] django.channels.server: [mHTTP GET /static/admin/js/filters.js 200 [0.10, 127.0.0.1:59905][0m
2026-08-11 14:52:31,124 [INFO] django.channels.server: [mHTTP GET /admin/jsi18n/ 200 [2.30, 127.0.0.1:58604][0m
2026-08-11 14:52:31,329 [INFO] django.channels.server: [mHTTP GET /static/admin/img/sorting-icons.svg 200 [0.02, 127.0.0.1:59905][0m
2026-08-11 14:52:31,367 [INFO] django.channels.server: [mHTTP GET /static/admin/img/tooltag-add.svg 200 [0.06, 127.0.0.1:58604][0m
2026-08-11 14:52:31,382 [INFO] django.channels.server: [mHTTP GET /static/admin/img/icon-viewlink.svg 200 [0.07, 127.0.0.1:54423][0m
2026-08-11 14:52:39,955 [INFO] django.channels.server: [mHTTP GET /admin/tutors/tutorprofile/ 200 [2.30, 127.0.0.1:54423][0m
2026-08-11 14:52:42,251 [INFO] django.channels.server: [mHTTP GET /admin/jsi18n/ 200 [2.22, 127.0.0.1:54423][0m
2026-08-11 14:52:47,900 [INFO] django.channels.server: [mHTTP GET /admin/tutors/tutorprofile/1/change/ 200 [2.71, 127.0.0.1:54423][0m
2026-08-11 14:52:48,039 [INFO] django.channels.server: [mHTTP GET /static/admin/js/inlines.js 200 [0.04, 127.0.0.1:63366][0m
2026-08-11 14:52:48,057 [INFO] django.channels.server: [mHTTP GET /static/admin/js/prepopulate_init.js 200 [0.05, 127.0.0.1:57305][0m
2026-08-11 14:52:48,109 [INFO] django.channels.server: [mHTTP GET /static/admin/css/forms.css 200 [0.11, 127.0.0.1:54423][0m
2026-08-11 14:52:48,171 [INFO] django.channels.server: [mHTTP GET /static/admin/js/calendar.js 200 [0.17, 127.0.0.1:58604][0m
2026-08-11 14:52:48,185 [INFO] django.channels.server: [mHTTP GET /static/admin/css/widgets.css 200 [0.06, 127.0.0.1:54423][0m
2026-08-11 14:52:48,194 [INFO] django.channels.server: [mHTTP GET /static/admin/js/admin/DateTimeShortcuts.js 200 [0.19, 127.0.0.1:59905][0m
2026-08-11 14:52:48,229 [INFO] django.channels.server: [mHTTP GET /static/admin/img/icon-unknown.svg 200 [0.01, 127.0.0.1:59905][0m
2026-08-11 14:52:48,255 [INFO] django.channels.server: [mHTTP GET /static/admin/js/change_form.js 200 [0.01, 127.0.0.1:59905][0m
2026-08-11 14:52:50,258 [INFO] django.channels.server: [mHTTP GET /admin/jsi18n/ 200 [2.25, 127.0.0.1:62491][0m
2026-08-11 14:52:50,742 [INFO] django.channels.server: [mHTTP GET /static/admin/img/icon-clock.svg 200 [0.06, 127.0.0.1:62491][0m
2026-08-11 14:53:12,120 [INFO] tutor_platform: <QueryDict: {'banner': [<InMemoryUploadedFile: WhatsApp Image 2026-08-09 at 17.56.36 (1).jpeg (image/jpeg)>]}>
2026-08-11 14:53:13,774 [INFO] django.channels.server: [mHTTP PATCH /api/v1/tutors/my-profile/ 200 [3.89, 127.0.0.1:57686][0m
2026-08-11 14:53:22,256 [INFO] django.channels.server: [mHTTP GET /admin/tutors/tutorprofile/1/change/ 200 [2.43, 127.0.0.1:62491][0m
2026-08-11 14:53:24,581 [INFO] django.channels.server: [mHTTP GET /admin/jsi18n/ 200 [2.24, 127.0.0.1:62491][0m
2026-08-11 14:53:34,945 [INFO] django.channels.server: [mHTTP GET /media/tutor_banners/WhatsApp_Image_2026-08-09_at_17.56.36_1.jpeg 200 [0.14, 127.0.0.1:62491][0m
2026-08-11 14:53:39,783 [INFO] django.channels.server: [mHTTP GET /admin/tutors/tutorprofile/1/change/ 200 [2.47, 127.0.0.1:62491][0m
2026-08-11 14:53:42,114 [INFO] django.channels.server: [mHTTP GET /admin/tutors/tutorprofile/ 200 [2.24, 127.0.0.1:62491][0m
2026-08-11 14:53:49,872 [INFO] django.channels.server: [mHTTP GET /admin/tutors/tutorprofile/1/change/ 200 [2.41, 127.0.0.1:62491][0m
2026-08-11 14:53:52,198 [INFO] django.channels.server: [mHTTP GET /admin/jsi18n/ 200 [2.24, 127.0.0.1:62491][0m
2026-08-11 15:01:16,967 [WARNING] django.channels.server: [33mHTTP GET /api/v1/login/ 404 [0.06, 127.0.0.1:56097][0m
2026-08-11 15:34:05,424 [INFO] django.channels.server: [32mHTTP GET /admin/tutors/tutorprofile/1/change/ 302 [2.74, 127.0.0.1:63957][0m
2026-08-11 15:34:05,549 [INFO] django.channels.server: [mHTTP GET /admin/login/?next=/admin/tutors/tutorprofile/1/change/ 200 [0.09, 127.0.0.1:63957][0m
2026-08-11 16:05:33,055 [INFO] django.channels.server: [mHTTP GET /admin/login/?next=/admin/tutors/tutorprofile/1/change/ 200 [2.72, 127.0.0.1:50105][0m
2026-08-11 16:34:58,506 [INFO] django.channels.server: [mHTTP GET /admin/login/?next=/admin/tutors/tutorprofile/1/change/ 200 [2.62, 127.0.0.1:52039][0m
2026-08-11 16:53:13,108 [INFO] django.channels.server: [mHTTP GET /admin/login/?next=/admin/tutors/tutorprofile/1/change/ 200 [3.03, 127.0.0.1:57923][0m
2026-08-12 16:26:38,307 [INFO] django.utils.autoreload: Watching for file changes with StatReloader
2026-08-12 16:27:08,597 [INFO] django.utils.autoreload: C:\Users\Mictovic\projects\tutor_platform\tutor_platform\tutor_platform\settings.py changed, reloading.
2026-08-12 17:15:55,395 [INFO] django.utils.autoreload: Watching for file changes with StatReloader
2026-08-12 17:16:52,098 [INFO] django.utils.autoreload: C:\Users\Mictovic\projects\tutor_platform\tutor_platform\payment\services.py changed, reloading.
2026-08-12 17:16:56,747 [INFO] django.utils.autoreload: Watching for file changes with StatReloader
2026-08-12 17:17:24,339 [INFO] django.utils.autoreload: C:\Users\Mictovic\projects\tutor_platform\tutor_platform\payment\views.py changed, reloading.
2026-08-12 17:17:28,562 [INFO] django.utils.autoreload: Watching for file changes with StatReloader
2026-08-12 17:17:47,700 [INFO] django.utils.autoreload: C:\Users\Mictovic\projects\tutor_platform\tutor_platform\payment\views.py changed, reloading.
2026-08-12 17:17:52,373 [INFO] django.utils.autoreload: Watching for file changes with StatReloader
2026-08-12 17:17:56,531 [INFO] django.utils.autoreload: C:\Users\Mictovic\projects\tutor_platform\tutor_platform\payment\views.py changed, reloading.
2026-08-12 17:18:00,790 [INFO] django.utils.autoreload: Watching for file changes with StatReloader
2026-08-12 17:18:08,573 [INFO] django.utils.autoreload: C:\Users\Mictovic\projects\tutor_platform\tutor_platform\payment\views.py changed, reloading.
2026-08-12 17:18:12,937 [INFO] django.utils.autoreload: Watching for file changes with StatReloader
2026-08-12 17:18:43,861 [INFO] django.utils.autoreload: C:\Users\Mictovic\projects\tutor_platform\tutor_platform\payment\services.py changed, reloading.
2026-08-12 17:18:47,306 [INFO] django.utils.autoreload: Watching for file changes with StatReloader
2026-08-12 17:18:52,015 [INFO] django.utils.autoreload: C:\Users\Mictovic\projects\tutor_platform\tutor_platform\payment\services.py changed, reloading.
2026-08-12 17:18:57,185 [INFO] django.utils.autoreload: Watching for file changes with StatReloader
2026-08-12 17:19:18,141 [INFO] django.utils.autoreload: C:\Users\Mictovic\projects\tutor_platform\tutor_platform\payment\views.py changed, reloading.
2026-08-12 17:19:23,034 [INFO] django.utils.autoreload: Watching for file changes with StatReloader
2026-08-12 17:21:23,082 [INFO] django.utils.autoreload: Watching for file changes with StatReloader
2026-08-12 17:22:28,604 [INFO] django.utils.autoreload: C:\Users\Mictovic\projects\tutor_platform\tutor_platform\tutor_platform\urls.py changed, reloading.
2026-08-12 17:22:32,827 [INFO] django.utils.autoreload: Watching for file changes with StatReloader
2026-08-12 17:25:18,462 [INFO] django.utils.autoreload: C:\Users\Mictovic\projects\tutor_platform\tutor_platform\payment\webhooks.py changed, reloading.
2026-08-12 17:25:24,007 [INFO] django.utils.autoreload: Watching for file changes with StatReloader
2026-08-12 17:25:42,001 [INFO] django.utils.autoreload: C:\Users\Mictovic\projects\tutor_platform\tutor_platform\payment\views.py changed, reloading.
2026-08-12 17:25:46,283 [INFO] django.utils.autoreload: Watching for file changes with StatReloader
2026-08-12 17:25:49,158 [INFO] django.utils.autoreload: C:\Users\Mictovic\projects\tutor_platform\tutor_platform\payment\views.py changed, reloading.
2026-08-12 17:25:52,861 [INFO] django.utils.autoreload: Watching for file changes with StatReloader
2026-08-12 17:27:24,855 [INFO] django.utils.autoreload: Watching for file changes with StatReloader
2026-08-12 17:27:47,462 [INFO] django.utils.autoreload: Watching for file changes with StatReloader
2026-08-12 17:29:13,520 [INFO] django.utils.autoreload: Watching for file changes with StatReloader
2026-08-12 17:30:17,177 [INFO] django.utils.autoreload: C:\Users\Mictovic\projects\tutor_platform\tutor_platform\tutor_platform\urls.py changed, reloading.
2026-08-12 17:30:21,359 [INFO] django.utils.autoreload: Watching for file changes with StatReloader
2026-08-12 17:30:26,520 [INFO] django.utils.autoreload: C:\Users\Mictovic\projects\tutor_platform\tutor_platform\tutor_platform\urls.py changed, reloading.
2026-08-12 17:30:30,188 [INFO] django.utils.autoreload: Watching for file changes with StatReloader
2026-08-12 17:30:35,703 [INFO] daphne.server: HTTP/2 support not enabled (install the http2 and tls Twisted extras)
2026-08-12 17:30:35,703 [INFO] daphne.server: Configuring endpoint tcp:port=8000:interface=127.0.0.1
2026-08-12 17:30:35,711 [INFO] daphne.server: Listening on TCP address 127.0.0.1:8000
2026-08-12 17:30:58,780 [INFO] django.channels.server: [32mHTTP GET /admin/ 302 [2.96, 127.0.0.1:56670][0m
2026-08-12 17:31:00,911 [INFO] django.channels.server: [mHTTP GET /admin/login/?next=/admin/ 200 [2.10, 127.0.0.1:56670][0m
2026-08-12 17:31:01,470 [WARNING] django.channels.server: [33mHTTP GET /favicon.ico 404 [0.22, 127.0.0.1:56670][0m
2026-08-12 17:31:10,589 [INFO] django.channels.server: [32mHTTP POST /admin/login/?next=/admin/ 302 [4.04, 127.0.0.1:56670][0m
2026-08-12 17:31:13,053 [INFO] django.channels.server: [mHTTP GET /admin/ 200 [2.45, 127.0.0.1:56670][0m
2026-08-12 17:31:13,745 [INFO] django.channels.server: [mHTTP GET /static/admin/css/dashboard.css 200 [0.56, 127.0.0.1:56670][0m
2026-08-12 17:31:37,184 [INFO] django.channels.server: [mHTTP GET /admin/bookings/booking/ 200 [2.65, 127.0.0.1:56670][0m
2026-08-12 17:31:37,311 [INFO] django.channels.server: [mHTTP GET /static/admin/img/search.svg 200 [0.04, 127.0.0.1:55820][0m
2026-08-12 17:31:39,756 [INFO] django.channels.server: [mHTTP GET /admin/jsi18n/ 200 [2.50, 127.0.0.1:56670][0m
2026-08-12 17:31:47,784 [INFO] django.channels.server: [mHTTP GET /admin/bookings/booking/7/change/ 200 [2.83, 127.0.0.1:56670][0m
2026-08-12 17:31:50,078 [INFO] django.channels.server: [mHTTP GET /admin/jsi18n/ 200 [2.23, 127.0.0.1:56670][0m
2026-08-12 17:32:03,621 [INFO] django.channels.server: [32mHTTP POST /admin/bookings/booking/7/change/ 302 [2.33, 127.0.0.1:56670][0m
2026-08-12 17:32:06,001 [INFO] django.channels.server: [mHTTP GET /admin/bookings/booking/ 200 [2.36, 127.0.0.1:56670][0m
2026-08-12 17:32:08,362 [INFO] django.channels.server: [mHTTP GET /admin/jsi18n/ 200 [2.23, 127.0.0.1:56670][0m
2026-08-12 17:34:11,627 [INFO] django.channels.server: [mHTTP POST /api/v1/auth/login/ 200 [2.88, 127.0.0.1:51688][0m
2026-08-12 17:36:52,495 [INFO] django.utils.autoreload: C:\Users\Mictovic\projects\tutor_platform\tutor_platform\payment\views.py changed, reloading.
2026-08-12 17:36:54,826 [INFO] django.utils.autoreload: Watching for file changes with StatReloader
2026-08-12 17:36:57,709 [INFO] daphne.server: HTTP/2 support not enabled (install the http2 and tls Twisted extras)
2026-08-12 17:36:57,711 [INFO] daphne.server: Configuring endpoint tcp:port=8000:interface=127.0.0.1
2026-08-12 17:36:57,713 [INFO] daphne.server: Listening on TCP address 127.0.0.1:8000
2026-08-12 17:37:16,372 [WARNING] django.channels.server: [33mHTTP POST /api/v1/payments/initiate/7/booking/ 404 [0.03, 127.0.0.1:58502][0m
2026-08-12 17:38:06,360 [ERROR] django.channels.server: [35;1mHTTP POST /api/v1/payment/initiate/7/booking 500 [0.38, 127.0.0.1:58502][0m
2026-08-12 17:38:25,646 [ERROR] django.channels.server: [35;1mHTTP POST /api/v1/payment/initiate/7/booking/ 500 [4.43, 127.0.0.1:58502][0m
2026-08-12 17:39:48,464 [INFO] django.utils.autoreload: C:\Users\Mictovic\projects\tutor_platform\tutor_platform\payment\services.py changed, reloading.
2026-08-12 17:39:50,025 [INFO] django.utils.autoreload: Watching for file changes with StatReloader
2026-08-12 17:39:52,577 [INFO] daphne.server: HTTP/2 support not enabled (install the http2 and tls Twisted extras)
2026-08-12 17:39:52,578 [INFO] daphne.server: Configuring endpoint tcp:port=8000:interface=127.0.0.1
2026-08-12 17:39:52,579 [INFO] daphne.server: Listening on TCP address 127.0.0.1:8000
2026-08-12 17:39:53,928 [INFO] django.utils.autoreload: C:\Users\Mictovic\projects\tutor_platform\tutor_platform\payment\services.py changed, reloading.
2026-08-12 17:39:55,677 [INFO] django.utils.autoreload: Watching for file changes with StatReloader
2026-08-12 17:39:58,227 [INFO] daphne.server: HTTP/2 support not enabled (install the http2 and tls Twisted extras)
2026-08-12 17:39:58,227 [INFO] daphne.server: Configuring endpoint tcp:port=8000:interface=127.0.0.1
2026-08-12 17:39:58,227 [INFO] daphne.server: Listening on TCP address 127.0.0.1:8000
2026-08-12 17:40:05,717 [INFO] django.utils.autoreload: C:\Users\Mictovic\projects\tutor_platform\tutor_platform\payment\interfaces.py changed, reloading.
2026-08-12 17:40:07,176 [INFO] django.utils.autoreload: Watching for file changes with StatReloader
2026-08-12 17:40:09,863 [INFO] daphne.server: HTTP/2 support not enabled (install the http2 and tls Twisted extras)
2026-08-12 17:40:09,864 [INFO] daphne.server: Configuring endpoint tcp:port=8000:interface=127.0.0.1
2026-08-12 17:40:09,865 [INFO] daphne.server: Listening on TCP address 127.0.0.1:8000
2026-08-12 17:40:26,669 [ERROR] django.channels.server: [35;1mHTTP POST /api/v1/payment/initiate/7/booking/ 500 [4.47, 127.0.0.1:53372][0m
2026-08-12 17:40:57,186 [INFO] django.utils.autoreload: C:\Users\Mictovic\projects\tutor_platform\tutor_platform\payment\services.py changed, reloading.
2026-08-12 17:40:59,563 [INFO] django.utils.autoreload: Watching for file changes with StatReloader
2026-08-12 17:41:02,392 [INFO] daphne.server: HTTP/2 support not enabled (install the http2 and tls Twisted extras)
2026-08-12 17:41:02,393 [INFO] daphne.server: Configuring endpoint tcp:port=8000:interface=127.0.0.1
2026-08-12 17:41:02,393 [INFO] daphne.server: Listening on TCP address 127.0.0.1:8000
2026-08-12 17:41:08,493 [INFO] django.utils.autoreload: C:\Users\Mictovic\projects\tutor_platform\tutor_platform\payment\services.py changed, reloading.
2026-08-12 17:41:10,147 [INFO] django.utils.autoreload: Watching for file changes with StatReloader
2026-08-12 17:41:12,743 [INFO] daphne.server: HTTP/2 support not enabled (install the http2 and tls Twisted extras)
2026-08-12 17:41:12,743 [INFO] daphne.server: Configuring endpoint tcp:port=8000:interface=127.0.0.1
2026-08-12 17:41:12,745 [INFO] daphne.server: Listening on TCP address 127.0.0.1:8000
2026-08-12 17:41:13,649 [INFO] django.utils.autoreload: C:\Users\Mictovic\projects\tutor_platform\tutor_platform\payment\services.py changed, reloading.
2026-08-12 17:41:15,496 [INFO] django.utils.autoreload: Watching for file changes with StatReloader
2026-08-12 17:41:17,693 [INFO] django.utils.autoreload: C:\Users\Mictovic\projects\tutor_platform\tutor_platform\payment\services.py changed, reloading.
2026-08-12 17:41:19,462 [INFO] django.utils.autoreload: Watching for file changes with StatReloader
2026-08-12 17:41:21,871 [INFO] django.utils.autoreload: C:\Users\Mictovic\projects\tutor_platform\tutor_platform\payment\services.py changed, reloading.
2026-08-12 17:41:23,428 [INFO] django.utils.autoreload: Watching for file changes with StatReloader
2026-08-12 17:41:26,115 [INFO] daphne.server: HTTP/2 support not enabled (install the http2 and tls Twisted extras)
2026-08-12 17:41:26,115 [INFO] daphne.server: Configuring endpoint tcp:port=8000:interface=127.0.0.1
2026-08-12 17:41:26,117 [INFO] daphne.server: Listening on TCP address 127.0.0.1:8000
2026-08-12 17:57:09,864 [INFO] django.utils.autoreload: C:\Users\Mictovic\projects\tutor_platform\tutor_platform\bookings\models.py changed, reloading.
2026-08-12 17:57:13,205 [INFO] django.utils.autoreload: Watching for file changes with StatReloader
2026-08-12 17:57:16,128 [INFO] daphne.server: HTTP/2 support not enabled (install the http2 and tls Twisted extras)
2026-08-12 17:57:16,128 [INFO] daphne.server: Configuring endpoint tcp:port=8000:interface=127.0.0.1
2026-08-12 17:57:16,128 [INFO] daphne.server: Listening on TCP address 127.0.0.1:8000
2026-08-12 17:57:19,821 [INFO] django.utils.autoreload: C:\Users\Mictovic\projects\tutor_platform\tutor_platform\bookings\models.py changed, reloading.
2026-08-12 17:57:22,144 [INFO] django.utils.autoreload: Watching for file changes with StatReloader
2026-08-12 17:57:24,602 [INFO] django.utils.autoreload: C:\Users\Mictovic\projects\tutor_platform\tutor_platform\bookings\models.py changed, reloading.
2026-08-12 17:57:26,610 [INFO] django.utils.autoreload: Watching for file changes with StatReloader
2026-08-12 17:57:29,442 [INFO] daphne.server: HTTP/2 support not enabled (install the http2 and tls Twisted extras)
2026-08-12 17:57:29,443 [INFO] daphne.server: Configuring endpoint tcp:port=8000:interface=127.0.0.1
2026-08-12 17:57:29,444 [INFO] daphne.server: Listening on TCP address 127.0.0.1:8000
2026-08-12 17:57:33,849 [INFO] django.utils.autoreload: C:\Users\Mictovic\projects\tutor_platform\tutor_platform\bookings\models.py changed, reloading.
2026-08-12 17:57:35,537 [INFO] django.utils.autoreload: Watching for file changes with StatReloader
2026-08-12 17:57:38,173 [INFO] daphne.server: HTTP/2 support not enabled (install the http2 and tls Twisted extras)
2026-08-12 17:57:38,173 [INFO] daphne.server: Configuring endpoint tcp:port=8000:interface=127.0.0.1
2026-08-12 17:57:38,173 [INFO] daphne.server: Listening on TCP address 127.0.0.1:8000
2026-08-12 17:57:52,861 [INFO] django.utils.autoreload: C:\Users\Mictovic\projects\tutor_platform\tutor_platform\bookings\models.py changed, reloading.
2026-08-12 17:57:54,575 [INFO] django.utils.autoreload: Watching for file changes with StatReloader
2026-08-12 17:57:57,148 [INFO] daphne.server: HTTP/2 support not enabled (install the http2 and tls Twisted extras)
2026-08-12 17:57:57,148 [INFO] daphne.server: Configuring endpoint tcp:port=8000:interface=127.0.0.1
2026-08-12 17:57:57,148 [INFO] daphne.server: Listening on TCP address 127.0.0.1:8000
2026-08-12 18:06:01,383 [ERROR] django.channels.server: [35;1mHTTP GET /admin/bookings/booking/ 500 [5.03, 127.0.0.1:56719][0m
2026-08-12 18:06:04,577 [INFO] django.channels.server: [mHTTP GET /admin/ 200 [2.25, 127.0.0.1:56719][0m
2026-08-12 18:06:43,361 [INFO] django.utils.autoreload: Watching for file changes with StatReloader
2026-08-12 18:06:45,929 [INFO] daphne.server: HTTP/2 support not enabled (install the http2 and tls Twisted extras)
2026-08-12 18:06:45,929 [INFO] daphne.server: Configuring endpoint tcp:port=8000:interface=127.0.0.1
2026-08-12 18:06:45,929 [INFO] daphne.server: Listening on TCP address 127.0.0.1:8000
2026-08-12 18:07:36,431 [INFO] django.channels.server: [mHTTP GET /admin/bookings/booking/ 200 [2.39, 127.0.0.1:64308][0m
2026-08-12 18:07:38,645 [INFO] django.channels.server: [mHTTP GET /admin/jsi18n/ 200 [2.17, 127.0.0.1:64308][0m
2026-08-12 18:07:45,178 [INFO] django.channels.server: [mHTTP GET /admin/bookings/booking/add/ 200 [2.34, 127.0.0.1:64308][0m
2026-08-12 18:07:47,432 [INFO] django.channels.server: [mHTTP GET /admin/jsi18n/ 200 [2.21, 127.0.0.1:64308][0m
2026-08-12 18:08:32,802 [ERROR] django.channels.server: [35;1mHTTP POST /admin/bookings/booking/add/ 500 [4.79, 127.0.0.1:64308][0m
2026-08-12 18:09:24,063 [INFO] django.utils.autoreload: C:\Users\Mictovic\projects\tutor_platform\tutor_platform\bookings\models.py changed, reloading.
2026-08-12 18:09:26,752 [INFO] django.utils.autoreload: Watching for file changes with StatReloader
2026-08-12 18:09:28,528 [INFO] django.utils.autoreload: C:\Users\Mictovic\projects\tutor_platform\tutor_platform\bookings\models.py changed, reloading.
2026-08-12 18:09:29,879 [INFO] django.utils.autoreload: Watching for file changes with StatReloader
2026-08-12 18:09:32,556 [INFO] daphne.server: HTTP/2 support not enabled (install the http2 and tls Twisted extras)
2026-08-12 18:09:32,556 [INFO] daphne.server: Configuring endpoint tcp:port=8000:interface=127.0.0.1
2026-08-12 18:09:32,557 [INFO] daphne.server: Listening on TCP address 127.0.0.1:8000
2026-08-12 18:09:34,138 [INFO] django.utils.autoreload: C:\Users\Mictovic\projects\tutor_platform\tutor_platform\bookings\models.py changed, reloading.
2026-08-12 18:09:36,534 [INFO] django.utils.autoreload: Watching for file changes with StatReloader
2026-08-12 18:09:39,331 [INFO] django.utils.autoreload: C:\Users\Mictovic\projects\tutor_platform\tutor_platform\bookings\models.py changed, reloading.
2026-08-12 18:09:41,840 [INFO] django.utils.autoreload: Watching for file changes with StatReloader
2026-08-12 18:10:28,787 [INFO] django.utils.autoreload: Watching for file changes with StatReloader
2026-08-12 18:10:31,348 [INFO] daphne.server: HTTP/2 support not enabled (install the http2 and tls Twisted extras)
2026-08-12 18:10:31,348 [INFO] daphne.server: Configuring endpoint tcp:port=8000:interface=127.0.0.1
2026-08-12 18:10:31,348 [INFO] daphne.server: Listening on TCP address 127.0.0.1:8000
2026-08-12 18:10:36,528 [INFO] django.channels.server: [mHTTP GET /admin/bookings/booking/add/ 200 [2.31, 127.0.0.1:63543][0m
2026-08-12 18:10:38,752 [INFO] django.channels.server: [mHTTP GET /admin/jsi18n/ 200 [2.18, 127.0.0.1:63543][0m
2026-08-12 18:11:07,887 [INFO] django.channels.server: [32mHTTP POST /admin/bookings/booking/add/ 302 [2.19, 127.0.0.1:62538][0m
2026-08-12 18:11:10,077 [INFO] django.channels.server: [mHTTP GET /admin/bookings/booking/ 200 [2.18, 127.0.0.1:62538][0m
2026-08-12 18:11:12,316 [INFO] django.channels.server: [mHTTP GET /admin/jsi18n/ 200 [2.19, 127.0.0.1:62538][0m
2026-08-12 18:11:35,346 [INFO] django.channels.server: [mHTTP GET /admin/bookings/booking/8/change/ 200 [2.32, 127.0.0.1:62538][0m
2026-08-12 18:11:37,569 [INFO] django.channels.server: [mHTTP GET /admin/jsi18n/ 200 [2.18, 127.0.0.1:62538][0m
2026-08-12 18:12:35,020 [INFO] django.channels.server: [mHTTP GET /admin/bookings/booking/ 200 [2.20, 127.0.0.1:62538][0m
2026-08-12 18:12:38,741 [INFO] django.channels.server: [mHTTP GET /admin/bookings/booking/add/ 200 [2.24, 127.0.0.1:62538][0m
2026-08-12 18:12:40,998 [INFO] django.channels.server: [mHTTP GET /admin/jsi18n/ 200 [2.21, 127.0.0.1:62538][0m
2026-08-12 18:13:10,388 [INFO] django.channels.server: [32mHTTP POST /admin/bookings/booking/add/ 302 [2.23, 127.0.0.1:62538][0m
2026-08-12 18:13:12,599 [INFO] django.channels.server: [mHTTP GET /admin/bookings/booking/ 200 [2.21, 127.0.0.1:62538][0m
2026-08-12 18:13:14,787 [INFO] django.channels.server: [mHTTP GET /admin/jsi18n/ 200 [2.13, 127.0.0.1:62538][0m
2026-08-12 18:13:21,862 [INFO] django.channels.server: [mHTTP GET /admin/bookings/booking/9/change/ 200 [2.27, 127.0.0.1:62538][0m
2026-08-12 18:13:24,059 [INFO] django.channels.server: [mHTTP GET /admin/jsi18n/ 200 [2.16, 127.0.0.1:62538][0m
2026-08-12 18:15:02,744 [INFO] django.utils.autoreload: C:\Users\Mictovic\projects\tutor_platform\tutor_platform\bookings\serializers.py changed, reloading.
2026-08-12 18:15:04,952 [INFO] django.utils.autoreload: Watching for file changes with StatReloader
2026-08-12 18:15:07,277 [INFO] django.utils.autoreload: C:\Users\Mictovic\projects\tutor_platform\tutor_platform\bookings\serializers.py changed, reloading.
2026-08-12 18:15:08,789 [INFO] django.utils.autoreload: Watching for file changes with StatReloader
2026-08-12 18:15:11,345 [INFO] daphne.server: HTTP/2 support not enabled (install the http2 and tls Twisted extras)
2026-08-12 18:15:11,345 [INFO] daphne.server: Configuring endpoint tcp:port=8000:interface=127.0.0.1
2026-08-12 18:15:11,345 [INFO] daphne.server: Listening on TCP address 127.0.0.1:8000
2026-08-12 18:15:16,705 [INFO] django.utils.autoreload: C:\Users\Mictovic\projects\tutor_platform\tutor_platform\bookings\serializers.py changed, reloading.
2026-08-12 18:15:18,673 [INFO] django.utils.autoreload: Watching for file changes with StatReloader
2026-08-12 18:15:21,377 [INFO] daphne.server: HTTP/2 support not enabled (install the http2 and tls Twisted extras)
2026-08-12 18:15:21,378 [INFO] daphne.server: Configuring endpoint tcp:port=8000:interface=127.0.0.1
2026-08-12 18:15:21,378 [INFO] daphne.server: Listening on TCP address 127.0.0.1:8000
2026-08-12 18:15:35,338 [INFO] django.utils.autoreload: C:\Users\Mictovic\projects\tutor_platform\tutor_platform\payment\services.py changed, reloading.
2026-08-12 18:15:36,860 [INFO] django.utils.autoreload: Watching for file changes with StatReloader
2026-08-12 18:15:39,471 [INFO] daphne.server: HTTP/2 support not enabled (install the http2 and tls Twisted extras)
2026-08-12 18:15:39,471 [INFO] daphne.server: Configuring endpoint tcp:port=8000:interface=127.0.0.1
2026-08-12 18:15:39,472 [INFO] daphne.server: Listening on TCP address 127.0.0.1:8000
2026-08-12 18:15:49,000 [INFO] django.utils.autoreload: C:\Users\Mictovic\projects\tutor_platform\tutor_platform\payment\interfaces.py changed, reloading.
2026-08-12 18:15:50,703 [INFO] django.utils.autoreload: Watching for file changes with StatReloader
2026-08-12 18:15:53,285 [INFO] daphne.server: HTTP/2 support not enabled (install the http2 and tls Twisted extras)
2026-08-12 18:15:53,285 [INFO] daphne.server: Configuring endpoint tcp:port=8000:interface=127.0.0.1
2026-08-12 18:15:53,286 [INFO] daphne.server: Listening on TCP address 127.0.0.1:8000
2026-08-12 18:16:01,797 [INFO] django.utils.autoreload: C:\Users\Mictovic\projects\tutor_platform\tutor_platform\payment\services.py changed, reloading.
2026-08-12 18:16:03,891 [INFO] django.utils.autoreload: Watching for file changes with StatReloader
2026-08-12 18:16:05,654 [INFO] django.utils.autoreload: C:\Users\Mictovic\projects\tutor_platform\tutor_platform\payment\services.py changed, reloading.
2026-08-12 18:16:07,142 [INFO] django.utils.autoreload: Watching for file changes with StatReloader
2026-08-12 18:18:05,458 [INFO] django.utils.autoreload: Watching for file changes with StatReloader
2026-08-12 18:18:08,030 [INFO] daphne.server: HTTP/2 support not enabled (install the http2 and tls Twisted extras)
2026-08-12 18:18:08,030 [INFO] daphne.server: Configuring endpoint tcp:port=8000:interface=127.0.0.1
2026-08-12 18:18:08,032 [INFO] daphne.server: Listening on TCP address 127.0.0.1:8000
2026-08-12 18:18:17,301 [INFO] stripe: message='Request to Stripe api' method=post url=https://api.stripe.com/v1/checkout/sessions
2026-08-12 18:18:18,937 [INFO] stripe: message='Stripe API response' path=https://api.stripe.com/v1/checkout/sessions response_code=400
2026-08-12 18:18:18,949 [INFO] stripe: error_code=url_invalid error_message='Not a valid URL' error_param=cancel_url error_type=invalid_request_error message='Stripe v1 API error received'
2026-08-12 18:18:21,198 [ERROR] django.channels.server: [35;1mHTTP POST /api/v1/payment/initiate/7/booking/ 500 [6.17, 127.0.0.1:50805][0m
2026-08-12 18:25:24,889 [INFO] stripe: message='Request to Stripe api' method=post url=https://api.stripe.com/v1/checkout/sessions
2026-08-12 18:25:27,224 [INFO] stripe: message='Stripe API response' path=https://api.stripe.com/v1/checkout/sessions response_code=400
2026-08-12 18:25:27,228 [INFO] stripe: error_code=url_invalid error_message='Not a valid URL' error_param=cancel_url error_type=invalid_request_error message='Stripe v1 API error received'
2026-08-12 18:25:27,469 [ERROR] django.channels.server: [35;1mHTTP POST /api/v1/payment/initiate/7/booking/ 500 [4.83, 127.0.0.1:58582][0m
2026-08-12 18:26:34,345 [INFO] stripe: message='Request to Stripe api' method=post url=https://api.stripe.com/v1/checkout/sessions
2026-08-12 18:26:36,011 [INFO] stripe: message='Stripe API response' path=https://api.stripe.com/v1/checkout/sessions response_code=400
2026-08-12 18:26:36,011 [INFO] stripe: error_code=url_invalid error_message='Not a valid URL' error_param=cancel_url error_type=invalid_request_error message='Stripe v1 API error received'
2026-08-12 18:26:36,263 [ERROR] django.channels.server: [35;1mHTTP POST /api/v1/payment/initiate/7/booking/ 500 [4.13, 127.0.0.1:59880][0m
2026-08-12 18:27:34,651 [INFO] django.utils.autoreload: Watching for file changes with StatReloader
2026-08-12 18:27:39,003 [INFO] daphne.server: HTTP/2 support not enabled (install the http2 and tls Twisted extras)
2026-08-12 18:27:39,003 [INFO] daphne.server: Configuring endpoint tcp:port=8000:interface=127.0.0.1
2026-08-12 18:27:39,008 [INFO] daphne.server: Listening on TCP address 127.0.0.1:8000
2026-08-12 18:30:00,877 [INFO] django.utils.autoreload: Watching for file changes with StatReloader
2026-08-12 18:30:04,066 [INFO] daphne.server: HTTP/2 support not enabled (install the http2 and tls Twisted extras)
2026-08-12 18:30:04,066 [INFO] daphne.server: Configuring endpoint tcp:port=8000:interface=127.0.0.1
2026-08-12 18:30:04,071 [INFO] daphne.server: Listening on TCP address 127.0.0.1:8000
2026-08-12 18:30:09,470 [INFO] stripe: message='Request to Stripe api' method=post url=https://api.stripe.com/v1/checkout/sessions
2026-08-12 18:30:11,797 [INFO] stripe: message='Stripe API response' path=https://api.stripe.com/v1/checkout/sessions response_code=400
2026-08-12 18:30:11,797 [INFO] stripe: error_code=None error_message='Prices require an `unit_amount` or `unit_amount_decimal` parameter to be set.' error_param=None error_type=invalid_request_error message='Stripe v1 API error received'
2026-08-12 18:30:14,410 [ERROR] django.channels.server: [35;1mHTTP POST /api/v1/payment/initiate/7/booking/ 500 [7.70, 127.0.0.1:63006][0m
2026-08-12 18:31:30,261 [INFO] django.utils.autoreload: C:\Users\Mictovic\projects\tutor_platform\tutor_platform\payment\services.py changed, reloading.
2026-08-12 18:31:34,333 [INFO] django.utils.autoreload: Watching for file changes with StatReloader
2026-08-12 18:31:37,812 [INFO] django.utils.autoreload: C:\Users\Mictovic\projects\tutor_platform\tutor_platform\payment\services.py changed, reloading.
2026-08-12 18:31:41,351 [INFO] django.utils.autoreload: Watching for file changes with StatReloader
2026-08-12 18:31:44,505 [INFO] daphne.server: HTTP/2 support not enabled (install the http2 and tls Twisted extras)
2026-08-12 18:31:44,505 [INFO] daphne.server: Configuring endpoint tcp:port=8000:interface=127.0.0.1
2026-08-12 18:31:44,505 [INFO] daphne.server: Listening on TCP address 127.0.0.1:8000
2026-08-12 18:31:45,625 [INFO] django.utils.autoreload: C:\Users\Mictovic\projects\tutor_platform\tutor_platform\payment\services.py changed, reloading.
2026-08-12 18:31:49,462 [INFO] django.utils.autoreload: Watching for file changes with StatReloader
2026-08-12 18:31:52,822 [INFO] daphne.server: HTTP/2 support not enabled (install the http2 and tls Twisted extras)
2026-08-12 18:31:52,822 [INFO] daphne.server: Configuring endpoint tcp:port=8000:interface=127.0.0.1
2026-08-12 18:31:52,824 [INFO] daphne.server: Listening on TCP address 127.0.0.1:8000
2026-08-12 18:31:53,822 [INFO] django.utils.autoreload: C:\Users\Mictovic\projects\tutor_platform\tutor_platform\payment\services.py changed, reloading.
2026-08-12 18:31:57,515 [INFO] django.utils.autoreload: Watching for file changes with StatReloader
2026-08-12 18:32:01,044 [INFO] daphne.server: HTTP/2 support not enabled (install the http2 and tls Twisted extras)
2026-08-12 18:32:01,044 [INFO] daphne.server: Configuring endpoint tcp:port=8000:interface=127.0.0.1
2026-08-12 18:32:01,044 [INFO] daphne.server: Listening on TCP address 127.0.0.1:8000
2026-08-12 18:32:14,046 [ERROR] django.channels.server: [35;1mHTTP POST /api/v1/payment/initiate/7/booking/ 500 [4.83, 127.0.0.1:52864][0m
2026-08-12 18:33:15,912 [INFO] django.utils.autoreload: Watching for file changes with StatReloader
2026-08-12 18:33:19,056 [INFO] daphne.server: HTTP/2 support not enabled (install the http2 and tls Twisted extras)
2026-08-12 18:33:19,056 [INFO] daphne.server: Configuring endpoint tcp:port=8000:interface=127.0.0.1
2026-08-12 18:33:19,058 [INFO] daphne.server: Listening on TCP address 127.0.0.1:8000
2026-08-12 18:33:29,466 [ERROR] django.channels.server: [35;1mHTTP POST /api/v1/payment/initiate/7/booking/ 500 [4.72, 127.0.0.1:53903][0m
2026-08-12 18:33:54,643 [WARNING] django.channels.server: [33mHTTP POST /api/v1/payment/initiate/9/booking/ 404 [2.16, 127.0.0.1:53903][0m
2026-08-12 18:34:47,101 [INFO] django.utils.autoreload: C:\Users\Mictovic\projects\tutor_platform\tutor_platform\payment\admin.py changed, reloading.
2026-08-12 18:34:51,793 [INFO] django.utils.autoreload: Watching for file changes with StatReloader
2026-08-12 18:34:55,546 [INFO] daphne.server: HTTP/2 support not enabled (install the http2 and tls Twisted extras)
2026-08-12 18:34:55,546 [INFO] daphne.server: Configuring endpoint tcp:port=8000:interface=127.0.0.1
2026-08-12 18:34:55,552 [INFO] daphne.server: Listening on TCP address 127.0.0.1:8000
2026-08-12 18:34:57,271 [INFO] django.utils.autoreload: C:\Users\Mictovic\projects\tutor_platform\tutor_platform\payment\admin.py changed, reloading.
2026-08-12 18:35:01,740 [INFO] django.utils.autoreload: Watching for file changes with StatReloader
2026-08-12 18:35:04,914 [INFO] daphne.server: HTTP/2 support not enabled (install the http2 and tls Twisted extras)
2026-08-12 18:35:04,914 [INFO] daphne.server: Configuring endpoint tcp:port=8000:interface=127.0.0.1
2026-08-12 18:35:04,925 [INFO] daphne.server: Listening on TCP address 127.0.0.1:8000
2026-08-12 18:35:07,872 [INFO] django.channels.server: [mHTTP GET /admin/ 200 [2.46, 127.0.0.1:51260][0m
2026-08-12 18:35:12,581 [INFO] django.channels.server: [mHTTP GET /admin/payment/payment/ 200 [2.26, 127.0.0.1:51260][0m
2026-08-12 18:35:14,919 [INFO] django.channels.server: [mHTTP GET /admin/jsi18n/ 200 [2.25, 127.0.0.1:51260][0m
2026-08-12 18:35:24,190 [INFO] django.channels.server: [mHTTP GET /admin/bookings/booking/ 200 [2.39, 127.0.0.1:51260][0m
2026-08-12 18:35:26,439 [INFO] django.channels.server: [mHTTP GET /admin/jsi18n/ 200 [2.20, 127.0.0.1:51260][0m
2026-08-12 18:35:34,244 [INFO] django.channels.server: [mHTTP GET /admin/bookings/booking/9/change/ 200 [2.52, 127.0.0.1:51260][0m
2026-08-12 18:35:36,526 [INFO] django.channels.server: [mHTTP GET /admin/jsi18n/ 200 [2.17, 127.0.0.1:51260][0m
2026-08-12 18:35:44,350 [INFO] django.channels.server: [32mHTTP POST /admin/bookings/booking/9/change/ 302 [2.35, 127.0.0.1:51260][0m
2026-08-12 18:35:46,668 [INFO] django.channels.server: [mHTTP GET /admin/bookings/booking/ 200 [2.30, 127.0.0.1:51260][0m
2026-08-12 18:35:48,974 [INFO] django.channels.server: [mHTTP GET /admin/jsi18n/ 200 [2.19, 127.0.0.1:51260][0m
2026-08-12 18:36:03,036 [WARNING] django.channels.server: [33mHTTP POST /api/v1/payment/initiate/9/booking/ 404 [2.40, 127.0.0.1:61904][0m
2026-08-12 18:36:44,573 [INFO] django.channels.server: [mHTTP GET /admin/bookings/booking/9/change/ 200 [2.39, 127.0.0.1:51260][0m
2026-08-12 18:36:46,964 [INFO] django.channels.server: [mHTTP GET /admin/jsi18n/ 200 [2.24, 127.0.0.1:51260][0m
2026-08-12 18:36:51,418 [INFO] django.channels.server: [mHTTP GET /admin/bookings/booking/ 200 [2.39, 127.0.0.1:51260][0m
2026-08-12 18:36:57,087 [INFO] django.channels.server: [mHTTP GET /admin/bookings/booking/9/change/ 200 [2.40, 127.0.0.1:51260][0m
2026-08-12 18:36:59,353 [INFO] django.channels.server: [mHTTP GET /admin/jsi18n/ 200 [2.19, 127.0.0.1:51260][0m
2026-08-12 18:37:23,640 [INFO] django.channels.server: [32mHTTP POST /admin/bookings/booking/9/change/ 302 [2.25, 127.0.0.1:51260][0m
2026-08-12 18:37:25,887 [INFO] django.channels.server: [mHTTP GET /admin/bookings/booking/ 200 [2.23, 127.0.0.1:51260][0m
2026-08-12 18:37:28,151 [INFO] django.channels.server: [mHTTP GET /admin/jsi18n/ 200 [2.17, 127.0.0.1:51260][0m
2026-08-12 18:37:35,603 [INFO] stripe: message='Request to Stripe api' method=post url=https://api.stripe.com/v1/checkout/sessions
2026-08-12 18:37:37,649 [INFO] stripe: message='Stripe API response' path=https://api.stripe.com/v1/checkout/sessions response_code=200
2026-08-12 18:37:37,772 [INFO] django.channels.server: [mHTTP POST /api/v1/payment/initiate/9/booking/ 201 [4.98, 127.0.0.1:58003][0m
2026-08-12 18:43:08,797 [WARNING] django.channels.server: [33mHTTP POST /api/v1/webhooks/stripe/ 404 [1.31, 127.0.0.1:60576][0m
2026-08-12 18:43:42,760 [WARNING] django.channels.server: [33mHTTP POST /api/v1/webhooks/stripe/ 404 [0.56, 127.0.0.1:60576][0m
2026-08-12 18:43:42,877 [WARNING] django.channels.server: [33mHTTP POST /api/v1/webhooks/stripe/ 404 [0.16, 127.0.0.1:54057][0m
2026-08-12 18:43:42,890 [WARNING] django.channels.server: [33mHTTP POST /api/v1/webhooks/stripe/ 404 [0.16, 127.0.0.1:54059][0m
2026-08-12 18:43:44,746 [WARNING] django.channels.server: [33mHTTP POST /api/v1/webhooks/stripe/ 404 [0.06, 127.0.0.1:54057][0m
2026-08-12 18:43:44,937 [WARNING] django.channels.server: [33mHTTP GET /api/v1/payments/success/ 404 [0.03, 127.0.0.1:60586][0m
2026-08-12 18:44:45,904 [WARNING] django.channels.server: [33mHTTP GET /api/v1/webhooks/stripe/ 404 [0.05, 127.0.0.1:56722][0m
2026-08-12 18:48:28,449 [WARNING] django.channels.server: [33mHTTP GET /api/v1/payments/webhooks/stripe 404 [0.03, 127.0.0.1:53666][0m
2026-08-12 18:48:45,007 [WARNING] django.channels.server: [33mHTTP GET /api/v1/payments/webhooks/stripe/ 404 [0.10, 127.0.0.1:53666][0m
2026-08-12 18:49:24,389 [WARNING] django.channels.server: [33mHTTP GET /api/v1/webhooks/stripe/ 404 [0.04, 127.0.0.1:53666][0m
2026-08-12 18:50:11,391 [INFO] django.utils.autoreload: C:\Users\Mictovic\projects\tutor_platform\tutor_platform\tutor_platform\urls.py changed, reloading.
2026-08-12 18:50:25,752 [INFO] django.utils.autoreload: Watching for file changes with StatReloader
2026-08-12 18:50:29,062 [INFO] django.utils.autoreload: C:\Users\Mictovic\projects\tutor_platform\tutor_platform\tutor_platform\urls.py changed, reloading.
2026-08-12 18:50:37,064 [INFO] django.utils.autoreload: Watching for file changes with StatReloader
2026-08-12 18:50:39,357 [INFO] django.utils.autoreload: C:\Users\Mictovic\projects\tutor_platform\tutor_platform\tutor_platform\urls.py changed, reloading.
2026-08-12 18:50:43,701 [INFO] django.utils.autoreload: Watching for file changes with StatReloader
2026-08-12 18:50:50,721 [INFO] django.utils.autoreload: C:\Users\Mictovic\projects\tutor_platform\tutor_platform\payment\urls.py changed, reloading.
2026-08-12 18:50:55,345 [INFO] django.utils.autoreload: Watching for file changes with StatReloader
2026-08-12 18:51:13,425 [INFO] django.utils.autoreload: C:\Users\Mictovic\projects\tutor_platform\tutor_platform\payment\urls.py changed, reloading.
2026-08-12 18:51:18,574 [INFO] django.utils.autoreload: Watching for file changes with StatReloader
2026-08-12 18:51:21,992 [INFO] daphne.server: HTTP/2 support not enabled (install the http2 and tls Twisted extras)
2026-08-12 18:51:21,994 [INFO] daphne.server: Configuring endpoint tcp:port=8000:interface=127.0.0.1
2026-08-12 18:51:21,996 [INFO] daphne.server: Listening on TCP address 127.0.0.1:8000
2026-08-12 18:51:26,081 [WARNING] django.channels.server: [33mHTTP GET /api/v1/webhooks/stripe/ 404 [0.40, 127.0.0.1:49672][0m
2026-08-12 18:51:27,658 [WARNING] django.channels.server: [33mHTTP GET /api/v1/webhooks/stripe/ 404 [0.05, 127.0.0.1:49672][0m
2026-08-12 18:51:51,718 [INFO] django.utils.autoreload: C:\Users\Mictovic\projects\tutor_platform\tutor_platform\payment\urls.py changed, reloading.
2026-08-12 18:51:56,753 [INFO] django.utils.autoreload: Watching for file changes with StatReloader
2026-08-12 18:52:00,183 [INFO] daphne.server: HTTP/2 support not enabled (install the http2 and tls Twisted extras)
2026-08-12 18:52:00,183 [INFO] daphne.server: Configuring endpoint tcp:port=8000:interface=127.0.0.1
2026-08-12 18:52:00,186 [INFO] daphne.server: Listening on TCP address 127.0.0.1:8000
2026-08-12 18:52:00,805 [WARNING] django.channels.server: [31;1mHTTP GET /api/v1/webhooks/stripe/ 405 [0.20, 127.0.0.1:54646][0m
2026-08-12 18:52:01,339 [INFO] django.channels.server: [mHTTP GET /static/rest_framework/css/bootstrap-tweaks.css 200 [0.45, 127.0.0.1:54739][0m
2026-08-12 18:52:01,374 [INFO] django.channels.server: [mHTTP GET /static/rest_framework/css/bootstrap.min.css 200 [0.49, 127.0.0.1:54646][0m
2026-08-12 18:52:01,476 [INFO] django.channels.server: [mHTTP GET /static/rest_framework/js/csrf.js 200 [0.13, 127.0.0.1:54739][0m
2026-08-12 18:52:01,580 [INFO] django.channels.server: [mHTTP GET /static/rest_framework/js/bootstrap.min.js 200 [0.20, 127.0.0.1:54646][0m
2026-08-12 18:52:01,665 [INFO] django.channels.server: [mHTTP GET /static/rest_framework/js/prettify-min.js 200 [0.18, 127.0.0.1:54739][0m
2026-08-12 18:52:01,667 [INFO] django.channels.server: [mHTTP GET /static/rest_framework/js/default.js 200 [0.08, 127.0.0.1:54646][0m
2026-08-12 18:52:01,726 [INFO] django.channels.server: [mHTTP GET /static/rest_framework/js/load-ajax-form.js 200 [0.05, 127.0.0.1:54646][0m
2026-08-12 18:52:01,753 [INFO] django.channels.server: [mHTTP GET /static/rest_framework/css/prettify.css 200 [0.56, 127.0.0.1:56192][0m
2026-08-12 18:52:01,760 [INFO] django.channels.server: [mHTTP GET /static/rest_framework/css/default.css 200 [0.56, 127.0.0.1:60771][0m
2026-08-12 18:52:01,779 [INFO] django.channels.server: [mHTTP GET /static/rest_framework/img/grid.png 200 [0.01, 127.0.0.1:60771][0m
2026-08-12 18:52:01,791 [INFO] django.channels.server: [mHTTP GET /static/rest_framework/js/ajax-form.js 200 [0.59, 127.0.0.1:59787][0m
2026-08-12 18:52:01,931 [INFO] django.channels.server: [mHTTP GET /static/rest_framework/js/jquery-3.7.1.min.js 200 [0.73, 127.0.0.1:55957][0m
2026-08-12 18:54:42,376 [INFO] django.utils.autoreload: C:\Users\Mictovic\projects\tutor_platform\tutor_platform\payment\views.py changed, reloading.
2026-08-12 18:54:46,624 [INFO] django.utils.autoreload: Watching for file changes with StatReloader
2026-08-12 18:54:51,184 [INFO] daphne.server: HTTP/2 support not enabled (install the http2 and tls Twisted extras)
2026-08-12 18:54:51,184 [INFO] daphne.server: Configuring endpoint tcp:port=8000:interface=127.0.0.1
2026-08-12 18:54:51,192 [INFO] daphne.server: Listening on TCP address 127.0.0.1:8000
2026-08-12 18:55:54,985 [INFO] django.channels.server: [mHTTP GET /admin/bookings/booking/ 200 [3.09, 127.0.0.1:65348][0m
2026-08-12 18:56:07,043 [INFO] django.channels.server: [mHTTP GET /admin/bookings/booking/9/change/ 200 [2.69, 127.0.0.1:65348][0m
2026-08-12 18:56:09,382 [INFO] django.channels.server: [mHTTP GET /admin/jsi18n/ 200 [2.22, 127.0.0.1:65348][0m
2026-08-12 18:56:36,511 [INFO] django.channels.server: [mHTTP GET /admin/bookings/booking/9/change/ 200 [2.27, 127.0.0.1:65348][0m
2026-08-12 18:58:04,008 [INFO] django.utils.autoreload: C:\Users\Mictovic\projects\tutor_platform\tutor_platform\bookings\models.py changed, reloading.
2026-08-12 18:58:08,620 [INFO] django.utils.autoreload: Watching for file changes with StatReloader
2026-08-12 18:58:15,619 [INFO] django.utils.autoreload: C:\Users\Mictovic\projects\tutor_platform\tutor_platform\bookings\models.py changed, reloading.
2026-08-12 18:58:19,738 [INFO] django.utils.autoreload: Watching for file changes with StatReloader
2026-08-12 18:58:27,005 [INFO] django.utils.autoreload: C:\Users\Mictovic\projects\tutor_platform\tutor_platform\bookings\models.py changed, reloading.
2026-08-12 18:58:31,262 [INFO] django.utils.autoreload: Watching for file changes with StatReloader
2026-08-12 18:58:34,731 [INFO] daphne.server: HTTP/2 support not enabled (install the http2 and tls Twisted extras)
2026-08-12 18:58:34,736 [INFO] daphne.server: Configuring endpoint tcp:port=8000:interface=127.0.0.1
2026-08-12 18:58:34,736 [INFO] daphne.server: Listening on TCP address 127.0.0.1:8000
2026-08-12 18:58:36,135 [INFO] django.utils.autoreload: C:\Users\Mictovic\projects\tutor_platform\tutor_platform\bookings\models.py changed, reloading.
2026-08-12 18:58:39,880 [INFO] django.utils.autoreload: Watching for file changes with StatReloader
2026-08-12 18:58:43,393 [INFO] daphne.server: HTTP/2 support not enabled (install the http2 and tls Twisted extras)
2026-08-12 18:58:43,396 [INFO] daphne.server: Configuring endpoint tcp:port=8000:interface=127.0.0.1
2026-08-12 18:58:43,399 [INFO] daphne.server: Listening on TCP address 127.0.0.1:8000
2026-08-12 18:59:19,317 [INFO] django.utils.autoreload: Watching for file changes with StatReloader
2026-08-12 18:59:22,553 [INFO] daphne.server: HTTP/2 support not enabled (install the http2 and tls Twisted extras)
2026-08-12 18:59:22,553 [INFO] daphne.server: Configuring endpoint tcp:port=8000:interface=127.0.0.1
2026-08-12 18:59:22,553 [INFO] daphne.server: Listening on TCP address 127.0.0.1:8000
2026-08-12 18:59:50,414 [INFO] django.utils.autoreload: C:\Users\Mictovic\projects\tutor_platform\tutor_platform\bookings\apps.py changed, reloading.
2026-08-12 18:59:54,966 [INFO] django.utils.autoreload: Watching for file changes with StatReloader
2026-08-12 18:59:58,952 [INFO] daphne.server: HTTP/2 support not enabled (install the http2 and tls Twisted extras)
2026-08-12 18:59:58,952 [INFO] daphne.server: Configuring endpoint tcp:port=8000:interface=127.0.0.1
2026-08-12 18:59:58,952 [INFO] daphne.server: Listening on TCP address 127.0.0.1:8000
2026-08-12 19:00:03,505 [INFO] django.utils.autoreload: C:\Users\Mictovic\projects\tutor_platform\tutor_platform\bookings\apps.py changed, reloading.
2026-08-12 19:00:08,178 [INFO] django.utils.autoreload: Watching for file changes with StatReloader
2026-08-12 19:00:11,363 [INFO] daphne.server: HTTP/2 support not enabled (install the http2 and tls Twisted extras)
2026-08-12 19:00:11,366 [INFO] daphne.server: Configuring endpoint tcp:port=8000:interface=127.0.0.1
2026-08-12 19:00:11,366 [INFO] daphne.server: Listening on TCP address 127.0.0.1:8000
2026-08-12 19:00:33,342 [INFO] django.channels.server: [32mHTTP POST /admin/bookings/booking/9/change/ 302 [2.38, 127.0.0.1:55882][0m
2026-08-12 19:00:35,751 [INFO] django.channels.server: [mHTTP GET /admin/bookings/booking/ 200 [2.40, 127.0.0.1:55882][0m
2026-08-12 19:00:38,045 [INFO] django.channels.server: [mHTTP GET /admin/jsi18n/ 200 [2.20, 127.0.0.1:55882][0m
2026-08-12 19:00:47,784 [ERROR] django.channels.server: [35;1mHTTP POST /api/v1/payment/initiate/9/booking/ 500 [5.00, 127.0.0.1:64851][0m
2026-08-12 19:00:59,355 [INFO] django.channels.server: [mHTTP GET /admin/bookings/booking/9/change/ 200 [2.50, 127.0.0.1:55882][0m
2026-08-12 19:01:01,709 [INFO] django.channels.server: [mHTTP GET /admin/jsi18n/ 200 [2.24, 127.0.0.1:55882][0m
2026-08-12 19:01:09,053 [INFO] django.channels.server: [32mHTTP POST /admin/bookings/booking/9/change/ 302 [2.24, 127.0.0.1:55882][0m
2026-08-12 19:01:11,341 [INFO] django.channels.server: [mHTTP GET /admin/bookings/booking/ 200 [2.27, 127.0.0.1:55882][0m
2026-08-12 19:01:13,641 [INFO] django.channels.server: [mHTTP GET /admin/jsi18n/ 200 [2.22, 127.0.0.1:55882][0m
2026-08-12 19:01:19,261 [INFO] stripe: message='Request to Stripe api' method=post url=https://api.stripe.com/v1/checkout/sessions
2026-08-12 19:01:28,718 [INFO] stripe: message='Stripe API response' path=https://api.stripe.com/v1/checkout/sessions response_code=200
2026-08-12 19:01:28,807 [INFO] django.channels.server: [mHTTP POST /api/v1/payment/initiate/9/booking/ 201 [12.49, 127.0.0.1:64851][0m
2026-08-12 19:02:33,187 [WARNING] django.channels.server: [33mHTTP GET /api/v1/payments/success/ 404 [0.05, 127.0.0.1:61439][0m
2026-08-12 19:02:35,138 [ERROR] django.channels.server: [35;1mHTTP POST /api/v1/webhooks/stripe/ 500 [3.64, 127.0.0.1:55957][0m
2026-08-12 19:02:35,171 [ERROR] django.channels.server: [35;1mHTTP POST /api/v1/webhooks/stripe/ 500 [3.71, 127.0.0.1:55954][0m
2026-08-12 19:02:35,195 [ERROR] django.channels.server: [35;1mHTTP POST /api/v1/webhooks/stripe/ 500 [3.48, 127.0.0.1:56799][0m
2026-08-12 19:02:35,221 [ERROR] django.channels.server: [35;1mHTTP POST /api/v1/webhooks/stripe/ 500 [3.39, 127.0.0.1:56802][0m
2026-08-12 19:02:36,441 [ERROR] django.channels.server: [35;1mHTTP POST /api/v1/webhooks/stripe/ 500 [2.40, 127.0.0.1:53657][0m
2026-08-12 19:03:50,383 [INFO] django.utils.autoreload: C:\Users\Mictovic\projects\tutor_platform\tutor_platform\payment\views.py changed, reloading.
2026-08-12 19:03:56,707 [INFO] django.utils.autoreload: Watching for file changes with StatReloader
2026-08-12 19:04:00,356 [INFO] daphne.server: HTTP/2 support not enabled (install the http2 and tls Twisted extras)
2026-08-12 19:04:00,356 [INFO] daphne.server: Configuring endpoint tcp:port=8000:interface=127.0.0.1
2026-08-12 19:04:00,356 [INFO] daphne.server: Listening on TCP address 127.0.0.1:8000
2026-08-12 19:08:21,269 [INFO] stripe: message='Request to Stripe api' method=post url=https://api.stripe.com/v1/checkout/sessions
2026-08-12 19:08:23,853 [INFO] stripe: message='Stripe API response' path=https://api.stripe.com/v1/checkout/sessions response_code=200
2026-08-12 19:08:23,939 [INFO] django.channels.server: [mHTTP POST /api/v1/payment/initiate/9/booking/ 201 [5.67, 127.0.0.1:64733][0m
2026-08-12 19:09:25,453 [WARNING] django.channels.server: [33mHTTP GET /api/v1/payments/success/ 404 [0.10, 127.0.0.1:51111][0m
2026-08-12 19:09:26,472 [ERROR] django.channels.server: [35;1mHTTP POST /api/v1/webhooks/stripe/ 500 [3.02, 127.0.0.1:50860][0m
2026-08-12 19:09:26,519 [ERROR] django.channels.server: [35;1mHTTP POST /api/v1/webhooks/stripe/ 500 [3.05, 127.0.0.1:50864][0m
2026-08-12 19:09:26,531 [ERROR] django.channels.server: [35;1mHTTP POST /api/v1/webhooks/stripe/ 500 [3.07, 127.0.0.1:50862][0m
2026-08-12 19:09:26,552 [ERROR] django.channels.server: [35;1mHTTP POST /api/v1/webhooks/stripe/ 500 [2.72, 127.0.0.1:50869][0m
2026-08-12 19:09:28,440 [ERROR] django.channels.server: [35;1mHTTP POST /api/v1/webhooks/stripe/ 500 [2.59, 127.0.0.1:51585][0m
2026-08-12 19:15:05,893 [INFO] django.utils.autoreload: C:\Users\Mictovic\projects\tutor_platform\tutor_platform\payment\gateways\stripes_gateway.py changed, reloading.
2026-08-12 19:15:12,697 [INFO] django.utils.autoreload: Watching for file changes with StatReloader
2026-08-12 19:15:17,266 [INFO] daphne.server: HTTP/2 support not enabled (install the http2 and tls Twisted extras)
2026-08-12 19:15:17,268 [INFO] daphne.server: Configuring endpoint tcp:port=8000:interface=127.0.0.1
2026-08-12 19:15:17,273 [INFO] daphne.server: Listening on TCP address 127.0.0.1:8000
2026-08-12 19:15:40,127 [INFO] django.utils.autoreload: C:\Users\Mictovic\projects\tutor_platform\tutor_platform\tutor_platform\settings.py changed, reloading.
2026-08-12 19:16:14,719 [INFO] django.utils.autoreload: Watching for file changes with StatReloader
2026-08-12 19:16:18,826 [INFO] daphne.server: HTTP/2 support not enabled (install the http2 and tls Twisted extras)
2026-08-12 19:16:18,829 [INFO] daphne.server: Configuring endpoint tcp:port=8000:interface=127.0.0.1
2026-08-12 19:16:18,832 [INFO] daphne.server: Listening on TCP address 127.0.0.1:8000
2026-08-12 19:16:41,191 [INFO] stripe: message='Request to Stripe api' method=post url=https://api.stripe.com/v1/checkout/sessions
2026-08-12 19:16:43,717 [INFO] stripe: message='Stripe API response' path=https://api.stripe.com/v1/checkout/sessions response_code=200
2026-08-12 19:16:43,780 [INFO] django.channels.server: [mHTTP POST /api/v1/payment/initiate/9/booking/ 201 [5.32, 127.0.0.1:58490][0m
2026-08-12 19:20:10,978 [WARNING] django.channels.server: [33mHTTP GET /api/v1/payments/success/ 404 [0.04, 127.0.0.1:50552][0m
2026-08-12 19:20:11,834 [ERROR] django.channels.server: [35;1mHTTP POST /api/v1/webhooks/stripe/ 500 [2.73, 127.0.0.1:57143][0m
2026-08-12 19:20:11,940 [ERROR] django.channels.server: [35;1mHTTP POST /api/v1/webhooks/stripe/ 500 [2.79, 127.0.0.1:57146][0m
2026-08-12 19:20:11,974 [ERROR] django.channels.server: [35;1mHTTP POST /api/v1/webhooks/stripe/ 500 [2.81, 127.0.0.1:57148][0m
2026-08-12 19:20:12,019 [ERROR] django.channels.server: [35;1mHTTP POST /api/v1/webhooks/stripe/ 500 [2.60, 127.0.0.1:57152][0m
2026-08-12 19:20:14,219 [ERROR] django.channels.server: [35;1mHTTP POST /api/v1/webhooks/stripe/ 500 [2.47, 127.0.0.1:57486][0m
2026-08-12 19:22:34,988 [ERROR] django.channels.server: [35;1mHTTP POST /api/v1/webhooks/stripe/ 500 [2.34, 127.0.0.1:55012][0m
2026-08-12 19:28:19,339 [INFO] django.utils.autoreload: Watching for file changes with StatReloader
2026-08-12 19:28:22,756 [INFO] daphne.server: HTTP/2 support not enabled (install the http2 and tls Twisted extras)
2026-08-12 19:28:22,765 [INFO] daphne.server: Configuring endpoint tcp:port=8000:interface=127.0.0.1
2026-08-12 19:28:22,765 [INFO] daphne.server: Listening on TCP address 127.0.0.1:8000
2026-08-12 19:28:26,336 [ERROR] django.channels.server: [35;1mHTTP POST /api/v1/webhooks/stripe/ 500 [2.44, 127.0.0.1:54737][0m
2026-08-12 19:28:53,567 [ERROR] django.channels.server: [35;1mHTTP POST /api/v1/webhooks/stripe/ 500 [2.37, 127.0.0.1:54737][0m
2026-08-12 19:29:23,178 [ERROR] django.channels.server: [35;1mHTTP POST /api/v1/webhooks/stripe/ 500 [2.41, 127.0.0.1:54737][0m
2026-08-12 19:35:50,309 [INFO] django.utils.autoreload: C:\Users\Mictovic\projects\tutor_platform\tutor_platform\payment\gateways\stripes_gateway.py changed, reloading.
2026-08-12 19:35:56,260 [INFO] django.utils.autoreload: Watching for file changes with StatReloader
2026-08-12 19:36:45,132 [INFO] django.utils.autoreload: C:\Users\Mictovic\projects\tutor_platform\tutor_platform\payment\gateways\stripes_gateway.py changed, reloading.
2026-08-12 19:36:48,705 [INFO] django.utils.autoreload: Watching for file changes with StatReloader
2026-08-12 19:36:51,802 [INFO] daphne.server: HTTP/2 support not enabled (install the http2 and tls Twisted extras)
2026-08-12 19:36:51,803 [INFO] daphne.server: Configuring endpoint tcp:port=8000:interface=127.0.0.1
2026-08-12 19:36:51,805 [INFO] daphne.server: Listening on TCP address 127.0.0.1:8000
2026-08-12 19:37:11,225 [WARNING] django.channels.server: [31;1mHTTP POST /api/v1/payment/initiate/9/booking/ 401 [0.03, 127.0.0.1:56201][0m
2026-08-12 19:37:22,588 [INFO] stripe: message='Request to Stripe api' method=post url=https://api.stripe.com/v1/checkout/sessions
2026-08-12 19:37:24,905 [INFO] stripe: message='Stripe API response' path=https://api.stripe.com/v1/checkout/sessions response_code=200
2026-08-12 19:37:25,022 [INFO] django.channels.server: [mHTTP POST /api/v1/payment/initiate/9/booking/ 201 [5.20, 127.0.0.1:56201][0m
2026-08-12 19:38:21,382 [WARNING] django.channels.server: [33mHTTP GET /api/v1/payments/success/ 404 [0.11, 127.0.0.1:64317][0m
2026-08-12 19:38:57,745 [INFO] stripe: message='Request to Stripe api' method=post url=https://api.stripe.com/v1/checkout/sessions
2026-08-12 19:39:00,357 [INFO] stripe: message='Stripe API response' path=https://api.stripe.com/v1/checkout/sessions response_code=200
2026-08-12 19:39:00,433 [INFO] django.channels.server: [mHTTP POST /api/v1/payment/initiate/9/booking/ 201 [4.95, 127.0.0.1:51968][0m
2026-08-12 19:39:34,057 [WARNING] django.channels.server: [33mHTTP GET /api/v1/payments/success/ 404 [0.10, 127.0.0.1:55352][0m
2026-08-12 19:39:34,808 [ERROR] django.channels.server: [35;1mHTTP POST /api/v1/webhooks/stripe/ 500 [2.58, 127.0.0.1:61593][0m
2026-08-12 19:39:34,830 [ERROR] django.channels.server: [35;1mHTTP POST /api/v1/webhooks/stripe/ 500 [2.50, 127.0.0.1:61596][0m
2026-08-12 19:39:35,215 [ERROR] django.channels.server: [35;1mHTTP POST /api/v1/webhooks/stripe/ 500 [2.41, 127.0.0.1:61600][0m
2026-08-12 19:39:35,227 [ERROR] django.channels.server: [35;1mHTTP POST /api/v1/webhooks/stripe/ 500 [2.41, 127.0.0.1:61601][0m
2026-08-12 19:39:37,135 [ERROR] django.channels.server: [35;1mHTTP POST /api/v1/webhooks/stripe/ 500 [2.32, 127.0.0.1:57664][0m
2026-08-12 20:14:12,815 [INFO] django.channels.server: [mHTTP GET /admin/ 200 [3.27, 127.0.0.1:59086][0m
2026-08-12 20:14:20,009 [INFO] django.channels.server: [mHTTP GET /admin/payment/payment/ 200 [2.36, 127.0.0.1:59086][0m
2026-08-12 20:14:22,313 [INFO] django.channels.server: [mHTTP GET /admin/jsi18n/ 200 [2.23, 127.0.0.1:59086][0m
2026-08-12 20:14:29,449 [INFO] django.channels.server: [mHTTP GET /admin/payment/payment/1/change/ 200 [2.42, 127.0.0.1:59086][0m
2026-08-12 20:14:31,723 [INFO] django.channels.server: [mHTTP GET /admin/jsi18n/ 200 [2.22, 127.0.0.1:59086][0m
2026-08-12 20:24:03,964 [INFO] django.utils.autoreload: C:\Users\Mictovic\projects\tutor_platform\tutor_platform\payment\gateways\stripes_gateway.py changed, reloading.
2026-08-12 20:24:09,770 [INFO] django.utils.autoreload: Watching for file changes with StatReloader
2026-08-12 20:24:13,307 [INFO] daphne.server: HTTP/2 support not enabled (install the http2 and tls Twisted extras)
2026-08-12 20:24:13,307 [INFO] daphne.server: Configuring endpoint tcp:port=8000:interface=127.0.0.1
2026-08-12 20:24:13,307 [INFO] daphne.server: Listening on TCP address 127.0.0.1:8000
2026-08-12 20:24:16,384 [INFO] django.utils.autoreload: C:\Users\Mictovic\projects\tutor_platform\tutor_platform\payment\gateways\stripes_gateway.py changed, reloading.
2026-08-12 20:24:21,419 [INFO] django.utils.autoreload: Watching for file changes with StatReloader
2026-08-12 20:24:24,855 [INFO] daphne.server: HTTP/2 support not enabled (install the http2 and tls Twisted extras)
2026-08-12 20:24:24,855 [INFO] daphne.server: Configuring endpoint tcp:port=8000:interface=127.0.0.1
2026-08-12 20:24:24,855 [INFO] daphne.server: Listening on TCP address 127.0.0.1:8000
2026-08-12 20:24:25,632 [INFO] django.utils.autoreload: C:\Users\Mictovic\projects\tutor_platform\tutor_platform\payment\gateways\stripes_gateway.py changed, reloading.
2026-08-12 20:24:30,596 [INFO] django.utils.autoreload: Watching for file changes with StatReloader
2026-08-12 20:24:33,931 [INFO] daphne.server: HTTP/2 support not enabled (install the http2 and tls Twisted extras)
2026-08-12 20:24:33,931 [INFO] daphne.server: Configuring endpoint tcp:port=8000:interface=127.0.0.1
2026-08-12 20:24:33,931 [INFO] daphne.server: Listening on TCP address 127.0.0.1:8000
2026-08-12 20:24:34,822 [INFO] django.utils.autoreload: C:\Users\Mictovic\projects\tutor_platform\tutor_platform\payment\gateways\stripes_gateway.py changed, reloading.
2026-08-12 20:24:39,609 [INFO] django.utils.autoreload: Watching for file changes with StatReloader
2026-08-12 20:24:43,044 [INFO] daphne.server: HTTP/2 support not enabled (install the http2 and tls Twisted extras)
2026-08-12 20:24:43,048 [INFO] daphne.server: Configuring endpoint tcp:port=8000:interface=127.0.0.1
2026-08-12 20:24:43,048 [INFO] daphne.server: Listening on TCP address 127.0.0.1:8000
2026-08-12 20:24:48,101 [INFO] stripe: message='Request to Stripe api' method=post url=https://api.stripe.com/v1/checkout/sessions
2026-08-12 20:24:48,112 [INFO] stripe: message='Encountered a retryable error Unexpected error communicating with Stripe.  If this problem persists,\nlet us know at support@stripe.com.\n\n(Network error: ConnectionError: HTTPSConnectionPool(host=\'api.stripe.com\', port=443): Max retries exceeded with url: /v1/checkout/sessions (Caused by NameResolutionError("HTTPSConnection(host=\'api.stripe.com\', port=443): Failed to resolve \'api.stripe.com\' ([Errno 11001] getaddrinfo failed)")))'
2026-08-12 20:24:48,112 [INFO] stripe: message='Initiating retry 1 for request post https://api.stripe.com/v1/checkout/sessions after sleeping 0.50 seconds.'
2026-08-12 20:24:48,618 [INFO] stripe: message='Encountered a retryable error Unexpected error communicating with Stripe.  If this problem persists,\nlet us know at support@stripe.com.\n\n(Network error: ConnectionError: HTTPSConnectionPool(host=\'api.stripe.com\', port=443): Max retries exceeded with url: /v1/checkout/sessions (Caused by NameResolutionError("HTTPSConnection(host=\'api.stripe.com\', port=443): Failed to resolve \'api.stripe.com\' ([Errno 11001] getaddrinfo failed)")))'
2026-08-12 20:24:48,621 [INFO] stripe: message='Initiating retry 2 for request post https://api.stripe.com/v1/checkout/sessions after sleeping 0.70 seconds.'
2026-08-12 20:24:52,973 [ERROR] django.channels.server: [35;1mHTTP POST /api/v1/payment/initiate/9/booking/ 500 [7.45, 127.0.0.1:54536][0m
2026-08-12 20:25:22,084 [INFO] stripe: message='Request to Stripe api' method=post url=https://api.stripe.com/v1/checkout/sessions
2026-08-12 20:25:25,081 [INFO] stripe: message='Stripe API response' path=https://api.stripe.com/v1/checkout/sessions response_code=200
2026-08-12 20:25:25,185 [INFO] django.channels.server: [mHTTP POST /api/v1/payment/initiate/9/booking/ 201 [5.26, 127.0.0.1:54536][0m
2026-08-12 20:26:20,341 [WARNING] django.channels.server: [33mHTTP GET /api/v1/payments/success/ 404 [0.06, 127.0.0.1:55399][0m
2026-08-12 20:26:21,550 [ERROR] django.channels.server: [35;1mHTTP POST /api/v1/webhooks/stripe/ 500 [2.51, 127.0.0.1:64835][0m
2026-08-12 20:26:22,852 [ERROR] django.channels.server: [35;1mHTTP POST /api/v1/webhooks/stripe/ 500 [2.72, 127.0.0.1:64841][0m
2026-08-12 20:26:22,869 [ERROR] django.channels.server: [35;1mHTTP POST /api/v1/webhooks/stripe/ 500 [2.74, 127.0.0.1:64838][0m
2026-08-12 20:26:22,917 [ERROR] django.channels.server: [35;1mHTTP POST /api/v1/webhooks/stripe/ 500 [2.78, 127.0.0.1:64842][0m
2026-08-12 20:26:25,252 [ERROR] django.channels.server: [35;1mHTTP POST /api/v1/webhooks/stripe/ 500 [2.49, 127.0.0.1:64835][0m
2026-08-12 20:27:01,606 [INFO] django.utils.autoreload: C:\Users\Mictovic\projects\tutor_platform\tutor_platform\payment\gateways\stripes_gateway.py changed, reloading.
2026-08-12 20:27:06,230 [INFO] django.utils.autoreload: Watching for file changes with StatReloader
2026-08-12 20:27:10,057 [INFO] daphne.server: HTTP/2 support not enabled (install the http2 and tls Twisted extras)
2026-08-12 20:27:10,057 [INFO] daphne.server: Configuring endpoint tcp:port=8000:interface=127.0.0.1
2026-08-12 20:27:10,061 [INFO] daphne.server: Listening on TCP address 127.0.0.1:8000
2026-08-12 20:27:13,401 [INFO] django.utils.autoreload: C:\Users\Mictovic\projects\tutor_platform\tutor_platform\payment\gateways\stripes_gateway.py changed, reloading.
2026-08-12 20:27:17,500 [INFO] django.utils.autoreload: Watching for file changes with StatReloader
2026-08-12 20:27:21,401 [INFO] daphne.server: HTTP/2 support not enabled (install the http2 and tls Twisted extras)
2026-08-12 20:27:21,403 [INFO] daphne.server: Configuring endpoint tcp:port=8000:interface=127.0.0.1
2026-08-12 20:27:21,405 [INFO] daphne.server: Listening on TCP address 127.0.0.1:8000
2026-08-12 20:27:26,855 [INFO] stripe: message='Request to Stripe api' method=post url=https://api.stripe.com/v1/checkout/sessions
2026-08-12 20:27:29,196 [INFO] stripe: message='Stripe API response' path=https://api.stripe.com/v1/checkout/sessions response_code=200
2026-08-12 20:27:29,272 [INFO] django.channels.server: [mHTTP POST /api/v1/payment/initiate/9/booking/ 201 [5.01, 127.0.0.1:62512][0m
2026-08-12 20:28:51,820 [WARNING] django.channels.server: [33mHTTP GET /api/v1/payments/success/ 404 [0.07, 127.0.0.1:61539][0m
2026-08-12 20:28:52,733 [ERROR] django.channels.server: [35;1mHTTP POST /api/v1/webhooks/stripe/ 500 [2.55, 127.0.0.1:60711][0m
2026-08-12 20:28:52,775 [ERROR] django.channels.server: [35;1mHTTP POST /api/v1/webhooks/stripe/ 500 [2.67, 127.0.0.1:60708][0m
2026-08-12 20:28:52,907 [ERROR] django.channels.server: [35;1mHTTP POST /api/v1/webhooks/stripe/ 500 [2.52, 127.0.0.1:60716][0m
2026-08-12 20:28:52,920 [ERROR] django.channels.server: [35;1mHTTP POST /api/v1/webhooks/stripe/ 500 [2.56, 127.0.0.1:60714][0m
2026-08-12 20:28:55,842 [ERROR] django.channels.server: [35;1mHTTP POST /api/v1/webhooks/stripe/ 500 [2.24, 127.0.0.1:60708][0m
2026-08-12 20:29:52,049 [INFO] django.utils.autoreload: C:\Users\Mictovic\projects\tutor_platform\tutor_platform\payment\gateways\stripes_gateway.py changed, reloading.
2026-08-12 20:29:58,552 [INFO] django.utils.autoreload: Watching for file changes with StatReloader
2026-08-12 20:30:02,661 [INFO] daphne.server: HTTP/2 support not enabled (install the http2 and tls Twisted extras)
2026-08-12 20:30:02,661 [INFO] daphne.server: Configuring endpoint tcp:port=8000:interface=127.0.0.1
2026-08-12 20:30:02,664 [INFO] daphne.server: Listening on TCP address 127.0.0.1:8000
2026-08-12 20:30:09,221 [INFO] stripe: message='Request to Stripe api' method=post url=https://api.stripe.com/v1/checkout/sessions
2026-08-12 20:30:12,900 [INFO] stripe: message='Stripe API response' path=https://api.stripe.com/v1/checkout/sessions response_code=200
2026-08-12 20:30:12,982 [INFO] django.channels.server: [mHTTP POST /api/v1/payment/initiate/9/booking/ 201 [6.24, 127.0.0.1:57249][0m
2026-08-12 20:31:43,252 [WARNING] django.channels.server: [33mHTTP GET /api/v1/payments/success/ 404 [0.20, 127.0.0.1:62659][0m
2026-08-12 20:31:43,547 [ERROR] django.channels.server: [35;1mHTTP POST /api/v1/webhooks/stripe/ 500 [2.75, 127.0.0.1:50070][0m
2026-08-12 20:31:43,572 [ERROR] django.channels.server: [35;1mHTTP POST /api/v1/webhooks/stripe/ 500 [2.87, 127.0.0.1:50065][0m
2026-08-12 20:31:43,591 [ERROR] django.channels.server: [35;1mHTTP POST /api/v1/webhooks/stripe/ 500 [2.88, 127.0.0.1:50066][0m
2026-08-12 20:31:44,245 [ERROR] django.channels.server: [35;1mHTTP POST /api/v1/webhooks/stripe/ 500 [2.25, 127.0.0.1:50073][0m
2026-08-12 20:31:45,517 [ERROR] django.channels.server: [35;1mHTTP POST /api/v1/webhooks/stripe/ 500 [2.46, 127.0.0.1:53175][0m
2026-08-12 20:44:20,923 [INFO] django.utils.autoreload: C:\Users\Mictovic\projects\tutor_platform\tutor_platform\payment\services.py changed, reloading.
2026-08-12 20:44:26,146 [INFO] django.utils.autoreload: Watching for file changes with StatReloader
2026-08-12 20:44:29,874 [INFO] daphne.server: HTTP/2 support not enabled (install the http2 and tls Twisted extras)
2026-08-12 20:44:29,876 [INFO] daphne.server: Configuring endpoint tcp:port=8000:interface=127.0.0.1
2026-08-12 20:44:29,880 [INFO] daphne.server: Listening on TCP address 127.0.0.1:8000
2026-08-12 20:44:35,201 [INFO] stripe: message='Request to Stripe api' method=post url=https://api.stripe.com/v1/checkout/sessions
2026-08-12 20:44:37,971 [INFO] stripe: message='Stripe API response' path=https://api.stripe.com/v1/checkout/sessions response_code=200
2026-08-12 20:44:38,069 [INFO] django.channels.server: [mHTTP POST /api/v1/payment/initiate/9/booking/ 201 [5.37, 127.0.0.1:57880][0m
2026-08-12 20:45:34,186 [ERROR] django.channels.server: [35;1mHTTP POST /api/v1/webhooks/stripe/ 500 [2.91, 127.0.0.1:59966][0m
2026-08-12 20:45:34,216 [ERROR] django.channels.server: [35;1mHTTP POST /api/v1/webhooks/stripe/ 500 [2.83, 127.0.0.1:59968][0m
2026-08-12 20:45:34,396 [ERROR] django.channels.server: [35;1mHTTP POST /api/v1/webhooks/stripe/ 500 [2.63, 127.0.0.1:59975][0m
2026-08-12 20:45:34,415 [ERROR] django.channels.server: [35;1mHTTP POST /api/v1/webhooks/stripe/ 500 [2.72, 127.0.0.1:59972][0m
2026-08-12 20:45:34,452 [WARNING] django.channels.server: [33mHTTP GET /api/v1/payments/success/ 404 [0.12, 127.0.0.1:53023][0m
2026-08-12 20:45:36,035 [ERROR] django.channels.server: [35;1mHTTP POST /api/v1/webhooks/stripe/ 500 [2.33, 127.0.0.1:59983][0m
2026-08-12 20:49:02,879 [INFO] django.utils.autoreload: C:\Users\Mictovic\projects\tutor_platform\tutor_platform\payment\services.py changed, reloading.
2026-08-12 20:49:07,694 [INFO] django.utils.autoreload: Watching for file changes with StatReloader
2026-08-12 20:49:11,293 [INFO] daphne.server: HTTP/2 support not enabled (install the http2 and tls Twisted extras)
2026-08-12 20:49:11,293 [INFO] daphne.server: Configuring endpoint tcp:port=8000:interface=127.0.0.1
2026-08-12 20:49:11,295 [INFO] daphne.server: Listening on TCP address 127.0.0.1:8000
2026-08-12 20:49:16,498 [INFO] django.utils.autoreload: C:\Users\Mictovic\projects\tutor_platform\tutor_platform\payment\gateways\stripes_gateway.py changed, reloading.
2026-08-12 20:49:21,576 [INFO] django.utils.autoreload: Watching for file changes with StatReloader
2026-08-12 20:49:25,106 [INFO] daphne.server: HTTP/2 support not enabled (install the http2 and tls Twisted extras)
2026-08-12 20:49:25,108 [INFO] daphne.server: Configuring endpoint tcp:port=8000:interface=127.0.0.1
2026-08-12 20:49:25,111 [INFO] daphne.server: Listening on TCP address 127.0.0.1:8000
2026-08-12 20:49:29,783 [INFO] stripe: message='Request to Stripe api' method=post url=https://api.stripe.com/v1/checkout/sessions
2026-08-12 20:49:32,245 [INFO] stripe: message='Stripe API response' path=https://api.stripe.com/v1/checkout/sessions response_code=200
2026-08-12 20:49:32,308 [INFO] django.channels.server: [mHTTP POST /api/v1/payment/initiate/9/booking/ 201 [5.01, 127.0.0.1:64308][0m
2026-08-12 20:50:19,194 [WARNING] django.channels.server: [33mHTTP GET /api/v1/payments/success/ 404 [0.16, 127.0.0.1:62858][0m
2026-08-12 20:50:19,437 [ERROR] django.channels.server: [35;1mHTTP POST /api/v1/webhooks/stripe/ 500 [2.72, 127.0.0.1:56543][0m
2026-08-12 20:50:19,526 [ERROR] django.channels.server: [35;1mHTTP POST /api/v1/webhooks/stripe/ 500 [2.79, 127.0.0.1:56545][0m
2026-08-12 20:50:19,601 [ERROR] django.channels.server: [35;1mHTTP POST /api/v1/webhooks/stripe/ 500 [2.60, 127.0.0.1:56549][0m
2026-08-12 20:50:19,620 [ERROR] django.channels.server: [35;1mHTTP POST /api/v1/webhooks/stripe/ 500 [2.48, 127.0.0.1:56552][0m
2026-08-12 20:50:21,435 [ERROR] django.channels.server: [35;1mHTTP POST /api/v1/webhooks/stripe/ 500 [2.38, 127.0.0.1:56558][0m
2026-08-12 20:50:52,377 [INFO] django.utils.autoreload: C:\Users\Mictovic\projects\tutor_platform\tutor_platform\payment\gateways\stripes_gateway.py changed, reloading.
2026-08-12 20:50:57,983 [INFO] django.utils.autoreload: Watching for file changes with StatReloader
2026-08-12 20:51:02,339 [INFO] daphne.server: HTTP/2 support not enabled (install the http2 and tls Twisted extras)
2026-08-12 20:51:02,339 [INFO] daphne.server: Configuring endpoint tcp:port=8000:interface=127.0.0.1
2026-08-12 20:51:02,342 [INFO] daphne.server: Listening on TCP address 127.0.0.1:8000
2026-08-12 20:51:07,223 [INFO] stripe: message='Request to Stripe api' method=post url=https://api.stripe.com/v1/checkout/sessions
2026-08-12 20:51:09,855 [INFO] stripe: message='Stripe API response' path=https://api.stripe.com/v1/checkout/sessions response_code=200
2026-08-12 20:51:09,927 [INFO] django.channels.server: [mHTTP POST /api/v1/payment/initiate/9/booking/ 201 [5.60, 127.0.0.1:56578][0m
2026-08-12 20:51:51,892 [ERROR] django.channels.server: [35;1mHTTP POST /api/v1/webhooks/stripe/ 500 [2.75, 127.0.0.1:54400][0m
2026-08-12 20:51:51,933 [ERROR] django.channels.server: [35;1mHTTP POST /api/v1/webhooks/stripe/ 500 [2.68, 127.0.0.1:54405][0m
2026-08-12 20:51:51,958 [ERROR] django.channels.server: [35;1mHTTP POST /api/v1/webhooks/stripe/ 500 [2.69, 127.0.0.1:54407][0m
2026-08-12 20:51:52,103 [ERROR] django.channels.server: [35;1mHTTP POST /api/v1/webhooks/stripe/ 500 [2.62, 127.0.0.1:54412][0m
2026-08-12 20:51:52,388 [WARNING] django.channels.server: [33mHTTP GET /api/v1/payments/success/ 404 [0.04, 127.0.0.1:56508][0m
2026-08-12 20:51:54,124 [ERROR] django.channels.server: [35;1mHTTP POST /api/v1/webhooks/stripe/ 500 [2.31, 127.0.0.1:54419][0m
2026-08-12 20:52:16,607 [INFO] django.utils.autoreload: C:\Users\Mictovic\projects\tutor_platform\tutor_platform\payment\services.py changed, reloading.
2026-08-12 20:52:22,184 [INFO] django.utils.autoreload: Watching for file changes with StatReloader
2026-08-12 20:52:25,284 [INFO] daphne.server: HTTP/2 support not enabled (install the http2 and tls Twisted extras)
2026-08-12 20:52:25,286 [INFO] daphne.server: Configuring endpoint tcp:port=8000:interface=127.0.0.1
2026-08-12 20:52:25,287 [INFO] daphne.server: Listening on TCP address 127.0.0.1:8000
2026-08-12 20:52:31,794 [INFO] stripe: message='Request to Stripe api' method=post url=https://api.stripe.com/v1/checkout/sessions
2026-08-12 20:52:36,277 [INFO] stripe: message='Stripe API response' path=https://api.stripe.com/v1/checkout/sessions response_code=200
2026-08-12 20:52:36,317 [INFO] django.channels.server: [mHTTP POST /api/v1/payment/initiate/9/booking/ 201 [7.24, 127.0.0.1:58150][0m
2026-08-12 20:53:34,404 [WARNING] django.channels.server: [33mHTTP GET /api/v1/payments/success/ 404 [0.13, 127.0.0.1:49672][0m
2026-08-12 20:53:34,428 [ERROR] django.channels.server: [35;1mHTTP POST /api/v1/webhooks/stripe/ 500 [2.96, 127.0.0.1:60110][0m
2026-08-12 20:53:34,518 [ERROR] django.channels.server: [35;1mHTTP POST /api/v1/webhooks/stripe/ 500 [2.95, 127.0.0.1:60114][0m
2026-08-12 20:53:34,528 [ERROR] django.channels.server: [35;1mHTTP POST /api/v1/webhooks/stripe/ 500 [2.92, 127.0.0.1:60117][0m
2026-08-12 20:53:34,544 [ERROR] django.channels.server: [35;1mHTTP POST /api/v1/webhooks/stripe/ 500 [3.15, 127.0.0.1:60107][0m
2026-08-12 20:53:36,617 [ERROR] django.channels.server: [35;1mHTTP POST /api/v1/webhooks/stripe/ 500 [2.59, 127.0.0.1:51489][0m
2026-08-12 20:54:15,496 [INFO] django.utils.autoreload: Watching for file changes with StatReloader
2026-08-12 20:54:18,486 [INFO] daphne.server: HTTP/2 support not enabled (install the http2 and tls Twisted extras)
2026-08-12 20:54:18,486 [INFO] daphne.server: Configuring endpoint tcp:port=8000:interface=127.0.0.1
2026-08-12 20:54:18,486 [INFO] daphne.server: Listening on TCP address 127.0.0.1:8000
2026-08-12 20:54:22,749 [INFO] stripe: message='Request to Stripe api' method=post url=https://api.stripe.com/v1/checkout/sessions
2026-08-12 20:54:25,436 [INFO] stripe: message='Stripe API response' path=https://api.stripe.com/v1/checkout/sessions response_code=200
2026-08-12 20:54:25,504 [INFO] django.channels.server: [mHTTP POST /api/v1/payment/initiate/9/booking/ 201 [5.28, 127.0.0.1:65090][0m
2026-08-12 20:55:09,498 [WARNING] django.channels.server: [33mHTTP GET /api/v1/payments/success/ 404 [0.06, 127.0.0.1:61460][0m
2026-08-12 20:55:10,239 [ERROR] django.channels.server: [35;1mHTTP POST /api/v1/webhooks/stripe/ 500 [2.45, 127.0.0.1:58495][0m
2026-08-12 20:55:10,243 [ERROR] django.channels.server: [35;1mHTTP POST /api/v1/webhooks/stripe/ 500 [2.45, 127.0.0.1:58496][0m
2026-08-12 20:55:10,465 [ERROR] django.channels.server: [35;1mHTTP POST /api/v1/webhooks/stripe/ 500 [2.30, 127.0.0.1:58500][0m
2026-08-12 20:55:10,872 [ERROR] django.channels.server: [35;1mHTTP POST /api/v1/webhooks/stripe/ 500 [2.28, 127.0.0.1:58503][0m
2026-08-12 20:55:12,015 [ERROR] django.channels.server: [35;1mHTTP POST /api/v1/webhooks/stripe/ 500 [2.24, 127.0.0.1:55318][0m
2026-08-12 20:59:17,221 [INFO] django.utils.autoreload: C:\Users\Mictovic\projects\tutor_platform\tutor_platform\payment\gateways\stripes_gateway.py changed, reloading.
2026-08-12 20:59:22,159 [INFO] django.utils.autoreload: Watching for file changes with StatReloader
2026-08-12 20:59:25,692 [INFO] daphne.server: HTTP/2 support not enabled (install the http2 and tls Twisted extras)
2026-08-12 20:59:25,696 [INFO] daphne.server: Configuring endpoint tcp:port=8000:interface=127.0.0.1
2026-08-12 20:59:25,699 [INFO] daphne.server: Listening on TCP address 127.0.0.1:8000
2026-08-12 20:59:31,748 [INFO] django.utils.autoreload: C:\Users\Mictovic\projects\tutor_platform\tutor_platform\payment\gateways\stripes_gateway.py changed, reloading.
2026-08-12 20:59:37,424 [INFO] django.utils.autoreload: Watching for file changes with StatReloader
2026-08-12 20:59:40,935 [INFO] daphne.server: HTTP/2 support not enabled (install the http2 and tls Twisted extras)
2026-08-12 20:59:40,935 [INFO] daphne.server: Configuring endpoint tcp:port=8000:interface=127.0.0.1
2026-08-12 20:59:40,939 [INFO] daphne.server: Listening on TCP address 127.0.0.1:8000
2026-08-12 20:59:46,381 [INFO] django.utils.autoreload: C:\Users\Mictovic\projects\tutor_platform\tutor_platform\payment\gateways\stripes_gateway.py changed, reloading.
2026-08-12 20:59:51,146 [INFO] django.utils.autoreload: Watching for file changes with StatReloader
2026-08-12 20:59:54,818 [INFO] daphne.server: HTTP/2 support not enabled (install the http2 and tls Twisted extras)
2026-08-12 20:59:54,818 [INFO] daphne.server: Configuring endpoint tcp:port=8000:interface=127.0.0.1
2026-08-12 20:59:54,821 [INFO] daphne.server: Listening on TCP address 127.0.0.1:8000
2026-08-12 21:00:01,261 [INFO] stripe: message='Request to Stripe api' method=post url=https://api.stripe.com/v1/checkout/sessions
2026-08-12 21:00:04,073 [INFO] stripe: message='Stripe API response' path=https://api.stripe.com/v1/checkout/sessions response_code=200
2026-08-12 21:00:04,146 [INFO] django.channels.server: [mHTTP POST /api/v1/payment/initiate/9/booking/ 201 [5.57, 127.0.0.1:59229][0m
2026-08-12 21:00:41,992 [ERROR] django.channels.server: [35;1mHTTP POST /api/v1/webhooks/stripe/ 500 [2.54, 127.0.0.1:56129][0m
2026-08-12 21:00:42,362 [ERROR] django.channels.server: [35;1mHTTP POST /api/v1/webhooks/stripe/ 500 [2.53, 127.0.0.1:56136][0m
2026-08-12 21:00:42,410 [ERROR] django.channels.server: [35;1mHTTP POST /api/v1/webhooks/stripe/ 500 [2.58, 127.0.0.1:56134][0m
2026-08-12 21:00:42,417 [ERROR] django.channels.server: [35;1mHTTP POST /api/v1/webhooks/stripe/ 500 [2.59, 127.0.0.1:56132][0m
2026-08-12 21:00:42,428 [WARNING] django.channels.server: [33mHTTP GET /api/v1/payments/success/ 404 [0.09, 127.0.0.1:58355][0m
2026-08-12 21:00:44,731 [ERROR] django.channels.server: [35;1mHTTP POST /api/v1/webhooks/stripe/ 500 [2.25, 127.0.0.1:56136][0m
2026-08-12 21:01:13,779 [INFO] django.utils.autoreload: C:\Users\Mictovic\projects\tutor_platform\tutor_platform\payment\gateways\stripes_gateway.py changed, reloading.
2026-08-12 21:01:18,518 [INFO] django.utils.autoreload: Watching for file changes with StatReloader
2026-08-12 21:01:21,843 [INFO] daphne.server: HTTP/2 support not enabled (install the http2 and tls Twisted extras)
2026-08-12 21:01:21,845 [INFO] daphne.server: Configuring endpoint tcp:port=8000:interface=127.0.0.1
2026-08-12 21:01:21,848 [INFO] daphne.server: Listening on TCP address 127.0.0.1:8000
2026-08-12 21:01:36,828 [INFO] stripe: message='Request to Stripe api' method=post url=https://api.stripe.com/v1/checkout/sessions
2026-08-12 21:01:40,223 [INFO] stripe: message='Stripe API response' path=https://api.stripe.com/v1/checkout/sessions response_code=200
2026-08-12 21:01:40,266 [INFO] django.channels.server: [mHTTP POST /api/v1/payment/initiate/9/booking/ 201 [5.97, 127.0.0.1:52616][0m
2026-08-12 21:02:48,282 [WARNING] django.channels.server: [33mHTTP GET /api/v1/payments/success/ 404 [0.05, 127.0.0.1:56938][0m
2026-08-12 21:02:49,125 [ERROR] django.channels.server: [35;1mHTTP POST /api/v1/webhooks/stripe/ 500 [2.88, 127.0.0.1:49995][0m
2026-08-12 21:02:49,160 [ERROR] django.channels.server: [35;1mHTTP POST /api/v1/webhooks/stripe/ 500 [2.93, 127.0.0.1:49993][0m
2026-08-12 21:02:49,180 [ERROR] django.channels.server: [35;1mHTTP POST /api/v1/webhooks/stripe/ 500 [2.68, 127.0.0.1:50060][0m
2026-08-12 21:02:49,183 [ERROR] django.channels.server: [35;1mHTTP POST /api/v1/webhooks/stripe/ 500 [2.95, 127.0.0.1:49994][0m
2026-08-12 21:02:50,916 [ERROR] django.channels.server: [35;1mHTTP POST /api/v1/webhooks/stripe/ 500 [2.26, 127.0.0.1:49192][0m
2026-08-12 21:05:58,077 [INFO] django.utils.autoreload: C:\Users\Mictovic\projects\tutor_platform\tutor_platform\payment\gateways\stripes_gateway.py changed, reloading.
2026-08-12 21:06:03,859 [INFO] django.utils.autoreload: Watching for file changes with StatReloader
2026-08-12 21:06:07,632 [INFO] daphne.server: HTTP/2 support not enabled (install the http2 and tls Twisted extras)
2026-08-12 21:06:07,632 [INFO] daphne.server: Configuring endpoint tcp:port=8000:interface=127.0.0.1
2026-08-12 21:06:07,632 [INFO] daphne.server: Listening on TCP address 127.0.0.1:8000
2026-08-12 21:07:56,493 [INFO] django.utils.autoreload: C:\Users\Mictovic\projects\tutor_platform\tutor_platform\payment\gateways\stripes_gateway.py changed, reloading.
2026-08-12 21:08:01,504 [INFO] django.utils.autoreload: Watching for file changes with StatReloader
2026-08-12 21:08:07,343 [INFO] django.utils.autoreload: C:\Users\Mictovic\projects\tutor_platform\tutor_platform\payment\gateways\stripes_gateway.py changed, reloading.
2026-08-12 21:08:12,904 [INFO] django.utils.autoreload: Watching for file changes with StatReloader
2026-08-12 21:08:16,285 [INFO] daphne.server: HTTP/2 support not enabled (install the http2 and tls Twisted extras)
2026-08-12 21:08:16,294 [INFO] daphne.server: Configuring endpoint tcp:port=8000:interface=127.0.0.1
2026-08-12 21:08:16,294 [INFO] daphne.server: Listening on TCP address 127.0.0.1:8000
2026-08-12 21:08:22,863 [INFO] stripe: message='Request to Stripe api' method=post url=https://api.stripe.com/v1/checkout/sessions
2026-08-12 21:08:25,137 [INFO] stripe: message='Stripe API response' path=https://api.stripe.com/v1/checkout/sessions response_code=200
2026-08-12 21:08:25,213 [INFO] django.channels.server: [mHTTP POST /api/v1/payment/initiate/9/booking/ 201 [4.96, 127.0.0.1:49714][0m
2026-08-12 21:09:20,694 [ERROR] django.channels.server: [35;1mHTTP POST /api/v1/webhooks/stripe/ 500 [2.36, 127.0.0.1:56490][0m
2026-08-12 21:09:21,204 [ERROR] django.channels.server: [35;1mHTTP POST /api/v1/webhooks/stripe/ 500 [2.30, 127.0.0.1:56493][0m
2026-08-12 21:09:21,362 [WARNING] django.channels.server: [33mHTTP GET /api/v1/payments/success/ 404 [0.04, 127.0.0.1:55463][0m
2026-08-12 21:09:21,803 [ERROR] django.channels.server: [35;1mHTTP POST /api/v1/webhooks/stripe/ 500 [2.40, 127.0.0.1:56498][0m
2026-08-12 21:09:21,810 [ERROR] django.channels.server: [35;1mHTTP POST /api/v1/webhooks/stripe/ 500 [2.41, 127.0.0.1:56497][0m
2026-08-12 21:09:24,233 [ERROR] django.channels.server: [35;1mHTTP POST /api/v1/webhooks/stripe/ 500 [2.21, 127.0.0.1:56493][0m
2026-08-12 21:11:13,175 [INFO] django.utils.autoreload: C:\Users\Mictovic\projects\tutor_platform\tutor_platform\payment\gateways\stripes_gateway.py changed, reloading.
2026-08-12 21:11:19,644 [INFO] django.utils.autoreload: Watching for file changes with StatReloader
2026-08-12 21:11:23,400 [INFO] daphne.server: HTTP/2 support not enabled (install the http2 and tls Twisted extras)
2026-08-12 21:11:23,405 [INFO] daphne.server: Configuring endpoint tcp:port=8000:interface=127.0.0.1
2026-08-12 21:11:23,405 [INFO] daphne.server: Listening on TCP address 127.0.0.1:8000
2026-08-12 21:11:24,823 [INFO] django.utils.autoreload: C:\Users\Mictovic\projects\tutor_platform\tutor_platform\payment\gateways\stripes_gateway.py changed, reloading.
2026-08-12 21:11:30,807 [INFO] django.utils.autoreload: Watching for file changes with StatReloader
2026-08-12 21:11:34,486 [INFO] daphne.server: HTTP/2 support not enabled (install the http2 and tls Twisted extras)
2026-08-12 21:11:34,486 [INFO] daphne.server: Configuring endpoint tcp:port=8000:interface=127.0.0.1
2026-08-12 21:11:34,488 [INFO] daphne.server: Listening on TCP address 127.0.0.1:8000
2026-08-12 21:11:42,037 [INFO] django.utils.autoreload: C:\Users\Mictovic\projects\tutor_platform\tutor_platform\payment\gateways\stripes_gateway.py changed, reloading.
2026-08-12 21:11:48,188 [INFO] django.utils.autoreload: Watching for file changes with StatReloader
2026-08-12 21:11:52,217 [INFO] daphne.server: HTTP/2 support not enabled (install the http2 and tls Twisted extras)
2026-08-12 21:11:52,219 [INFO] daphne.server: Configuring endpoint tcp:port=8000:interface=127.0.0.1
2026-08-12 21:11:52,220 [INFO] daphne.server: Listening on TCP address 127.0.0.1:8000
2026-08-12 21:11:53,383 [INFO] django.utils.autoreload: C:\Users\Mictovic\projects\tutor_platform\tutor_platform\payment\gateways\stripes_gateway.py changed, reloading.
2026-08-12 21:11:59,009 [INFO] django.utils.autoreload: Watching for file changes with StatReloader
2026-08-12 21:12:03,199 [INFO] daphne.server: HTTP/2 support not enabled (install the http2 and tls Twisted extras)
2026-08-12 21:12:03,199 [INFO] daphne.server: Configuring endpoint tcp:port=8000:interface=127.0.0.1
2026-08-12 21:12:03,199 [INFO] daphne.server: Listening on TCP address 127.0.0.1:8000
2026-08-12 21:12:17,700 [INFO] stripe: message='Request to Stripe api' method=post url=https://api.stripe.com/v1/checkout/sessions
2026-08-12 21:12:19,918 [INFO] stripe: message='Stripe API response' path=https://api.stripe.com/v1/checkout/sessions response_code=200
2026-08-12 21:12:20,054 [INFO] django.channels.server: [mHTTP POST /api/v1/payment/initiate/9/booking/ 201 [5.09, 127.0.0.1:58534][0m
2026-08-12 21:13:16,462 [WARNING] django.channels.server: [33mHTTP GET /api/v1/payments/success/ 404 [0.06, 127.0.0.1:49899][0m
2026-08-12 21:13:16,972 [ERROR] django.channels.server: [35;1mHTTP POST /api/v1/webhooks/stripe/ 500 [2.51, 127.0.0.1:56425][0m
2026-08-12 21:13:17,423 [ERROR] django.channels.server: [35;1mHTTP POST /api/v1/webhooks/stripe/ 500 [2.54, 127.0.0.1:56430][0m
2026-08-12 21:13:17,522 [ERROR] django.channels.server: [35;1mHTTP POST /api/v1/webhooks/stripe/ 500 [2.64, 127.0.0.1:56429][0m
2026-08-12 21:13:18,259 [ERROR] django.channels.server: [35;1mHTTP POST /api/v1/webhooks/stripe/ 500 [2.29, 127.0.0.1:56434][0m
2026-08-12 21:13:19,255 [ERROR] django.channels.server: [35;1mHTTP POST /api/v1/webhooks/stripe/ 500 [2.34, 127.0.0.1:62406][0m
2026-08-12 21:13:41,539 [INFO] django.utils.autoreload: C:\Users\Mictovic\projects\tutor_platform\tutor_platform\payment\gateways\stripes_gateway.py changed, reloading.
2026-08-12 21:13:46,851 [INFO] django.utils.autoreload: Watching for file changes with StatReloader
2026-08-12 21:13:50,561 [INFO] daphne.server: HTTP/2 support not enabled (install the http2 and tls Twisted extras)
2026-08-12 21:13:50,561 [INFO] daphne.server: Configuring endpoint tcp:port=8000:interface=127.0.0.1
2026-08-12 21:13:50,571 [INFO] daphne.server: Listening on TCP address 127.0.0.1:8000
2026-08-12 21:13:51,832 [INFO] django.utils.autoreload: C:\Users\Mictovic\projects\tutor_platform\tutor_platform\payment\gateways\stripes_gateway.py changed, reloading.
2026-08-12 21:13:56,681 [INFO] django.utils.autoreload: Watching for file changes with StatReloader
2026-08-12 21:14:00,332 [INFO] daphne.server: HTTP/2 support not enabled (install the http2 and tls Twisted extras)
2026-08-12 21:14:00,333 [INFO] daphne.server: Configuring endpoint tcp:port=8000:interface=127.0.0.1
2026-08-12 21:14:00,333 [INFO] daphne.server: Listening on TCP address 127.0.0.1:8000
2026-08-12 21:14:01,098 [INFO] django.utils.autoreload: C:\Users\Mictovic\projects\tutor_platform\tutor_platform\payment\gateways\stripes_gateway.py changed, reloading.
2026-08-12 21:14:05,981 [INFO] django.utils.autoreload: Watching for file changes with StatReloader
2026-08-12 21:14:09,200 [INFO] daphne.server: HTTP/2 support not enabled (install the http2 and tls Twisted extras)
2026-08-12 21:14:09,200 [INFO] daphne.server: Configuring endpoint tcp:port=8000:interface=127.0.0.1
2026-08-12 21:14:09,200 [INFO] daphne.server: Listening on TCP address 127.0.0.1:8000
2026-08-12 21:14:42,611 [INFO] stripe: message='Request to Stripe api' method=post url=https://api.stripe.com/v1/checkout/sessions
2026-08-12 21:14:45,216 [INFO] stripe: message='Stripe API response' path=https://api.stripe.com/v1/checkout/sessions response_code=200
2026-08-12 21:14:45,306 [INFO] django.channels.server: [mHTTP POST /api/v1/payment/initiate/9/booking/ 201 [5.16, 127.0.0.1:58629][0m
2026-08-12 21:15:21,807 [WARNING] django.channels.server: [33mHTTP GET /api/v1/payments/success/ 404 [0.08, 127.0.0.1:54780][0m
2026-08-12 21:15:23,159 [ERROR] django.channels.server: [35;1mHTTP POST /api/v1/webhooks/stripe/ 500 [2.93, 127.0.0.1:56406][0m
2026-08-12 21:15:23,199 [ERROR] django.channels.server: [35;1mHTTP POST /api/v1/webhooks/stripe/ 500 [2.96, 127.0.0.1:56407][0m
2026-08-12 21:15:23,219 [ERROR] django.channels.server: [35;1mHTTP POST /api/v1/webhooks/stripe/ 500 [2.87, 127.0.0.1:56413][0m
2026-08-12 21:15:23,219 [ERROR] django.channels.server: [35;1mHTTP POST /api/v1/webhooks/stripe/ 500 [2.89, 127.0.0.1:56411][0m
2026-08-12 21:15:24,385 [ERROR] django.channels.server: [35;1mHTTP POST /api/v1/webhooks/stripe/ 500 [2.20, 127.0.0.1:60312][0m
2026-08-12 21:18:36,529 [INFO] django.utils.autoreload: C:\Users\Mictovic\projects\tutor_platform\tutor_platform\payment\gateways\stripes_gateway.py changed, reloading.
2026-08-12 21:18:42,812 [INFO] django.utils.autoreload: Watching for file changes with StatReloader
2026-08-12 21:18:59,830 [INFO] django.utils.autoreload: C:\Users\Mictovic\projects\tutor_platform\tutor_platform\payment\gateways\stripes_gateway.py changed, reloading.
2026-08-12 21:19:06,972 [INFO] django.utils.autoreload: Watching for file changes with StatReloader
2026-08-12 21:19:10,968 [INFO] daphne.server: HTTP/2 support not enabled (install the http2 and tls Twisted extras)
2026-08-12 21:19:10,970 [INFO] daphne.server: Configuring endpoint tcp:port=8000:interface=127.0.0.1
2026-08-12 21:19:10,973 [INFO] daphne.server: Listening on TCP address 127.0.0.1:8000
2026-08-12 21:19:16,524 [INFO] stripe: message='Request to Stripe api' method=post url=https://api.stripe.com/v1/checkout/sessions
2026-08-12 21:19:18,747 [INFO] stripe: message='Stripe API response' path=https://api.stripe.com/v1/checkout/sessions response_code=200
2026-08-12 21:19:18,824 [INFO] django.channels.server: [mHTTP POST /api/v1/payment/initiate/9/booking/ 201 [5.03, 127.0.0.1:54324][0m
2026-08-12 21:20:06,526 [WARNING] django.channels.server: [33mHTTP GET /api/v1/payments/success/ 404 [0.14, 127.0.0.1:53496][0m
2026-08-12 21:20:06,976 [ERROR] django.channels.server: [35;1mHTTP POST /api/v1/webhooks/stripe/ 500 [2.81, 127.0.0.1:58545][0m
2026-08-12 21:20:07,003 [ERROR] django.channels.server: [35;1mHTTP POST /api/v1/webhooks/stripe/ 500 [2.72, 127.0.0.1:58548][0m
2026-08-12 21:20:07,025 [ERROR] django.channels.server: [35;1mHTTP POST /api/v1/webhooks/stripe/ 500 [2.57, 127.0.0.1:58551][0m
2026-08-12 21:20:07,033 [ERROR] django.channels.server: [35;1mHTTP POST /api/v1/webhooks/stripe/ 500 [2.55, 127.0.0.1:58553][0m
2026-08-12 21:20:09,000 [ERROR] django.channels.server: [35;1mHTTP POST /api/v1/webhooks/stripe/ 500 [2.30, 127.0.0.1:58519][0m
2026-08-12 21:25:41,733 [INFO] django.utils.autoreload: C:\Users\Mictovic\projects\tutor_platform\tutor_platform\payment\services.py changed, reloading.
2026-08-12 21:25:49,198 [INFO] django.utils.autoreload: Watching for file changes with StatReloader
2026-08-12 21:25:52,939 [INFO] daphne.server: HTTP/2 support not enabled (install the http2 and tls Twisted extras)
2026-08-12 21:25:52,943 [INFO] daphne.server: Configuring endpoint tcp:port=8000:interface=127.0.0.1
2026-08-12 21:25:52,943 [INFO] daphne.server: Listening on TCP address 127.0.0.1:8000
2026-08-12 21:26:00,377 [INFO] django.utils.autoreload: C:\Users\Mictovic\projects\tutor_platform\tutor_platform\payment\services.py changed, reloading.
2026-08-12 21:26:05,965 [INFO] django.utils.autoreload: Watching for file changes with StatReloader
2026-08-12 21:26:09,442 [INFO] daphne.server: HTTP/2 support not enabled (install the http2 and tls Twisted extras)
2026-08-12 21:26:09,442 [INFO] daphne.server: Configuring endpoint tcp:port=8000:interface=127.0.0.1
2026-08-12 21:26:09,448 [INFO] daphne.server: Listening on TCP address 127.0.0.1:8000
2026-08-12 21:26:20,397 [INFO] django.utils.autoreload: C:\Users\Mictovic\projects\tutor_platform\tutor_platform\payment\gateways\stripes_gateway.py changed, reloading.
2026-08-12 21:26:25,257 [INFO] django.utils.autoreload: Watching for file changes with StatReloader
2026-08-12 21:26:29,110 [INFO] daphne.server: HTTP/2 support not enabled (install the http2 and tls Twisted extras)
2026-08-12 21:26:29,110 [INFO] daphne.server: Configuring endpoint tcp:port=8000:interface=127.0.0.1
2026-08-12 21:26:29,114 [INFO] daphne.server: Listening on TCP address 127.0.0.1:8000
2026-08-12 21:26:41,562 [INFO] stripe: message='Request to Stripe api' method=post url=https://api.stripe.com/v1/checkout/sessions
2026-08-12 21:26:43,659 [INFO] stripe: message='Stripe API response' path=https://api.stripe.com/v1/checkout/sessions response_code=200
2026-08-12 21:26:43,701 [INFO] django.channels.server: [mHTTP POST /api/v1/payment/initiate/9/booking/ 201 [4.62, 127.0.0.1:58008][0m
2026-08-12 21:27:26,482 [WARNING] django.channels.server: [33mHTTP GET /api/v1/payments/success/ 404 [0.06, 127.0.0.1:55240][0m
2026-08-12 21:27:27,508 [ERROR] django.channels.server: [35;1mHTTP POST /api/v1/webhooks/stripe/ 500 [2.76, 127.0.0.1:53256][0m
2026-08-12 21:27:27,692 [ERROR] django.channels.server: [35;1mHTTP POST /api/v1/webhooks/stripe/ 500 [2.94, 127.0.0.1:53255][0m
2026-08-12 21:27:27,826 [ERROR] django.channels.server: [35;1mHTTP POST /api/v1/webhooks/stripe/ 500 [2.80, 127.0.0.1:63365][0m
2026-08-12 21:27:27,850 [ERROR] django.channels.server: [35;1mHTTP POST /api/v1/webhooks/stripe/ 500 [2.78, 127.0.0.1:63367][0m
2026-08-12 21:27:29,628 [ERROR] django.channels.server: [35;1mHTTP POST /api/v1/webhooks/stripe/ 500 [2.31, 127.0.0.1:62764][0m
2026-08-12 21:28:09,196 [INFO] stripe: message='Request to Stripe api' method=post url=https://api.stripe.com/v1/checkout/sessions
2026-08-12 21:28:12,228 [INFO] stripe: message='Stripe API response' path=https://api.stripe.com/v1/checkout/sessions response_code=200
2026-08-12 21:28:12,282 [INFO] django.channels.server: [mHTTP POST /api/v1/payment/initiate/9/booking/ 201 [5.31, 127.0.0.1:55793][0m
2026-08-12 21:29:21,385 [ERROR] django.channels.server: [35;1mHTTP POST /api/v1/webhooks/stripe/ 500 [2.30, 127.0.0.1:54962][0m
2026-08-12 21:29:21,431 [WARNING] django.channels.server: [33mHTTP GET /api/v1/payments/success/ 404 [0.10, 127.0.0.1:59977][0m
2026-08-12 21:29:21,595 [ERROR] django.channels.server: [35;1mHTTP POST /api/v1/webhooks/stripe/ 500 [2.47, 127.0.0.1:54965][0m
2026-08-12 21:29:21,597 [ERROR] django.channels.server: [35;1mHTTP POST /api/v1/webhooks/stripe/ 500 [2.40, 127.0.0.1:54968][0m
2026-08-12 21:29:21,881 [ERROR] django.channels.server: [35;1mHTTP POST /api/v1/webhooks/stripe/ 500 [2.26, 127.0.0.1:54971][0m
2026-08-12 21:29:23,712 [ERROR] django.channels.server: [35;1mHTTP POST /api/v1/webhooks/stripe/ 500 [2.29, 127.0.0.1:54962][0m
2026-08-12 21:30:30,749 [INFO] django.utils.autoreload: C:\Users\Mictovic\projects\tutor_platform\tutor_platform\payment\gateways\stripes_gateway.py changed, reloading.
2026-08-12 21:30:35,918 [INFO] django.utils.autoreload: Watching for file changes with StatReloader
2026-08-12 21:30:39,663 [INFO] daphne.server: HTTP/2 support not enabled (install the http2 and tls Twisted extras)
2026-08-12 21:30:39,663 [INFO] daphne.server: Configuring endpoint tcp:port=8000:interface=127.0.0.1
2026-08-12 21:30:39,663 [INFO] daphne.server: Listening on TCP address 127.0.0.1:8000
2026-08-12 21:30:45,770 [INFO] stripe: message='Request to Stripe api' method=post url=https://api.stripe.com/v1/checkout/sessions
2026-08-12 21:30:47,879 [INFO] stripe: message='Stripe API response' path=https://api.stripe.com/v1/checkout/sessions response_code=200
2026-08-12 21:30:47,944 [INFO] django.channels.server: [mHTTP POST /api/v1/payment/initiate/9/booking/ 201 [4.88, 127.0.0.1:62851][0m
2026-08-12 21:31:38,506 [WARNING] django.channels.server: [33mHTTP GET /api/v1/payments/success/ 404 [0.12, 127.0.0.1:57026][0m
2026-08-12 21:31:39,020 [INFO] django.channels.server: [mHTTP POST /api/v1/webhooks/stripe/ 200 [2.41, 127.0.0.1:50799][0m
2026-08-12 21:31:39,023 [INFO] django.channels.server: [mHTTP POST /api/v1/webhooks/stripe/ 200 [2.31, 127.0.0.1:50802][0m
2026-08-12 21:31:39,088 [INFO] django.channels.server: [mHTTP POST /api/v1/webhooks/stripe/ 200 [2.29, 127.0.0.1:50808][0m
2026-08-12 21:31:39,136 [INFO] django.channels.server: [mHTTP POST /api/v1/webhooks/stripe/ 200 [2.40, 127.0.0.1:50804][0m
2026-08-12 21:31:41,260 [INFO] django.channels.server: [mHTTP POST /api/v1/webhooks/stripe/ 200 [2.19, 127.0.0.1:50802][0m
2026-08-12 21:36:05,176 [INFO] django.utils.autoreload: C:\Users\Mictovic\projects\tutor_platform\tutor_platform\payment\services.py changed, reloading.
2026-08-12 21:36:10,259 [INFO] django.utils.autoreload: Watching for file changes with StatReloader
2026-08-12 21:36:16,935 [INFO] django.utils.autoreload: C:\Users\Mictovic\projects\tutor_platform\tutor_platform\payment\services.py changed, reloading.
2026-08-12 21:36:22,503 [INFO] django.utils.autoreload: Watching for file changes with StatReloader
2026-08-12 21:36:26,013 [INFO] daphne.server: HTTP/2 support not enabled (install the http2 and tls Twisted extras)
2026-08-12 21:36:26,013 [INFO] daphne.server: Configuring endpoint tcp:port=8000:interface=127.0.0.1
2026-08-12 21:36:26,013 [INFO] daphne.server: Listening on TCP address 127.0.0.1:8000
2026-08-12 21:37:19,405 [INFO] django.channels.server: [mHTTP GET /admin/bookings/booking/ 200 [2.77, 127.0.0.1:55789][0m
2026-08-12 21:37:30,724 [INFO] django.channels.server: [mHTTP GET /admin/bookings/booking/9/change/ 200 [2.55, 127.0.0.1:54974][0m
2026-08-12 21:37:33,088 [INFO] django.channels.server: [mHTTP GET /admin/jsi18n/ 200 [2.25, 127.0.0.1:54974][0m
2026-08-12 21:38:02,759 [ERROR] django.channels.server: [35;1mHTTP POST /api/v1/payment/initiate/9/booking/ 500 [4.67, 127.0.0.1:49678][0m
2026-08-12 21:38:10,577 [INFO] django.channels.server: [32mHTTP POST /admin/bookings/booking/9/change/ 302 [2.36, 127.0.0.1:54974][0m
2026-08-12 21:38:12,986 [INFO] django.channels.server: [mHTTP GET /admin/bookings/booking/ 200 [2.39, 127.0.0.1:54974][0m
2026-08-12 21:38:15,282 [INFO] django.channels.server: [mHTTP GET /admin/jsi18n/ 200 [2.20, 127.0.0.1:54974][0m
2026-08-12 21:38:59,854 [INFO] stripe: message='Request to Stripe api' method=post url=https://api.stripe.com/v1/checkout/sessions
2026-08-12 21:39:01,148 [INFO] stripe: message='Stripe API response' path=https://api.stripe.com/v1/checkout/sessions response_code=200
2026-08-12 21:39:01,171 [INFO] django.channels.server: [mHTTP POST /api/v1/payment/initiate/9/booking/ 201 [3.52, 127.0.0.1:49678][0m
2026-08-12 21:39:54,225 [INFO] django.channels.server: [mHTTP POST /api/v1/webhooks/stripe/ 200 [2.19, 127.0.0.1:50791][0m
2026-08-12 21:39:54,699 [INFO] django.channels.server: [mHTTP POST /api/v1/webhooks/stripe/ 200 [2.26, 127.0.0.1:50799][0m
2026-08-12 21:39:54,702 [INFO] django.channels.server: [mHTTP POST /api/v1/webhooks/stripe/ 200 [2.26, 127.0.0.1:50798][0m
2026-08-12 21:39:54,718 [INFO] django.channels.server: [mHTTP POST /api/v1/webhooks/stripe/ 200 [2.27, 127.0.0.1:50801][0m
2026-08-12 21:39:56,351 [WARNING] django.channels.server: [33mHTTP GET /api/v1/payments/success/ 404 [0.02, 127.0.0.1:49381][0m
2026-08-12 21:39:56,579 [INFO] django.channels.server: [mHTTP POST /api/v1/webhooks/stripe/ 200 [2.15, 127.0.0.1:50791][0m
2026-08-12 21:40:14,628 [INFO] django.channels.server: [mHTTP GET /admin/bookings/booking/ 200 [2.41, 127.0.0.1:49381][0m
2026-08-12 21:40:16,880 [INFO] django.channels.server: [mHTTP GET /admin/jsi18n/ 200 [2.20, 127.0.0.1:49381][0m
2026-08-12 21:58:16,368 [INFO] django.utils.autoreload: Watching for file changes with StatReloader
2026-08-12 21:58:19,245 [INFO] daphne.server: HTTP/2 support not enabled (install the http2 and tls Twisted extras)
2026-08-12 21:58:19,245 [INFO] daphne.server: Configuring endpoint tcp:port=8000:interface=127.0.0.1
2026-08-12 21:58:19,245 [INFO] daphne.server: Listening on TCP address 127.0.0.1:8000
2026-08-12 21:59:33,980 [INFO] django.utils.autoreload: C:\Users\Mictovic\projects\tutor_platform\tutor_platform\payment\urls.py changed, reloading.
2026-08-12 21:59:38,986 [INFO] django.utils.autoreload: Watching for file changes with StatReloader
2026-08-12 21:59:41,507 [INFO] django.utils.autoreload: C:\Users\Mictovic\projects\tutor_platform\tutor_platform\payment\urls.py changed, reloading.
2026-08-12 21:59:44,100 [INFO] django.utils.autoreload: Watching for file changes with StatReloader
2026-08-12 21:59:46,945 [INFO] daphne.server: HTTP/2 support not enabled (install the http2 and tls Twisted extras)
2026-08-12 21:59:46,948 [INFO] daphne.server: Configuring endpoint tcp:port=8000:interface=127.0.0.1
2026-08-12 21:59:46,950 [INFO] daphne.server: Listening on TCP address 127.0.0.1:8000
2026-08-12 21:59:53,550 [INFO] django.utils.autoreload: C:\Users\Mictovic\projects\tutor_platform\tutor_platform\payment\views.py changed, reloading.
2026-08-12 21:59:55,530 [INFO] django.utils.autoreload: Watching for file changes with StatReloader
2026-08-12 22:00:01,773 [INFO] django.utils.autoreload: C:\Users\Mictovic\projects\tutor_platform\tutor_platform\payment\views.py changed, reloading.
2026-08-12 22:00:03,784 [INFO] django.utils.autoreload: Watching for file changes with StatReloader
2026-08-12 22:00:11,083 [INFO] django.utils.autoreload: C:\Users\Mictovic\projects\tutor_platform\tutor_platform\payment\views.py changed, reloading.
2026-08-12 22:00:13,015 [INFO] django.utils.autoreload: Watching for file changes with StatReloader
2026-08-12 22:00:15,719 [INFO] daphne.server: HTTP/2 support not enabled (install the http2 and tls Twisted extras)
2026-08-12 22:00:15,719 [INFO] daphne.server: Configuring endpoint tcp:port=8000:interface=127.0.0.1
2026-08-12 22:00:15,719 [INFO] daphne.server: Listening on TCP address 127.0.0.1:8000
2026-08-12 22:00:18,898 [INFO] django.utils.autoreload: C:\Users\Mictovic\projects\tutor_platform\tutor_platform\payment\views.py changed, reloading.
2026-08-12 22:00:20,817 [INFO] django.utils.autoreload: Watching for file changes with StatReloader
2026-08-12 22:00:23,582 [INFO] daphne.server: HTTP/2 support not enabled (install the http2 and tls Twisted extras)
2026-08-12 22:00:23,583 [INFO] daphne.server: Configuring endpoint tcp:port=8000:interface=127.0.0.1
2026-08-12 22:00:23,583 [INFO] daphne.server: Listening on TCP address 127.0.0.1:8000
2026-08-12 22:00:27,594 [INFO] django.utils.autoreload: C:\Users\Mictovic\projects\tutor_platform\tutor_platform\payment\views.py changed, reloading.
2026-08-12 22:00:29,530 [INFO] django.utils.autoreload: Watching for file changes with StatReloader
2026-08-12 22:00:31,801 [INFO] django.utils.autoreload: C:\Users\Mictovic\projects\tutor_platform\tutor_platform\payment\views.py changed, reloading.
2026-08-12 22:00:33,621 [INFO] django.utils.autoreload: Watching for file changes with StatReloader
2026-08-12 22:00:36,231 [INFO] daphne.server: HTTP/2 support not enabled (install the http2 and tls Twisted extras)
2026-08-12 22:00:36,231 [INFO] daphne.server: Configuring endpoint tcp:port=8000:interface=127.0.0.1
2026-08-12 22:00:36,231 [INFO] daphne.server: Listening on TCP address 127.0.0.1:8000
2026-08-12 22:00:41,665 [INFO] django.utils.autoreload: C:\Users\Mictovic\projects\tutor_platform\tutor_platform\payment\views.py changed, reloading.
2026-08-12 22:00:43,629 [INFO] django.utils.autoreload: Watching for file changes with StatReloader
2026-08-12 22:00:46,231 [INFO] daphne.server: HTTP/2 support not enabled (install the http2 and tls Twisted extras)
2026-08-12 22:00:46,233 [INFO] daphne.server: Configuring endpoint tcp:port=8000:interface=127.0.0.1
2026-08-12 22:00:46,233 [INFO] daphne.server: Listening on TCP address 127.0.0.1:8000
2026-08-12 22:01:02,331 [INFO] django.utils.autoreload: C:\Users\Mictovic\projects\tutor_platform\tutor_platform\payment\views.py changed, reloading.
2026-08-12 22:01:06,036 [INFO] django.utils.autoreload: Watching for file changes with StatReloader
2026-08-12 22:01:09,246 [INFO] daphne.server: HTTP/2 support not enabled (install the http2 and tls Twisted extras)
2026-08-12 22:01:09,246 [INFO] daphne.server: Configuring endpoint tcp:port=8000:interface=127.0.0.1
2026-08-12 22:01:09,248 [INFO] daphne.server: Listening on TCP address 127.0.0.1:8000
2026-08-12 22:01:11,718 [INFO] django.utils.autoreload: C:\Users\Mictovic\projects\tutor_platform\tutor_platform\payment\views.py changed, reloading.
2026-08-12 22:01:15,713 [INFO] django.utils.autoreload: Watching for file changes with StatReloader
2026-08-12 22:01:25,052 [INFO] django.utils.autoreload: C:\Users\Mictovic\projects\tutor_platform\tutor_platform\payment\views.py changed, reloading.
2026-08-12 22:01:27,146 [INFO] django.utils.autoreload: Watching for file changes with StatReloader
2026-08-12 22:01:28,970 [INFO] django.utils.autoreload: C:\Users\Mictovic\projects\tutor_platform\tutor_platform\payment\views.py changed, reloading.
2026-08-12 22:01:31,115 [INFO] django.utils.autoreload: Watching for file changes with StatReloader
2026-08-12 22:01:33,083 [INFO] django.utils.autoreload: C:\Users\Mictovic\projects\tutor_platform\tutor_platform\payment\views.py changed, reloading.
2026-08-12 22:01:35,198 [INFO] django.utils.autoreload: Watching for file changes with StatReloader
2026-08-12 22:01:37,937 [INFO] daphne.server: HTTP/2 support not enabled (install the http2 and tls Twisted extras)
2026-08-12 22:01:37,937 [INFO] daphne.server: Configuring endpoint tcp:port=8000:interface=127.0.0.1
2026-08-12 22:01:37,938 [INFO] daphne.server: Listening on TCP address 127.0.0.1:8000
2026-08-12 22:01:39,885 [INFO] django.utils.autoreload: C:\Users\Mictovic\projects\tutor_platform\tutor_platform\payment\views.py changed, reloading.
2026-08-12 22:01:42,753 [INFO] django.utils.autoreload: Watching for file changes with StatReloader
2026-08-12 22:01:45,436 [INFO] daphne.server: HTTP/2 support not enabled (install the http2 and tls Twisted extras)
2026-08-12 22:01:45,436 [INFO] daphne.server: Configuring endpoint tcp:port=8000:interface=127.0.0.1
2026-08-12 22:01:45,436 [INFO] daphne.server: Listening on TCP address 127.0.0.1:8000
2026-08-12 22:01:52,929 [INFO] django.utils.autoreload: C:\Users\Mictovic\projects\tutor_platform\tutor_platform\payment\views.py changed, reloading.
2026-08-12 22:01:55,309 [INFO] django.utils.autoreload: Watching for file changes with StatReloader
2026-08-12 22:01:58,370 [INFO] django.utils.autoreload: C:\Users\Mictovic\projects\tutor_platform\tutor_platform\payment\views.py changed, reloading.
2026-08-12 22:02:00,530 [INFO] django.utils.autoreload: Watching for file changes with StatReloader
2026-08-12 22:02:02,886 [INFO] django.utils.autoreload: C:\Users\Mictovic\projects\tutor_platform\tutor_platform\payment\views.py changed, reloading.
2026-08-12 22:02:05,063 [INFO] django.utils.autoreload: Watching for file changes with StatReloader
2026-08-12 22:02:14,376 [INFO] django.utils.autoreload: C:\Users\Mictovic\projects\tutor_platform\tutor_platform\payment\views.py changed, reloading.
2026-08-12 22:02:16,347 [INFO] django.utils.autoreload: Watching for file changes with StatReloader
2026-08-12 22:02:18,955 [INFO] django.utils.autoreload: C:\Users\Mictovic\projects\tutor_platform\tutor_platform\payment\views.py changed, reloading.
2026-08-12 22:02:23,301 [INFO] django.utils.autoreload: Watching for file changes with StatReloader
2026-08-12 22:02:25,984 [INFO] daphne.server: HTTP/2 support not enabled (install the http2 and tls Twisted extras)
2026-08-12 22:02:25,984 [INFO] daphne.server: Configuring endpoint tcp:port=8000:interface=127.0.0.1
2026-08-12 22:02:25,985 [INFO] daphne.server: Listening on TCP address 127.0.0.1:8000
2026-08-12 22:02:27,529 [INFO] django.utils.autoreload: C:\Users\Mictovic\projects\tutor_platform\tutor_platform\payment\views.py changed, reloading.
2026-08-12 22:02:30,247 [INFO] django.utils.autoreload: Watching for file changes with StatReloader
2026-08-12 22:02:33,105 [INFO] django.utils.autoreload: C:\Users\Mictovic\projects\tutor_platform\tutor_platform\payment\views.py changed, reloading.
2026-08-12 22:02:35,608 [INFO] django.utils.autoreload: Watching for file changes with StatReloader
2026-08-12 22:02:37,952 [INFO] django.utils.autoreload: C:\Users\Mictovic\projects\tutor_platform\tutor_platform\payment\views.py changed, reloading.
2026-08-12 22:02:39,968 [INFO] django.utils.autoreload: Watching for file changes with StatReloader
2026-08-12 22:02:42,774 [INFO] django.utils.autoreload: C:\Users\Mictovic\projects\tutor_platform\tutor_platform\payment\views.py changed, reloading.
2026-08-12 22:02:44,972 [INFO] django.utils.autoreload: Watching for file changes with StatReloader
2026-08-12 22:02:47,850 [INFO] daphne.server: HTTP/2 support not enabled (install the http2 and tls Twisted extras)
2026-08-12 22:02:47,851 [INFO] daphne.server: Configuring endpoint tcp:port=8000:interface=127.0.0.1
2026-08-12 22:02:47,851 [INFO] daphne.server: Listening on TCP address 127.0.0.1:8000
2026-08-12 22:02:49,023 [INFO] django.utils.autoreload: C:\Users\Mictovic\projects\tutor_platform\tutor_platform\payment\views.py changed, reloading.
2026-08-12 22:02:50,874 [INFO] django.utils.autoreload: Watching for file changes with StatReloader
2026-08-12 22:02:53,475 [INFO] django.utils.autoreload: C:\Users\Mictovic\projects\tutor_platform\tutor_platform\payment\views.py changed, reloading.
2026-08-12 22:02:55,979 [INFO] django.utils.autoreload: Watching for file changes with StatReloader
2026-08-12 22:02:58,676 [INFO] daphne.server: HTTP/2 support not enabled (install the http2 and tls Twisted extras)
2026-08-12 22:02:58,677 [INFO] daphne.server: Configuring endpoint tcp:port=8000:interface=127.0.0.1
2026-08-12 22:02:58,677 [INFO] daphne.server: Listening on TCP address 127.0.0.1:8000
2026-08-12 22:03:00,836 [INFO] django.utils.autoreload: C:\Users\Mictovic\projects\tutor_platform\tutor_platform\payment\views.py changed, reloading.
2026-08-12 22:03:02,687 [INFO] django.utils.autoreload: Watching for file changes with StatReloader
2026-08-12 22:03:05,360 [INFO] daphne.server: HTTP/2 support not enabled (install the http2 and tls Twisted extras)
2026-08-12 22:03:05,360 [INFO] daphne.server: Configuring endpoint tcp:port=8000:interface=127.0.0.1
2026-08-12 22:03:05,362 [INFO] daphne.server: Listening on TCP address 127.0.0.1:8000
2026-08-12 22:03:09,735 [INFO] django.utils.autoreload: C:\Users\Mictovic\projects\tutor_platform\tutor_platform\payment\views.py changed, reloading.
2026-08-12 22:03:11,506 [INFO] django.utils.autoreload: Watching for file changes with StatReloader
2026-08-12 22:03:14,147 [INFO] daphne.server: HTTP/2 support not enabled (install the http2 and tls Twisted extras)
2026-08-12 22:03:14,149 [INFO] daphne.server: Configuring endpoint tcp:port=8000:interface=127.0.0.1
2026-08-12 22:03:14,150 [INFO] daphne.server: Listening on TCP address 127.0.0.1:8000
2026-08-12 22:03:15,266 [INFO] django.utils.autoreload: C:\Users\Mictovic\projects\tutor_platform\tutor_platform\payment\views.py changed, reloading.
2026-08-12 22:03:17,214 [INFO] django.utils.autoreload: Watching for file changes with StatReloader
2026-08-12 22:03:19,719 [INFO] django.utils.autoreload: C:\Users\Mictovic\projects\tutor_platform\tutor_platform\payment\views.py changed, reloading.
2026-08-12 22:03:21,791 [INFO] django.utils.autoreload: Watching for file changes with StatReloader
2026-08-12 22:03:24,197 [INFO] django.utils.autoreload: C:\Users\Mictovic\projects\tutor_platform\tutor_platform\payment\views.py changed, reloading.
2026-08-12 22:03:26,300 [INFO] django.utils.autoreload: Watching for file changes with StatReloader
2026-08-12 22:03:29,076 [INFO] daphne.server: HTTP/2 support not enabled (install the http2 and tls Twisted extras)
2026-08-12 22:03:29,078 [INFO] daphne.server: Configuring endpoint tcp:port=8000:interface=127.0.0.1
2026-08-12 22:03:29,078 [INFO] daphne.server: Listening on TCP address 127.0.0.1:8000
2026-08-12 22:03:31,562 [INFO] django.utils.autoreload: C:\Users\Mictovic\projects\tutor_platform\tutor_platform\payment\views.py changed, reloading.
2026-08-12 22:03:33,741 [INFO] django.utils.autoreload: Watching for file changes with StatReloader
2026-08-12 22:03:36,547 [INFO] daphne.server: HTTP/2 support not enabled (install the http2 and tls Twisted extras)
2026-08-12 22:03:36,547 [INFO] daphne.server: Configuring endpoint tcp:port=8000:interface=127.0.0.1
2026-08-12 22:03:36,547 [INFO] daphne.server: Listening on TCP address 127.0.0.1:8000
2026-08-12 22:03:47,444 [INFO] django.utils.autoreload: C:\Users\Mictovic\projects\tutor_platform\tutor_platform\payment\views.py changed, reloading.
2026-08-12 22:03:49,598 [INFO] django.utils.autoreload: Watching for file changes with StatReloader
2026-08-12 22:03:52,270 [INFO] daphne.server: HTTP/2 support not enabled (install the http2 and tls Twisted extras)
2026-08-12 22:03:52,270 [INFO] daphne.server: Configuring endpoint tcp:port=8000:interface=127.0.0.1
2026-08-12 22:03:52,271 [INFO] daphne.server: Listening on TCP address 127.0.0.1:8000
2026-08-12 22:03:58,067 [WARNING] django.channels.server: [31;1mHTTP POST /api/v1/payment/initiate/9/booking/ 405 [2.21, 127.0.0.1:64073][0m
2026-08-12 22:04:06,175 [ERROR] django.channels.server: [35;1mHTTP GET /api/v1/payment/initiate/9/booking/ 500 [4.53, 127.0.0.1:64073][0m
2026-08-12 22:05:15,009 [INFO] django.utils.autoreload: C:\Users\Mictovic\projects\tutor_platform\tutor_platform\payment\services.py changed, reloading.
2026-08-12 22:05:23,367 [INFO] django.utils.autoreload: Watching for file changes with StatReloader
2026-08-12 22:05:29,654 [INFO] django.utils.autoreload: C:\Users\Mictovic\projects\tutor_platform\tutor_platform\payment\services.py changed, reloading.
2026-08-12 22:05:32,578 [INFO] django.utils.autoreload: Watching for file changes with StatReloader
2026-08-12 22:05:37,584 [INFO] django.utils.autoreload: C:\Users\Mictovic\projects\tutor_platform\tutor_platform\payment\services.py changed, reloading.
2026-08-12 22:05:39,816 [INFO] django.utils.autoreload: Watching for file changes with StatReloader
2026-08-12 22:05:41,685 [INFO] django.utils.autoreload: C:\Users\Mictovic\projects\tutor_platform\tutor_platform\payment\services.py changed, reloading.
2026-08-12 22:05:44,314 [INFO] django.utils.autoreload: Watching for file changes with StatReloader
2026-08-12 22:05:53,546 [INFO] django.utils.autoreload: C:\Users\Mictovic\projects\tutor_platform\tutor_platform\payment\services.py changed, reloading.
2026-08-12 22:05:55,294 [INFO] django.utils.autoreload: Watching for file changes with StatReloader
2026-08-12 22:06:01,244 [INFO] django.utils.autoreload: C:\Users\Mictovic\projects\tutor_platform\tutor_platform\payment\services.py changed, reloading.
2026-08-12 22:06:03,973 [INFO] django.utils.autoreload: Watching for file changes with StatReloader
2026-08-12 22:06:07,142 [INFO] daphne.server: HTTP/2 support not enabled (install the http2 and tls Twisted extras)
2026-08-12 22:06:07,142 [INFO] daphne.server: Configuring endpoint tcp:port=8000:interface=127.0.0.1
2026-08-12 22:06:07,142 [INFO] daphne.server: Listening on TCP address 127.0.0.1:8000
2026-08-12 22:06:08,294 [INFO] django.utils.autoreload: C:\Users\Mictovic\projects\tutor_platform\tutor_platform\payment\services.py changed, reloading.
2026-08-12 22:06:10,728 [INFO] django.utils.autoreload: Watching for file changes with StatReloader
2026-08-12 22:06:13,432 [INFO] daphne.server: HTTP/2 support not enabled (install the http2 and tls Twisted extras)
2026-08-12 22:06:13,432 [INFO] daphne.server: Configuring endpoint tcp:port=8000:interface=127.0.0.1
2026-08-12 22:06:13,433 [INFO] daphne.server: Listening on TCP address 127.0.0.1:8000
2026-08-12 22:06:15,796 [INFO] django.utils.autoreload: C:\Users\Mictovic\projects\tutor_platform\tutor_platform\payment\services.py changed, reloading.
2026-08-12 22:06:17,585 [INFO] django.utils.autoreload: Watching for file changes with StatReloader
2026-08-12 22:06:20,219 [INFO] daphne.server: HTTP/2 support not enabled (install the http2 and tls Twisted extras)
2026-08-12 22:06:20,219 [INFO] daphne.server: Configuring endpoint tcp:port=8000:interface=127.0.0.1
2026-08-12 22:06:20,220 [INFO] daphne.server: Listening on TCP address 127.0.0.1:8000
2026-08-12 22:06:25,541 [INFO] django.utils.autoreload: C:\Users\Mictovic\projects\tutor_platform\tutor_platform\payment\services.py changed, reloading.
2026-08-12 22:06:27,152 [INFO] django.utils.autoreload: Watching for file changes with StatReloader
2026-08-12 22:06:32,078 [INFO] django.utils.autoreload: C:\Users\Mictovic\projects\tutor_platform\tutor_platform\payment\services.py changed, reloading.
2026-08-12 22:06:33,940 [INFO] django.utils.autoreload: Watching for file changes with StatReloader
2026-08-12 22:06:36,588 [INFO] daphne.server: HTTP/2 support not enabled (install the http2 and tls Twisted extras)
2026-08-12 22:06:36,588 [INFO] daphne.server: Configuring endpoint tcp:port=8000:interface=127.0.0.1
2026-08-12 22:06:36,591 [INFO] daphne.server: Listening on TCP address 127.0.0.1:8000
2026-08-12 22:06:48,353 [INFO] django.utils.autoreload: C:\Users\Mictovic\projects\tutor_platform\tutor_platform\payment\services.py changed, reloading.
2026-08-12 22:06:51,041 [INFO] django.utils.autoreload: Watching for file changes with StatReloader
2026-08-12 22:06:53,616 [INFO] django.utils.autoreload: C:\Users\Mictovic\projects\tutor_platform\tutor_platform\payment\services.py changed, reloading.
2026-08-12 22:06:55,388 [INFO] django.utils.autoreload: Watching for file changes with StatReloader
2026-08-12 22:06:58,162 [INFO] daphne.server: HTTP/2 support not enabled (install the http2 and tls Twisted extras)
2026-08-12 22:06:58,162 [INFO] daphne.server: Configuring endpoint tcp:port=8000:interface=127.0.0.1
2026-08-12 22:06:58,163 [INFO] daphne.server: Listening on TCP address 127.0.0.1:8000
2026-08-12 22:07:00,453 [INFO] django.utils.autoreload: C:\Users\Mictovic\projects\tutor_platform\tutor_platform\payment\services.py changed, reloading.
2026-08-12 22:07:03,439 [INFO] django.utils.autoreload: Watching for file changes with StatReloader
2026-08-12 22:07:06,503 [INFO] daphne.server: HTTP/2 support not enabled (install the http2 and tls Twisted extras)
2026-08-12 22:07:06,503 [INFO] daphne.server: Configuring endpoint tcp:port=8000:interface=127.0.0.1
2026-08-12 22:07:06,504 [INFO] daphne.server: Listening on TCP address 127.0.0.1:8000
2026-08-12 22:07:11,326 [INFO] django.utils.autoreload: C:\Users\Mictovic\projects\tutor_platform\tutor_platform\payment\services.py changed, reloading.
2026-08-12 22:07:14,523 [INFO] django.utils.autoreload: Watching for file changes with StatReloader
2026-08-12 22:07:18,097 [INFO] django.utils.autoreload: C:\Users\Mictovic\projects\tutor_platform\tutor_platform\payment\services.py changed, reloading.
2026-08-12 22:07:21,085 [INFO] django.utils.autoreload: Watching for file changes with StatReloader
2026-08-12 22:07:25,233 [INFO] django.utils.autoreload: C:\Users\Mictovic\projects\tutor_platform\tutor_platform\payment\services.py changed, reloading.
2026-08-12 22:07:27,502 [INFO] django.utils.autoreload: Watching for file changes with StatReloader
2026-08-12 22:07:32,595 [INFO] django.utils.autoreload: C:\Users\Mictovic\projects\tutor_platform\tutor_platform\payment\services.py changed, reloading.
2026-08-12 22:07:34,797 [INFO] django.utils.autoreload: Watching for file changes with StatReloader
2026-08-12 22:07:37,881 [INFO] daphne.server: HTTP/2 support not enabled (install the http2 and tls Twisted extras)
2026-08-12 22:07:37,889 [INFO] daphne.server: Configuring endpoint tcp:port=8000:interface=127.0.0.1
2026-08-12 22:07:37,895 [INFO] daphne.server: Listening on TCP address 127.0.0.1:8000
2026-08-12 22:07:42,885 [INFO] django.utils.autoreload: C:\Users\Mictovic\projects\tutor_platform\tutor_platform\payment\services.py changed, reloading.
2026-08-12 22:07:44,834 [INFO] django.utils.autoreload: Watching for file changes with StatReloader
2026-08-12 22:07:47,610 [INFO] daphne.server: HTTP/2 support not enabled (install the http2 and tls Twisted extras)
2026-08-12 22:07:47,610 [INFO] daphne.server: Configuring endpoint tcp:port=8000:interface=127.0.0.1
2026-08-12 22:07:47,610 [INFO] daphne.server: Listening on TCP address 127.0.0.1:8000
2026-08-12 22:08:02,854 [INFO] django.utils.autoreload: C:\Users\Mictovic\projects\tutor_platform\tutor_platform\payment\services.py changed, reloading.
2026-08-12 22:08:05,167 [INFO] django.utils.autoreload: Watching for file changes with StatReloader
2026-08-12 22:08:07,825 [INFO] daphne.server: HTTP/2 support not enabled (install the http2 and tls Twisted extras)
2026-08-12 22:08:07,825 [INFO] daphne.server: Configuring endpoint tcp:port=8000:interface=127.0.0.1
2026-08-12 22:08:07,825 [INFO] daphne.server: Listening on TCP address 127.0.0.1:8000
2026-08-12 22:08:08,817 [INFO] django.utils.autoreload: C:\Users\Mictovic\projects\tutor_platform\tutor_platform\payment\services.py changed, reloading.
2026-08-12 22:08:11,253 [INFO] django.utils.autoreload: Watching for file changes with StatReloader
2026-08-12 22:08:14,084 [INFO] daphne.server: HTTP/2 support not enabled (install the http2 and tls Twisted extras)
2026-08-12 22:08:14,084 [INFO] daphne.server: Configuring endpoint tcp:port=8000:interface=127.0.0.1
2026-08-12 22:08:14,087 [INFO] daphne.server: Listening on TCP address 127.0.0.1:8000
2026-08-12 22:08:15,497 [INFO] django.utils.autoreload: C:\Users\Mictovic\projects\tutor_platform\tutor_platform\payment\services.py changed, reloading.
2026-08-12 22:08:19,026 [INFO] django.utils.autoreload: Watching for file changes with StatReloader
2026-08-12 22:08:21,653 [INFO] django.utils.autoreload: C:\Users\Mictovic\projects\tutor_platform\tutor_platform\payment\services.py changed, reloading.
2026-08-12 22:08:24,114 [INFO] django.utils.autoreload: Watching for file changes with StatReloader
2026-08-12 22:08:26,478 [INFO] django.utils.autoreload: C:\Users\Mictovic\projects\tutor_platform\tutor_platform\payment\services.py changed, reloading.
2026-08-12 22:08:28,334 [INFO] django.utils.autoreload: Watching for file changes with StatReloader
2026-08-12 22:08:31,102 [INFO] daphne.server: HTTP/2 support not enabled (install the http2 and tls Twisted extras)
2026-08-12 22:08:31,102 [INFO] daphne.server: Configuring endpoint tcp:port=8000:interface=127.0.0.1
2026-08-12 22:08:31,103 [INFO] daphne.server: Listening on TCP address 127.0.0.1:8000
2026-08-12 22:08:50,402 [INFO] django.utils.autoreload: C:\Users\Mictovic\projects\tutor_platform\tutor_platform\payment\services.py changed, reloading.
2026-08-12 22:08:53,247 [INFO] django.utils.autoreload: Watching for file changes with StatReloader
2026-08-12 22:08:56,043 [INFO] daphne.server: HTTP/2 support not enabled (install the http2 and tls Twisted extras)
2026-08-12 22:08:56,048 [INFO] daphne.server: Configuring endpoint tcp:port=8000:interface=127.0.0.1
2026-08-12 22:08:56,048 [INFO] daphne.server: Listening on TCP address 127.0.0.1:8000
2026-08-12 22:09:05,306 [INFO] django.utils.autoreload: C:\Users\Mictovic\projects\tutor_platform\tutor_platform\payment\services.py changed, reloading.
2026-08-12 22:09:09,068 [INFO] django.utils.autoreload: Watching for file changes with StatReloader
2026-08-12 22:09:11,112 [INFO] django.utils.autoreload: C:\Users\Mictovic\projects\tutor_platform\tutor_platform\payment\services.py changed, reloading.
2026-08-12 22:09:14,159 [INFO] django.utils.autoreload: Watching for file changes with StatReloader
2026-08-12 22:09:17,139 [INFO] daphne.server: HTTP/2 support not enabled (install the http2 and tls Twisted extras)
2026-08-12 22:09:17,139 [INFO] daphne.server: Configuring endpoint tcp:port=8000:interface=127.0.0.1
2026-08-12 22:09:17,141 [INFO] daphne.server: Listening on TCP address 127.0.0.1:8000
2026-08-12 22:09:27,588 [INFO] django.utils.autoreload: C:\Users\Mictovic\projects\tutor_platform\tutor_platform\payment\services.py changed, reloading.
2026-08-12 22:09:29,703 [INFO] django.utils.autoreload: Watching for file changes with StatReloader
2026-08-12 22:09:32,392 [INFO] daphne.server: HTTP/2 support not enabled (install the http2 and tls Twisted extras)
2026-08-12 22:09:32,392 [INFO] daphne.server: Configuring endpoint tcp:port=8000:interface=127.0.0.1
2026-08-12 22:09:32,394 [INFO] daphne.server: Listening on TCP address 127.0.0.1:8000
2026-08-12 22:09:43,225 [ERROR] django.channels.server: [35;1mHTTP GET /api/v1/payment/initiate/9/booking/ 500 [6.23, 127.0.0.1:57754][0m
2026-08-12 22:09:56,786 [INFO] django.utils.autoreload: C:\Users\Mictovic\projects\tutor_platform\tutor_platform\payment\services.py changed, reloading.
2026-08-12 22:09:58,539 [INFO] django.utils.autoreload: Watching for file changes with StatReloader
2026-08-12 22:10:00,656 [INFO] django.utils.autoreload: C:\Users\Mictovic\projects\tutor_platform\tutor_platform\payment\services.py changed, reloading.
2026-08-12 22:10:02,869 [INFO] django.utils.autoreload: Watching for file changes with StatReloader
2026-08-12 22:10:05,530 [INFO] daphne.server: HTTP/2 support not enabled (install the http2 and tls Twisted extras)
2026-08-12 22:10:05,530 [INFO] daphne.server: Configuring endpoint tcp:port=8000:interface=127.0.0.1
2026-08-12 22:10:05,532 [INFO] daphne.server: Listening on TCP address 127.0.0.1:8000
2026-08-12 22:10:39,585 [INFO] django.utils.autoreload: C:\Users\Mictovic\projects\tutor_platform\tutor_platform\payment\services.py changed, reloading.
2026-08-12 22:10:43,774 [INFO] django.utils.autoreload: Watching for file changes with StatReloader
2026-08-12 22:10:46,422 [INFO] django.utils.autoreload: C:\Users\Mictovic\projects\tutor_platform\tutor_platform\payment\services.py changed, reloading.
2026-08-12 22:10:48,327 [INFO] django.utils.autoreload: Watching for file changes with StatReloader
2026-08-12 22:10:51,037 [INFO] daphne.server: HTTP/2 support not enabled (install the http2 and tls Twisted extras)
2026-08-12 22:10:51,037 [INFO] daphne.server: Configuring endpoint tcp:port=8000:interface=127.0.0.1
2026-08-12 22:10:51,037 [INFO] daphne.server: Listening on TCP address 127.0.0.1:8000
2026-08-12 22:11:31,948 [INFO] django.utils.autoreload: C:\Users\Mictovic\projects\tutor_platform\tutor_platform\payment\services.py changed, reloading.
2026-08-12 22:11:37,723 [INFO] django.utils.autoreload: Watching for file changes with StatReloader
2026-08-12 22:11:41,710 [INFO] daphne.server: HTTP/2 support not enabled (install the http2 and tls Twisted extras)
2026-08-12 22:11:41,710 [INFO] daphne.server: Configuring endpoint tcp:port=8000:interface=127.0.0.1
2026-08-12 22:11:41,710 [INFO] daphne.server: Listening on TCP address 127.0.0.1:8000
2026-08-12 22:11:55,575 [INFO] django.utils.autoreload: C:\Users\Mictovic\projects\tutor_platform\tutor_platform\payment\services.py changed, reloading.
2026-08-12 22:11:58,142 [INFO] django.utils.autoreload: Watching for file changes with StatReloader
2026-08-12 22:12:00,843 [INFO] daphne.server: HTTP/2 support not enabled (install the http2 and tls Twisted extras)
2026-08-12 22:12:00,843 [INFO] daphne.server: Configuring endpoint tcp:port=8000:interface=127.0.0.1
2026-08-12 22:12:00,850 [INFO] daphne.server: Listening on TCP address 127.0.0.1:8000
2026-08-12 22:13:26,673 [WARNING] django.channels.server: [33mHTTP POST /api/v1/booking 404 [0.04, 127.0.0.1:58351][0m
2026-08-12 22:13:31,880 [ERROR] django.channels.server: [35;1mHTTP POST /api/v1/bookings 500 [0.20, 127.0.0.1:58351][0m
2026-08-12 22:13:44,487 [WARNING] django.channels.server: [31;1mHTTP POST /api/v1/bookings/ 400 [2.23, 127.0.0.1:58351][0m
2026-08-12 22:14:37,370 [INFO] django.channels.server: [mHTTP GET /admin/bookings/booking/ 200 [3.65, 127.0.0.1:57292][0m
2026-08-12 22:14:45,718 [INFO] django.channels.server: [mHTTP GET /admin/tutors/availability/ 200 [2.24, 127.0.0.1:57292][0m
2026-08-12 22:14:48,178 [INFO] django.channels.server: [mHTTP GET /admin/jsi18n/ 200 [2.38, 127.0.0.1:57292][0m
2026-08-12 22:14:54,009 [INFO] django.channels.server: [mHTTP GET /admin/tutors/availability/35/change/ 200 [2.43, 127.0.0.1:57292][0m
2026-08-12 22:14:56,231 [INFO] django.channels.server: [mHTTP GET /admin/jsi18n/ 200 [2.14, 127.0.0.1:57292][0m
2026-08-12 22:15:11,642 [INFO] django.channels.server: [mHTTP GET /admin/tutors/tutorprofile/ 200 [2.23, 127.0.0.1:57292][0m
2026-08-12 22:15:11,991 [INFO] django.channels.server: [mHTTP GET /static/admin/img/icon-yes.svg 200 [0.30, 127.0.0.1:58138][0m
2026-08-12 22:15:13,870 [INFO] django.channels.server: [mHTTP GET /admin/jsi18n/ 200 [2.18, 127.0.0.1:57292][0m
2026-08-12 22:15:13,917 [INFO] django.channels.server: [mHTTP GET /static/admin/img/sorting-icons.svg 200 [0.02, 127.0.0.1:57292][0m
2026-08-12 22:15:18,235 [INFO] django.channels.server: [mHTTP GET /admin/tutors/tutorprofile/1/change/ 200 [2.54, 127.0.0.1:57292][0m
2026-08-12 22:15:18,484 [INFO] django.channels.server: [mHTTP GET /static/admin/js/inlines.js 200 [0.20, 127.0.0.1:58138][0m
2026-08-12 22:15:18,532 [INFO] django.channels.server: [mHTTP GET /static/admin/img/icon-unknown.svg 200 [0.03, 127.0.0.1:58138][0m
2026-08-12 22:15:20,506 [INFO] django.channels.server: [mHTTP GET /admin/jsi18n/ 200 [2.22, 127.0.0.1:57292][0m
2026-08-12 22:15:36,857 [WARNING] django.channels.server: [31;1mHTTP POST /api/v1/bookings/ 400 [2.14, 127.0.0.1:50162][0m
2026-08-12 22:15:53,346 [WARNING] django.channels.server: [31;1mHTTP POST /api/v1/bookings/ 400 [2.14, 127.0.0.1:50162][0m
2026-08-12 22:16:05,726 [INFO] django.channels.server: [mHTTP GET /admin/tutors/availability/ 200 [2.23, 127.0.0.1:57292][0m
2026-08-12 22:16:07,952 [INFO] django.channels.server: [mHTTP GET /admin/jsi18n/ 200 [2.17, 127.0.0.1:57292][0m
2026-08-12 22:16:11,648 [INFO] django.channels.server: [mHTTP GET /admin/tutors/tutorprofile/1/change/ 200 [2.50, 127.0.0.1:57292][0m
2026-08-12 22:16:19,592 [INFO] django.channels.server: [32mHTTP POST /admin/tutors/tutorprofile/1/change/ 302 [2.32, 127.0.0.1:57292][0m
2026-08-12 22:16:21,782 [INFO] django.channels.server: [mHTTP GET /admin/tutors/tutorprofile/ 200 [2.18, 127.0.0.1:57292][0m
2026-08-12 22:16:24,040 [INFO] django.channels.server: [mHTTP GET /admin/jsi18n/ 200 [2.21, 127.0.0.1:57292][0m
2026-08-12 22:16:30,975 [INFO] django.channels.server: [mHTTP POST /api/v1/bookings/ 201 [2.57, 127.0.0.1:50162][0m
2026-08-12 22:17:17,485 [WARNING] django.channels.server: [31;1mHTTP POST /api/v1/bookings/ 400 [2.13, 127.0.0.1:50162][0m
2026-08-12 22:17:39,128 [INFO] django.channels.server: [mHTTP GET /admin/tutors/tutorprofile/ 200 [2.19, 127.0.0.1:62368][0m
2026-08-12 22:17:41,343 [INFO] django.channels.server: [mHTTP GET /admin/jsi18n/ 200 [2.17, 127.0.0.1:62368][0m
2026-08-12 22:17:47,514 [INFO] django.channels.server: [mHTTP GET /admin/tutors/tutorprofile/1/change/ 200 [2.39, 127.0.0.1:62368][0m
2026-08-12 22:17:49,711 [INFO] django.channels.server: [mHTTP GET /admin/jsi18n/ 200 [2.15, 127.0.0.1:62368][0m
2026-08-12 22:17:58,692 [INFO] django.channels.server: [32mHTTP POST /admin/tutors/tutorprofile/1/change/ 302 [2.26, 127.0.0.1:62368][0m
2026-08-12 22:18:00,889 [INFO] django.channels.server: [mHTTP GET /admin/tutors/tutorprofile/ 200 [2.19, 127.0.0.1:62368][0m
2026-08-12 22:18:03,073 [INFO] django.channels.server: [mHTTP GET /admin/jsi18n/ 200 [2.14, 127.0.0.1:62368][0m
2026-08-12 22:18:07,832 [INFO] django.channels.server: [mHTTP POST /api/v1/bookings/ 201 [2.20, 127.0.0.1:50162][0m
2026-08-12 22:18:13,146 [INFO] django.channels.server: [mHTTP GET /admin/bookings/booking/ 200 [2.23, 127.0.0.1:62368][0m
2026-08-12 22:18:15,324 [INFO] django.channels.server: [mHTTP GET /admin/jsi18n/ 200 [2.13, 127.0.0.1:62368][0m
2026-08-12 22:18:27,784 [INFO] django.channels.server: [mHTTP GET /admin/bookings/booking/11/change/ 200 [2.30, 127.0.0.1:62368][0m
2026-08-12 22:18:29,954 [INFO] django.channels.server: [mHTTP GET /admin/jsi18n/ 200 [2.13, 127.0.0.1:62368][0m
2026-08-12 22:26:07,026 [WARNING] django.channels.server: [31;1mHTTP POST /api/v1/bookings/ 400 [2.28, 127.0.0.1:53350][0m
2026-08-12 22:26:38,979 [INFO] django.channels.server: [mHTTP GET /admin/tutors/tutorprofile/ 200 [2.25, 127.0.0.1:57717][0m
2026-08-12 22:26:41,217 [INFO] django.channels.server: [mHTTP GET /admin/jsi18n/ 200 [2.17, 127.0.0.1:57717][0m
2026-08-12 22:26:47,338 [INFO] django.channels.server: [mHTTP GET /admin/tutors/tutorprofile/1/change/ 200 [2.38, 127.0.0.1:57717][0m
2026-08-12 22:26:49,619 [INFO] django.channels.server: [mHTTP GET /admin/jsi18n/ 200 [2.21, 127.0.0.1:57717][0m
2026-08-12 22:26:57,437 [INFO] django.channels.server: [32mHTTP POST /admin/tutors/tutorprofile/1/change/ 302 [2.25, 127.0.0.1:57717][0m
2026-08-12 22:26:59,654 [INFO] django.channels.server: [mHTTP GET /admin/tutors/tutorprofile/ 200 [2.20, 127.0.0.1:57717][0m
2026-08-12 22:27:01,870 [INFO] django.channels.server: [mHTTP GET /admin/jsi18n/ 200 [2.16, 127.0.0.1:57717][0m
2026-08-12 22:27:08,545 [INFO] django.channels.server: [mHTTP POST /api/v1/bookings/ 201 [2.31, 127.0.0.1:53350][0m
2026-08-12 22:29:11,507 [INFO] django.utils.autoreload: C:\Users\Mictovic\projects\tutor_platform\tutor_platform\bookings\serializers.py changed, reloading.
2026-08-12 22:29:15,311 [INFO] django.utils.autoreload: Watching for file changes with StatReloader
2026-08-12 22:29:17,992 [INFO] daphne.server: HTTP/2 support not enabled (install the http2 and tls Twisted extras)
2026-08-12 22:29:17,992 [INFO] daphne.server: Configuring endpoint tcp:port=8000:interface=127.0.0.1
2026-08-12 22:29:17,994 [INFO] daphne.server: Listening on TCP address 127.0.0.1:8000
2026-08-12 23:03:02,957 [INFO] django.utils.autoreload: Watching for file changes with StatReloader
2026-08-12 23:03:05,978 [INFO] daphne.server: HTTP/2 support not enabled (install the http2 and tls Twisted extras)
2026-08-12 23:03:05,982 [INFO] daphne.server: Configuring endpoint tcp:port=8000:interface=127.0.0.1
2026-08-12 23:03:05,982 [INFO] daphne.server: Listening on TCP address 127.0.0.1:8000
2026-08-12 23:08:17,446 [INFO] django.utils.autoreload: C:\Users\Mictovic\projects\tutor_platform\tutor_platform\wallets\models.py changed, reloading.
2026-08-12 23:08:22,686 [INFO] django.utils.autoreload: Watching for file changes with StatReloader
2026-08-12 23:08:26,099 [INFO] daphne.server: HTTP/2 support not enabled (install the http2 and tls Twisted extras)
2026-08-12 23:08:26,099 [INFO] daphne.server: Configuring endpoint tcp:port=8000:interface=127.0.0.1
2026-08-12 23:08:26,104 [INFO] daphne.server: Listening on TCP address 127.0.0.1:8000
